Frequency (Hz)	Level (dB)
0.976562	-97.283897
1.953125	-96.934181
2.929688	-97.117203
3.906250	-95.615585
4.882812	-96.835808
5.859375	-95.183449
6.835938	-95.377121
7.812500	-94.370270
8.789062	-93.883820
9.765625	-93.565491
10.742188	-91.684586
11.718750	-91.038910
12.695312	-90.365974
13.671875	-92.295288
14.648438	-92.147705
15.625000	-91.991234
16.601562	-91.036560
17.578125	-90.726044
18.554688	-90.345200
19.531250	-90.459755
20.507812	-90.501030
21.484375	-89.103683
22.460938	-88.567444
23.437500	-87.449692
24.414062	-88.298065
25.390625	-88.154297
26.367188	-87.227036
27.343750	-88.503494
28.320312	-86.779251
29.296875	-87.606194
30.273438	-87.131371
31.250000	-86.798958
32.226562	-86.337173
33.203125	-87.173836
34.179688	-86.986778
35.156250	-86.490784
36.132812	-86.265984
37.109375	-85.931717
38.085938	-86.183083
39.062500	-86.987640
40.039062	-86.656906
41.015625	-86.182610
41.992188	-86.865036
42.968750	-85.399307
43.945312	-85.056992
44.921875	-86.244843
45.898438	-85.260727
46.875000	-84.343697
47.851562	-85.883766
48.828125	-83.458664
49.804688	-84.573189
50.781250	-85.434921
51.757812	-84.451309
52.734375	-84.172691
53.710938	-83.847603
54.687500	-83.203674
55.664062	-83.466942
56.640625	-82.830933
57.617188	-82.344383
58.593750	-81.520157
59.570312	-82.261261
60.546875	-82.885788
61.523438	-83.348564
62.500000	-82.253952
63.476562	-84.233215
64.453125	-84.514305
65.429688	-84.919220
66.406250	-84.645737
67.382812	-85.715607
68.359375	-86.215019
69.335938	-83.607018
70.312500	-82.561134
71.289062	-82.204613
72.265625	-83.280380
73.242188	-82.853683
74.218750	-82.589653
75.195312	-82.119492
76.171875	-80.175331
77.148438	-78.206337
78.125000	-80.814888
79.101562	-77.175926
80.078125	-74.934258
81.054688	-75.777977
82.031250	-78.728447
83.007812	-80.760658
83.984375	-79.330368
84.960938	-77.822884
85.937500	-76.380676
86.914062	-74.180534
87.890625	-75.961754
88.867188	-72.553093
89.843750	-78.318398
90.820312	-78.256706
91.796875	-77.864594
92.773438	-77.750732
93.750000	-74.253441
94.726562	-82.327171
95.703125	-80.925110
96.679688	-81.785034
97.656250	-81.309448
98.632812	-82.810837
99.609375	-83.572334
100.585938	-83.435257
101.562500	-83.332954
102.539062	-82.916428
103.515625	-82.753288
104.492188	-81.543808
105.468750	-83.586304
106.445312	-82.569214
107.421875	-81.877777
108.398438	-82.543816
109.375000	-83.453171
110.351562	-81.676239
111.328125	-82.572327
112.304688	-81.560883
113.281250	-80.796577
114.257812	-81.657562
115.234375	-79.725288
116.210938	-78.694633
117.187500	-75.716019
118.164062	-68.078453
119.140625	-65.091240
120.117188	-71.889328
121.093750	-72.756836
122.070312	-76.396828
123.046875	-78.690666
124.023438	-77.900742
125.000000	-77.826843
125.976562	-78.930962
126.953125	-78.249252
127.929688	-80.464622
128.906250	-80.730873
129.882812	-81.335732
130.859375	-80.164909
131.835938	-79.742798
132.812500	-79.570297
133.789062	-80.209473
134.765625	-81.529076
135.742188	-80.584587
136.718750	-81.157616
137.695312	-80.998100
138.671875	-80.742744
139.648438	-82.045853
140.625000	-82.547813
141.601562	-82.242249
142.578125	-82.190979
143.554688	-81.511528
144.531250	-80.899170
145.507812	-80.967354
146.484375	-82.195107
147.460938	-81.169777
148.437500	-81.499405
149.414062	-81.560730
150.390625	-82.911919
151.367188	-82.304688
152.343750	-81.671318
153.320312	-82.041756
154.296875	-81.149185
155.273438	-79.774490
156.250000	-81.886612
157.226562	-81.410950
158.203125	-82.204735
159.179688	-81.858734
160.156250	-81.441689
161.132812	-81.194649
162.109375	-80.657051
163.085938	-81.128273
164.062500	-80.158516
165.039062	-80.181374
166.015625	-80.480118
166.992188	-81.494804
167.968750	-81.021004
168.945312	-81.296082
169.921875	-80.814407
170.898438	-80.388016
171.875000	-79.525330
172.851562	-79.154350
173.828125	-79.144875
174.804688	-77.621597
175.781250	-80.646278
176.757812	-78.592957
177.734375	-79.168724
178.710938	-79.369339
179.687500	-78.740562
180.664062	-78.185333
181.640625	-79.225990
182.617188	-79.337898
183.593750	-78.113495
184.570312	-77.746918
185.546875	-78.581505
186.523438	-78.193344
187.500000	-78.186630
188.476562	-78.371140
189.453125	-78.192986
190.429688	-78.019753
191.406250	-76.709778
192.382812	-77.448433
193.359375	-77.455597
194.335938	-76.823700
195.312500	-76.184967
196.289062	-76.573738
197.265625	-76.226387
198.242188	-75.183571
199.218750	-75.386826
200.195312	-74.999870
201.171875	-77.356735
202.148438	-75.607094
203.125000	-74.662529
204.101562	-75.184120
205.078125	-74.706787
206.054688	-75.110550
207.031250	-74.111725
208.007812	-73.996330
208.984375	-73.914589
209.960938	-73.713852
210.937500	-74.923927
211.914062	-74.208282
212.890625	-73.847382
213.867188	-73.942406
214.843750	-73.528999
215.820312	-73.281792
216.796875	-73.347168
217.773438	-71.831078
218.750000	-72.340858
219.726562	-71.602516
220.703125	-71.368561
221.679688	-71.349648
222.656250	-71.641296
223.632812	-70.799973
224.609375	-70.030746
225.585938	-69.419899
226.562500	-69.916466
227.539062	-68.859146
228.515625	-69.795273
229.492188	-68.355736
230.468750	-69.147957
231.445312	-68.918182
232.421875	-69.024071
233.398438	-67.128349
234.375000	-66.905304
235.351562	-67.257210
236.328125	-66.674797
237.304688	-64.897308
238.281250	-66.400566
239.257812	-66.526733
240.234375	-64.972862
241.210938	-63.269474
242.187500	-64.347855
243.164062	-63.427879
244.140625	-63.143196
245.117188	-63.049095
246.093750	-64.212303
247.070312	-63.331825
248.046875	-64.269493
249.023438	-62.188114
250.000000	-62.457882
250.976562	-62.182297
251.953125	-62.989460
252.929688	-63.105663
253.906250	-63.444126
254.882812	-64.142929
255.859375	-64.560837
256.835938	-62.645306
257.812500	-64.484489
258.789062	-65.265541
259.765625	-64.967491
260.742188	-65.312729
261.718750	-65.703316
262.695312	-66.657028
263.671875	-65.587181
264.648438	-67.668098
265.625000	-66.392418
266.601562	-66.837143
267.578125	-66.967888
268.554688	-67.137787
269.531250	-66.759972
270.507812	-67.179207
271.484375	-67.451935
272.460938	-68.267288
273.437500	-68.909050
274.414062	-69.606873
275.390625	-69.645348
276.367188	-69.756912
277.343750	-70.069931
278.320312	-69.678558
279.296875	-69.566322
280.273438	-70.303810
281.250000	-72.675270
282.226562	-71.498520
283.203125	-71.506142
284.179688	-70.479279
285.156250	-71.546715
286.132812	-71.512741
287.109375	-72.498909
288.085938	-71.438126
289.062500	-73.026215
290.039062	-71.553734
291.015625	-72.001732
291.992188	-74.570435
292.968750	-74.458557
293.945312	-72.640327
294.921875	-74.250671
295.898438	-74.447968
296.875000	-74.047760
297.851562	-73.025742
298.828125	-73.981087
299.804688	-72.717323
300.781250	-72.288528
301.757812	-74.134102
302.734375	-72.686386
303.710938	-73.954933
304.687500	-75.222755
305.664062	-74.003441
306.640625	-74.841438
307.617188	-73.819206
308.593750	-73.699318
309.570312	-74.616684
310.546875	-77.311043
311.523438	-74.964523
312.500000	-74.461876
313.476562	-75.557037
314.453125	-73.987587
315.429688	-74.087776
316.406250	-76.089607
317.382812	-76.225792
318.359375	-75.047340
319.335938	-75.681694
320.312500	-75.010414
321.289062	-75.889030
322.265625	-76.372787
323.242188	-75.565010
324.218750	-74.477150
325.195312	-75.631294
326.171875	-75.274208
327.148438	-73.923172
328.125000	-75.478630
329.101562	-76.857895
330.078125	-76.093178
331.054688	-75.777611
332.031250	-75.904213
333.007812	-75.440636
333.984375	-76.520065
334.960938	-75.887917
335.937500	-76.316414
336.914062	-75.062210
337.890625	-76.760216
338.867188	-76.256645
339.843750	-75.352432
340.820312	-76.439018
341.796875	-75.723053
342.773438	-76.258789
343.750000	-76.437302
344.726562	-76.076164
345.703125	-77.360069
346.679688	-76.733009
347.656250	-76.768799
348.632812	-77.997116
349.609375	-76.107971
350.585938	-76.615532
351.562500	-75.783928
352.539062	-75.731300
353.515625	-76.237320
354.492188	-75.915298
355.468750	-75.144852
356.445312	-76.790527
357.421875	-76.921448
358.398438	-75.964714
359.375000	-77.066963
360.351562	-77.399506
361.328125	-77.096924
362.304688	-75.717964
363.281250	-76.473900
364.257812	-76.610802
365.234375	-76.922646
366.210938	-76.242332
367.187500	-75.469124
368.164062	-77.162933
369.140625	-76.328209
370.117188	-76.429535
371.093750	-75.879494
372.070312	-77.038872
373.046875	-76.057831
374.023438	-76.569633
375.000000	-75.852928
375.976562	-75.494072
376.953125	-76.392029
377.929688	-76.491928
378.906250	-77.682274
379.882812	-76.536697
380.859375	-76.908562
381.835938	-76.283936
382.812500	-76.903046
383.789062	-76.799828
384.765625	-75.321175
385.742188	-75.870110
386.718750	-75.916206
387.695312	-75.308197
388.671875	-76.509514
389.648438	-76.371025
390.625000	-77.220284
391.601562	-75.635979
392.578125	-77.468758
393.554688	-76.994736
394.531250	-74.146393
395.507812	-76.746941
396.484375	-76.413788
397.460938	-75.082687
398.437500	-75.541733
399.414062	-76.169998
400.390625	-76.715721
401.367188	-76.495239
402.343750	-75.776680
403.320312	-75.075928
404.296875	-75.113785
405.273438	-75.156807
406.250000	-75.410988
407.226562	-74.819244
408.203125	-75.180534
409.179688	-74.021294
410.156250	-75.689194
411.132812	-73.664497
412.109375	-74.531937
413.085938	-75.383804
414.062500	-73.563278
415.039062	-74.046417
416.015625	-75.378601
416.992188	-73.042770
417.968750	-73.460464
418.945312	-74.324013
419.921875	-75.565720
420.898438	-75.395836
421.875000	-75.330833
422.851562	-74.758499
423.828125	-74.200203
424.804688	-74.753891
425.781250	-74.011353
426.757812	-73.536613
427.734375	-73.317093
428.710938	-74.406563
429.687500	-72.494995
430.664062	-74.841675
431.640625	-73.309181
432.617188	-72.427788
433.593750	-73.411942
434.570312	-73.698776
435.546875	-73.154373
436.523438	-74.636345
437.500000	-72.834099
438.476562	-72.201912
439.453125	-72.865265
440.429688	-73.151382
441.406250	-72.875221
442.382812	-73.272392
443.359375	-72.653084
444.335938	-72.392303
445.312500	-72.238518
446.289062	-71.109398
447.265625	-71.913872
448.242188	-71.533348
449.218750	-71.078529
450.195312	-71.659805
451.171875	-70.759804
452.148438	-70.984886
453.125000	-71.840767
454.101562	-71.185875
455.078125	-71.344238
456.054688	-71.749245
457.031250	-70.538246
458.007812	-71.111656
458.984375	-71.505180
459.960938	-69.262733
460.937500	-70.806885
461.914062	-69.622086
462.890625	-69.452377
463.867188	-70.073883
464.843750	-71.110771
465.820312	-69.430183
466.796875	-70.649567
467.773438	-70.166176
468.750000	-69.625031
469.726562	-69.182594
470.703125	-68.980576
471.679688	-67.380112
472.656250	-67.905029
473.632812	-69.068779
474.609375	-69.090767
475.585938	-67.794250
476.562500	-67.735970
477.539062	-66.987831
478.515625	-67.822342
479.492188	-67.961418
480.468750	-67.399406
481.445312	-67.833282
482.421875	-68.013092
483.398438	-65.584145
484.375000	-67.456039
485.351562	-67.782150
486.328125	-66.188301
487.304688	-65.050392
488.281250	-65.930099
489.257812	-65.809242
490.234375	-66.557152
491.210938	-65.218903
492.187500	-64.524933
493.164062	-64.404968
494.140625	-64.195656
495.117188	-64.351723
496.093750	-64.053894
497.070312	-63.638573
498.046875	-63.290188
499.023438	-62.468365
500.000000	-62.914909
500.976562	-63.957012
501.953125	-62.671177
502.929688	-62.173615
503.906250	-63.285458
504.882812	-61.946621
505.859375	-61.306183
506.835938	-61.897335
507.812500	-62.331676
508.789062	-62.919277
509.765625	-61.857456
510.742188	-62.226433
511.718750	-61.995823
512.695312	-63.980690
513.671875	-63.796181
514.648438	-62.927952
515.625000	-61.453781
516.601562	-62.877232
517.578125	-63.207439
518.554688	-63.433392
519.531250	-63.965828
520.507812	-63.299900
521.484375	-62.907146
522.460938	-62.895168
523.437500	-65.038864
524.414062	-63.946686
525.390625	-65.013245
526.367188	-64.638329
527.343750	-65.586372
528.320312	-66.608757
529.296875	-64.992485
530.273438	-64.373146
531.250000	-65.604965
532.226562	-64.851379
533.203125	-65.322380
534.179688	-66.931129
535.156250	-67.150177
536.132812	-66.445580
537.109375	-66.380424
538.085938	-66.062668
539.062500	-66.351654
540.039062	-67.194412
541.015625	-66.132233
541.992188	-67.452225
542.968750	-68.003006
543.945312	-68.145851
544.921875	-69.051239
545.898438	-67.791550
546.875000	-67.553467
547.851562	-66.258759
548.828125	-68.824883
549.804688	-69.489471
550.781250	-68.894798
551.757812	-68.562927
552.734375	-68.264168
553.710938	-69.533890
554.687500	-68.611313
555.664062	-68.339203
556.640625	-68.389114
557.617188	-69.381355
558.593750	-69.427040
559.570312	-68.304016
560.546875	-69.494835
561.523438	-69.135124
562.500000	-70.971786
563.476562	-69.644371
564.453125	-70.089310
565.429688	-68.781334
566.406250	-70.765465
567.382812	-71.489929
568.359375	-69.525749
569.335938	-70.607796
570.312500	-70.383934
571.289062	-70.695969
572.265625	-69.566963
573.242188	-70.182724
574.218750	-70.605865
575.195312	-70.913704
576.171875	-71.004532
577.148438	-70.269020
578.125000	-71.006180
579.101562	-72.382347
580.078125	-70.904945
581.054688	-71.255821
582.031250	-71.742691
583.007812	-70.648483
583.984375	-70.310577
584.960938	-70.820518
585.937500	-70.598305
586.914062	-70.964493
587.890625	-70.931526
588.867188	-71.287292
589.843750	-72.200180
590.820312	-71.596451
591.796875	-71.259644
592.773438	-72.041809
593.750000	-71.928749
594.726562	-72.098495
595.703125	-71.431702
596.679688	-72.696213
597.656250	-70.944183
598.632812	-71.235893
599.609375	-71.395844
600.585938	-71.953941
601.562500	-73.013199
602.539062	-72.836594
603.515625	-73.605026
604.492188	-72.937309
605.468750	-73.108749
606.445312	-71.628807
607.421875	-72.037712
608.398438	-72.558838
609.375000	-71.910515
610.351562	-72.078789
611.328125	-72.841721
612.304688	-71.554443
613.281250	-71.643745
614.257812	-71.828247
615.234375	-71.861809
616.210938	-71.462662
617.187500	-72.459412
618.164062	-72.271477
619.140625	-71.188538
620.117188	-72.738480
621.093750	-71.776451
622.070312	-72.249825
623.046875	-72.609413
624.023438	-72.982338
625.000000	-71.701447
625.976562	-71.977715
626.953125	-71.698372
627.929688	-71.934471
628.906250	-73.232208
629.882812	-72.513237
630.859375	-72.155861
631.835938	-72.880989
632.812500	-72.528229
633.789062	-72.553856
634.765625	-71.899643
635.742188	-72.481567
636.718750	-71.859055
637.695312	-73.043816
638.671875	-73.466324
639.648438	-72.918251
640.625000	-72.229103
641.601562	-74.216858
642.578125	-72.092377
643.554688	-72.189758
644.531250	-72.922234
645.507812	-71.024864
646.484375	-71.964638
647.460938	-72.165260
648.437500	-70.766441
649.414062	-73.186714
650.390625	-72.531746
651.367188	-73.352501
652.343750	-72.279083
653.320312	-72.755478
654.296875	-71.093948
655.273438	-72.441620
656.250000	-71.744728
657.226562	-71.882164
658.203125	-71.104385
659.179688	-70.726265
660.156250	-72.287582
661.132812	-71.161835
662.109375	-71.058159
663.085938	-72.421097
664.062500	-71.255981
665.039062	-70.567825
666.015625	-71.492058
666.992188	-70.836571
667.968750	-71.381042
668.945312	-71.209106
669.921875	-71.651390
670.898438	-71.767082
671.875000	-70.973282
672.851562	-69.731422
673.828125	-71.228943
674.804688	-71.028824
675.781250	-71.226410
676.757812	-72.131218
677.734375	-70.663857
678.710938	-69.239281
679.687500	-71.435547
680.664062	-71.595055
681.640625	-71.126122
682.617188	-69.135902
683.593750	-70.089394
684.570312	-69.837387
685.546875	-69.508614
686.523438	-71.238762
687.500000	-69.327812
688.476562	-68.097275
689.453125	-69.176399
690.429688	-69.751503
691.406250	-68.943504
692.382812	-69.836250
693.359375	-69.808952
694.335938	-70.757439
695.312500	-67.950935
696.289062	-66.640091
697.265625	-67.893791
698.242188	-68.436646
699.218750	-69.797806
700.195312	-67.766968
701.171875	-70.316368
702.148438	-68.790451
703.125000	-67.213615
704.101562	-67.678909
705.078125	-67.553085
706.054688	-67.237289
707.031250	-67.520088
708.007812	-66.183685
708.984375	-66.561806
709.960938	-67.443115
710.937500	-68.523438
711.914062	-67.060013
712.890625	-65.700150
713.867188	-66.388145
714.843750	-66.958176
715.820312	-67.261833
716.796875	-66.555595
717.773438	-66.053627
718.750000	-65.280617
719.726562	-64.733269
720.703125	-64.494202
721.679688	-64.824387
722.656250	-64.917374
723.632812	-64.378334
724.609375	-66.867592
725.585938	-64.491364
726.562500	-63.791275
727.539062	-65.182297
728.515625	-63.011040
729.492188	-64.946304
730.468750	-65.507256
731.445312	-62.615646
732.421875	-64.674095
733.398438	-64.065094
734.375000	-63.538239
735.351562	-63.756168
736.328125	-62.678909
737.304688	-63.420353
738.281250	-62.983593
739.257812	-62.990284
740.234375	-63.207008
741.210938	-63.710163
742.187500	-64.178680
743.164062	-63.952427
744.140625	-62.636105
745.117188	-61.735096
746.093750	-63.091976
747.070312	-63.309860
748.046875	-61.805412
749.023438	-61.900326
750.000000	-63.143063
750.976562	-61.690914
751.953125	-61.992538
752.929688	-61.804901
753.906250	-62.810699
754.882812	-62.764370
755.859375	-64.106377
756.835938	-63.649189
757.812500	-61.849098
758.789062	-62.482796
759.765625	-61.848328
760.742188	-61.924625
761.718750	-64.085358
762.695312	-63.152760
763.671875	-62.704731
764.648438	-61.444714
765.625000	-62.944687
766.601562	-62.099606
767.578125	-62.810284
768.554688	-61.726646
769.531250	-63.697281
770.507812	-63.942608
771.484375	-62.927422
772.460938	-63.800480
773.437500	-63.819912
774.414062	-64.277367
775.390625	-63.448959
776.367188	-63.656433
777.343750	-63.474674
778.320312	-63.533401
779.296875	-63.327045
780.273438	-63.925522
781.250000	-63.081051
782.226562	-63.635906
783.203125	-63.947227
784.179688	-63.670002
785.156250	-63.658085
786.132812	-63.607376
787.109375	-65.661987
788.085938	-65.407249
789.062500	-64.867973
790.039062	-64.295364
791.015625	-64.174622
791.992188	-63.828594
792.968750	-64.570282
793.945312	-63.837585
794.921875	-64.091293
795.898438	-64.902481
796.875000	-64.736504
797.851562	-64.698219
798.828125	-64.682091
799.804688	-63.675976
800.781250	-66.164841
801.757812	-64.996902
802.734375	-64.826584
803.710938	-64.792198
804.687500	-64.823341
805.664062	-65.021301
806.640625	-65.802292
807.617188	-65.187981
808.593750	-64.605003
809.570312	-65.038399
810.546875	-66.136322
811.523438	-66.374260
812.500000	-66.008224
813.476562	-65.880791
814.453125	-65.831947
815.429688	-66.029961
816.406250	-66.319870
817.382812	-66.838867
818.359375	-67.328606
819.335938	-66.547066
820.312500	-65.834953
821.289062	-66.639397
822.265625	-67.957100
823.242188	-67.769409
824.218750	-67.438225
825.195312	-66.803612
826.171875	-66.669037
827.148438	-66.976448
828.125000	-67.637222
829.101562	-67.716797
830.078125	-67.013786
831.054688	-67.344482
832.031250	-67.911537
833.007812	-65.835709
833.984375	-68.908951
834.960938	-68.109627
835.937500	-68.169685
836.914062	-68.791901
837.890625	-67.592743
838.867188	-68.118645
839.843750	-67.666542
840.820312	-68.083527
841.796875	-67.935463
842.773438	-67.833450
843.750000	-68.670670
844.726562	-68.427727
845.703125	-67.347557
846.679688	-68.030365
847.656250	-68.274094
848.632812	-68.449951
849.609375	-69.180771
850.585938	-68.185905
851.562500	-69.018570
852.539062	-69.866096
853.515625	-68.559311
854.492188	-68.039162
855.468750	-69.015305
856.445312	-69.737137
857.421875	-68.779221
858.398438	-70.043190
859.375000	-69.124817
860.351562	-70.415054
861.328125	-69.094177
862.304688	-70.249916
863.281250	-70.898766
864.257812	-69.679672
865.234375	-68.706268
866.210938	-68.035194
867.187500	-68.774811
868.164062	-68.448021
869.140625	-69.353157
870.117188	-69.526634
871.093750	-69.895073
872.070312	-68.330849
873.046875	-68.794121
874.023438	-70.465088
875.000000	-69.777687
875.976562	-69.206673
876.953125	-69.810150
877.929688	-68.030960
878.906250	-69.414848
879.882812	-69.467560
880.859375	-69.499207
881.835938	-70.110794
882.812500	-69.423325
883.789062	-69.639328
884.765625	-69.100502
885.742188	-68.579269
886.718750	-68.814850
887.695312	-68.939301
888.671875	-68.909050
889.648438	-68.886032
890.625000	-68.903419
891.601562	-69.862091
892.578125	-69.351135
893.554688	-68.927101
894.531250	-69.758583
895.507812	-68.790977
896.484375	-69.646141
897.460938	-69.557716
898.437500	-68.587067
899.414062	-69.357979
900.390625	-68.278893
901.367188	-68.503288
902.343750	-67.886948
903.320312	-68.847549
904.296875	-68.363380
905.273438	-68.099152
906.250000	-70.117355
907.226562	-69.684349
908.203125	-69.779495
909.179688	-69.147034
910.156250	-69.478432
911.132812	-67.823112
912.109375	-68.221756
913.085938	-68.332397
914.062500	-69.285080
915.039062	-68.425934
916.015625	-68.176239
916.992188	-69.043282
917.968750	-69.266014
918.945312	-68.124504
919.921875	-67.837143
920.898438	-68.252243
921.875000	-68.845787
922.851562	-68.214394
923.828125	-68.595177
924.804688	-67.183334
925.781250	-67.859406
926.757812	-68.070839
927.734375	-67.925102
928.710938	-67.765053
929.687500	-67.766449
930.664062	-66.301506
931.640625	-67.635994
932.617188	-68.301018
933.593750	-68.064720
934.570312	-66.528061
935.546875	-67.576500
936.523438	-67.929352
937.500000	-67.255295
938.476562	-66.240837
939.453125	-67.983223
940.429688	-66.708145
941.406250	-67.638092
942.382812	-67.628876
943.359375	-67.460831
944.335938	-67.493668
945.312500	-67.604362
946.289062	-66.797394
947.265625	-66.219063
948.242188	-66.754250
949.218750	-66.039726
950.195312	-68.374641
951.171875	-66.652214
952.148438	-67.187469
953.125000	-66.849640
954.101562	-66.730942
955.078125	-66.886497
956.054688	-65.539261
957.031250	-67.261795
958.007812	-67.286217
958.984375	-66.040680
959.960938	-66.710625
960.937500	-66.050911
961.914062	-66.187576
962.890625	-66.408798
963.867188	-67.306572
964.843750	-66.581764
965.820312	-66.177177
966.796875	-64.469925
967.773438	-65.352318
968.750000	-64.774803
969.726562	-65.249901
970.703125	-65.520393
971.679688	-66.075829
972.656250	-66.672287
973.632812	-65.651581
974.609375	-64.989922
975.585938	-65.675636
976.562500	-65.619202
977.539062	-65.407822
978.515625	-64.601097
979.492188	-65.203232
980.468750	-64.789505
981.445312	-63.470932
982.421875	-65.906380
983.398438	-66.059570
984.375000	-64.242622
985.351562	-64.553452
986.328125	-65.471718
987.304688	-63.950211
988.281250	-64.139549
989.257812	-63.609642
990.234375	-64.268959
991.210938	-65.065453
992.187500	-65.232414
993.164062	-63.878910
994.140625	-64.634079
995.117188	-64.199364
996.093750	-63.473820
997.070312	-64.524765
998.046875	-63.338142
999.023438	-63.782269
1000.000000	-64.419495
1000.976562	-64.656929
1001.953125	-64.039192
1002.929688	-65.500259
1003.906250	-64.247704
1004.882812	-64.625038
1005.859375	-64.602371
1006.835938	-63.015308
1007.812500	-64.211380
1008.789062	-63.897282
1009.765625	-63.816727
1010.742188	-64.004021
1011.718750	-63.071362
1012.695312	-63.701115
1013.671875	-64.616692
1014.648438	-63.644260
1015.625000	-64.147797
1016.601562	-62.244816
1017.578125	-63.773865
1018.554688	-63.485508
1019.531250	-63.314060
1020.507812	-64.081825
1021.484375	-63.307545
1022.460938	-64.139267
1023.437500	-62.801899
1024.414062	-63.422611
1025.390625	-64.513992
1026.367188	-65.171173
1027.343750	-64.361427
1028.320312	-63.597717
1029.296875	-63.524982
1030.273438	-64.011986
1031.250000	-64.738739
1032.226562	-62.711597
1033.203125	-63.568237
1034.179688	-63.489075
1035.156250	-64.772949
1036.132812	-64.117958
1037.109375	-62.828133
1038.085938	-65.438286
1039.062500	-64.601913
1040.039062	-65.246162
1041.015625	-62.907803
1041.992188	-63.224842
1042.968750	-63.137352
1043.945312	-64.339584
1044.921875	-64.378868
1045.898438	-64.637596
1046.875000	-64.630608
1047.851562	-64.072037
1048.828125	-64.117462
1049.804688	-63.433186
1050.781250	-63.771248
1051.757812	-64.042114
1052.734375	-64.206627
1053.710938	-63.464828
1054.687500	-63.672760
1055.664062	-62.955776
1056.640625	-63.840588
1057.617188	-65.130554
1058.593750	-63.645878
1059.570312	-63.351345
1060.546875	-63.270859
1061.523438	-65.368347
1062.500000	-63.589909
1063.476562	-62.235775
1064.453125	-64.452850
1065.429688	-64.231194
1066.406250	-63.691628
1067.382812	-64.112160
1068.359375	-64.097023
1069.335938	-63.741852
1070.312500	-63.333416
1071.289062	-63.927063
1072.265625	-64.707466
1073.242188	-64.047897
1074.218750	-63.537743
1075.195312	-64.365898
1076.171875	-63.780853
1077.148438	-64.312752
1078.125000	-64.148880
1079.101562	-64.894661
1080.078125	-64.603844
1081.054688	-64.379547
1082.031250	-64.933022
1083.007812	-63.863918
1083.984375	-64.058846
1084.960938	-64.639542
1085.937500	-63.387352
1086.914062	-65.334526
1087.890625	-65.061920
1088.867188	-64.916443
1089.843750	-63.798164
1090.820312	-65.671791
1091.796875	-63.245655
1092.773438	-64.227448
1093.750000	-66.061417
1094.726562	-64.951042
1095.703125	-63.415329
1096.679688	-63.025230
1097.656250	-65.725281
1098.632812	-65.004799
1099.609375	-65.237495
1100.585938	-64.934731
1101.562500	-65.720078
1102.539062	-64.965675
1103.515625	-64.079094
1104.492188	-65.277100
1105.468750	-65.192978
1106.445312	-65.972687
1107.421875	-63.640930
1108.398438	-64.877586
1109.375000	-64.641563
1110.351562	-63.647030
1111.328125	-65.527077
1112.304688	-66.114151
1113.281250	-64.408089
1114.257812	-64.370171
1115.234375	-65.035622
1116.210938	-66.183830
1117.187500	-66.694847
1118.164062	-65.447800
1119.140625	-64.626694
1120.117188	-64.888489
1121.093750	-65.609810
1122.070312	-64.602310
1123.046875	-65.750404
1124.023438	-64.956932
1125.000000	-65.666496
1125.976562	-65.348259
1126.953125	-65.420631
1127.929688	-66.128143
1128.906250	-65.311012
1129.882812	-65.502594
1130.859375	-64.647888
1131.835938	-65.618797
1132.812500	-65.461288
1133.789062	-64.459427
1134.765625	-65.107513
1135.742188	-66.001213
1136.718750	-64.827271
1137.695312	-65.019920
1138.671875	-64.959145
1139.648438	-66.064911
1140.625000	-66.485947
1141.601562	-66.409081
1142.578125	-65.450691
1143.554688	-64.261131
1144.531250	-64.715515
1145.507812	-65.521851
1146.484375	-65.119606
1147.460938	-66.720917
1148.437500	-65.350349
1149.414062	-64.553589
1150.390625	-65.137970
1151.367188	-65.593529
1152.343750	-65.105225
1153.320312	-64.965576
1154.296875	-64.590881
1155.273438	-64.931084
1156.250000	-64.249672
1157.226562	-66.451942
1158.203125	-65.018616
1159.179688	-64.701721
1160.156250	-65.304230
1161.132812	-65.790718
1162.109375	-65.573479
1163.085938	-65.098526
1164.062500	-65.634201
1165.039062	-65.481476
1166.015625	-65.238083
1166.992188	-65.591301
1167.968750	-65.386261
1168.945312	-65.964104
1169.921875	-67.122795
1170.898438	-65.045212
1171.875000	-65.243141
1172.851562	-64.958946
1173.828125	-65.187866
1174.804688	-65.920486
1175.781250	-67.584877
1176.757812	-65.071815
1177.734375	-65.457863
1178.710938	-65.762596
1179.687500	-64.747177
1180.664062	-64.473587
1181.640625	-64.111938
1182.617188	-65.886497
1183.593750	-65.587143
1184.570312	-64.515419
1185.546875	-65.416100
1186.523438	-64.788002
1187.500000	-65.656166
1188.476562	-64.720032
1189.453125	-64.730263
1190.429688	-64.987198
1191.406250	-64.826332
1192.382812	-65.591095
1193.359375	-63.986450
1194.335938	-64.103546
1195.312500	-64.269135
1196.289062	-65.095360
1197.265625	-65.751801
1198.242188	-66.066422
1199.218750	-64.093674
1200.195312	-64.504654
1201.171875	-64.426498
1202.148438	-63.630535
1203.125000	-64.089226
1204.101562	-64.591690
1205.078125	-64.668961
1206.054688	-65.742470
1207.031250	-65.673103
1208.007812	-64.522018
1208.984375	-64.847908
1209.960938	-64.947968
1210.937500	-64.484520
1211.914062	-65.386635
1212.890625	-63.679260
1213.867188	-63.845264
1214.843750	-64.580559
1215.820312	-64.471313
1216.796875	-64.406822
1217.773438	-65.881325
1218.750000	-64.462173
1219.726562	-64.501122
1220.703125	-65.559891
1221.679688	-65.475578
1222.656250	-63.795723
1223.632812	-64.461838
1224.609375	-63.652821
1225.585938	-63.000561
1226.562500	-63.242905
1227.539062	-63.469273
1228.515625	-63.537495
1229.492188	-63.512959
1230.468750	-64.742294
1231.445312	-64.513206
1232.421875	-63.338108
1233.398438	-62.732834
1234.375000	-62.948597
1235.351562	-63.586422
1236.328125	-63.752220
1237.304688	-62.961277
1238.281250	-63.349884
1239.257812	-64.341187
1240.234375	-63.467560
1241.210938	-63.682877
1242.187500	-63.103466
1243.164062	-62.853928
1244.140625	-61.940350
1245.117188	-63.091064
1246.093750	-63.085213
1247.070312	-64.527199
1248.046875	-61.474857
1249.023438	-63.141403
1250.000000	-62.717224
1250.976562	-61.852222
1251.953125	-61.728722
1252.929688	-61.364307
1253.906250	-61.570637
1254.882812	-61.119461
1255.859375	-61.221378
1256.835938	-61.306248
1257.812500	-60.771770
1258.789062	-62.456921
1259.765625	-61.161167
1260.742188	-61.015881
1261.718750	-62.016708
1262.695312	-60.242725
1263.671875	-60.453335
1264.648438	-59.355438
1265.625000	-60.470051
1266.601562	-59.338051
1267.578125	-60.236401
1268.554688	-59.656197
1269.531250	-59.514923
1270.507812	-60.644753
1271.484375	-59.663937
1272.460938	-60.162888
1273.437500	-59.600410
1274.414062	-59.174820
1275.390625	-58.218460
1276.367188	-59.514660
1277.343750	-59.509590
1278.320312	-58.327591
1279.296875	-58.386726
1280.273438	-57.314407
1281.250000	-58.450642
1282.226562	-58.273727
1283.203125	-57.407444
1284.179688	-57.712597
1285.156250	-58.234528
1286.132812	-57.636829
1287.109375	-56.678005
1288.085938	-57.035595
1289.062500	-55.867130
1290.039062	-56.692024
1291.015625	-58.534168
1291.992188	-56.627834
1292.968750	-56.614265
1293.945312	-55.620010
1294.921875	-55.451130
1295.898438	-55.453564
1296.875000	-55.030411
1297.851562	-55.890358
1298.828125	-54.671329
1299.804688	-55.072063
1300.781250	-54.450066
1301.757812	-54.153210
1302.734375	-54.885517
1303.710938	-54.199883
1304.687500	-53.866684
1305.664062	-54.759151
1306.640625	-53.423077
1307.617188	-52.614143
1308.593750	-54.029816
1309.570312	-52.437714
1310.546875	-54.092648
1311.523438	-53.891582
1312.500000	-53.242702
1313.476562	-52.762981
1314.453125	-53.310265
1315.429688	-53.751942
1316.406250	-53.190369
1317.382812	-54.542274
1318.359375	-52.696251
1319.335938	-54.055637
1320.312500	-53.199425
1321.289062	-53.106140
1322.265625	-52.204079
1323.242188	-52.879642
1324.218750	-52.491760
1325.195312	-53.823723
1326.171875	-53.535191
1327.148438	-52.888416
1328.125000	-53.880978
1329.101562	-53.735249
1330.078125	-53.868584
1331.054688	-53.417103
1332.031250	-52.694016
1333.007812	-53.612663
1333.984375	-54.676418
1334.960938	-53.476849
1335.937500	-54.138973
1336.914062	-55.225941
1337.890625	-55.411190
1338.867188	-55.831451
1339.843750	-54.298100
1340.820312	-55.366001
1341.796875	-57.645542
1342.773438	-56.443829
1343.750000	-55.719448
1344.726562	-56.408283
1345.703125	-55.035381
1346.679688	-56.280602
1347.656250	-57.892467
1348.632812	-56.731609
1349.609375	-55.220936
1350.585938	-56.107296
1351.562500	-57.845757
1352.539062	-56.145428
1353.515625	-56.513229
1354.492188	-56.143044
1355.468750	-56.307049
1356.445312	-56.712528
1357.421875	-57.443974
1358.398438	-58.969307
1359.375000	-57.827332
1360.351562	-58.246666
1361.328125	-56.610512
1362.304688	-57.522739
1363.281250	-58.241684
1364.257812	-58.929153
1365.234375	-58.718319
1366.210938	-58.066963
1367.187500	-58.074688
1368.164062	-58.528530
1369.140625	-58.498863
1370.117188	-58.780266
1371.093750	-58.476349
1372.070312	-59.266350
1373.046875	-59.638218
1374.023438	-59.253479
1375.000000	-59.391731
1375.976562	-59.507713
1376.953125	-59.515820
1377.929688	-58.772747
1378.906250	-60.560345
1379.882812	-59.976490
1380.859375	-60.124470
1381.835938	-59.740398
1382.812500	-59.600597
1383.789062	-59.529724
1384.765625	-60.411316
1385.742188	-59.128471
1386.718750	-59.606796
1387.695312	-58.772297
1388.671875	-60.694637
1389.648438	-60.686928
1390.625000	-60.728210
1391.601562	-61.466999
1392.578125	-59.962521
1393.554688	-59.747871
1394.531250	-61.263546
1395.507812	-61.177456
1396.484375	-61.543041
1397.460938	-60.744095
1398.437500	-59.380917
1399.414062	-61.724319
1400.390625	-60.981754
1401.367188	-60.500507
1402.343750	-61.786163
1403.320312	-60.878876
1404.296875	-60.637047
1405.273438	-60.011978
1406.250000	-61.260250
1407.226562	-62.996670
1408.203125	-61.075085
1409.179688	-59.084599
1410.156250	-61.375286
1411.132812	-61.177567
1412.109375	-60.590282
1413.085938	-60.184303
1414.062500	-60.445297
1415.039062	-60.838516
1416.015625	-61.306339
1416.992188	-63.260777
1417.968750	-60.547512
1418.945312	-61.648056
1419.921875	-61.386810
1420.898438	-60.575184
1421.875000	-60.396809
1422.851562	-61.665730
1423.828125	-60.882683
1424.804688	-61.452576
1425.781250	-61.159973
1426.757812	-60.819397
1427.734375	-60.367699
1428.710938	-60.776176
1429.687500	-60.954865
1430.664062	-61.450268
1431.640625	-61.515759
1432.617188	-62.123604
1433.593750	-60.735409
1434.570312	-61.498734
1435.546875	-60.031898
1436.523438	-59.882854
1437.500000	-60.482285
1438.476562	-61.083225
1439.453125	-60.948963
1440.429688	-60.890079
1441.406250	-61.128807
1442.382812	-60.556862
1443.359375	-60.756641
1444.335938	-61.458813
1445.312500	-60.949146
1446.289062	-62.189541
1447.265625	-61.349937
1448.242188	-61.825241
1449.218750	-62.462570
1450.195312	-61.968315
1451.171875	-60.749336
1452.148438	-62.836124
1453.125000	-61.879002
1454.101562	-61.658726
1455.078125	-60.256561
1456.054688	-60.794472
1457.031250	-60.814159
1458.007812	-59.623714
1458.984375	-59.673416
1459.960938	-60.432110
1460.937500	-60.757744
1461.914062	-61.471092
1462.890625	-61.055199
1463.867188	-60.761055
1464.843750	-60.469246
1465.820312	-59.183735
1466.796875	-60.518726
1467.773438	-60.715954
1468.750000	-60.799133
1469.726562	-59.582615
1470.703125	-59.553909
1471.679688	-59.999672
1472.656250	-60.589973
1473.632812	-59.611198
1474.609375	-60.129642
1475.585938	-59.757984
1476.562500	-60.861401
1477.539062	-60.661266
1478.515625	-60.215309
1479.492188	-58.564903
1480.468750	-60.070541
1481.445312	-59.410358
1482.421875	-59.328892
1483.398438	-59.011181
1484.375000	-58.967518
1485.351562	-59.459846
1486.328125	-58.522167
1487.304688	-58.787048
1488.281250	-58.673576
1489.257812	-58.670918
1490.234375	-59.907829
1491.210938	-58.874741
1492.187500	-58.391899
1493.164062	-58.568409
1494.140625	-59.354664
1495.117188	-58.062531
1496.093750	-58.644901
1497.070312	-57.369465
1498.046875	-58.030144
1499.023438	-56.922256
1500.000000	-58.783081
1500.976562	-57.121628
1501.953125	-58.100525
1502.929688	-57.082268
1503.906250	-57.488647
1504.882812	-56.140697
1505.859375	-57.048439
1506.835938	-56.700756
1507.812500	-57.833450
1508.789062	-56.719627
1509.765625	-54.743202
1510.742188	-55.461697
1511.718750	-56.748077
1512.695312	-57.337528
1513.671875	-56.208000
1514.648438	-55.202175
1515.625000	-55.258354
1516.601562	-55.554913
1517.578125	-56.752762
1518.554688	-57.756809
1519.531250	-56.634060
1520.507812	-55.424557
1521.484375	-55.908951
1522.460938	-56.510654
1523.437500	-55.036236
1524.414062	-55.638119
1525.390625	-55.159115
1526.367188	-54.837460
1527.343750	-54.511875
1528.320312	-54.948196
1529.296875	-54.000557
1530.273438	-53.915337
1531.250000	-53.995079
1532.226562	-54.787300
1533.203125	-53.930046
1534.179688	-53.537083
1535.156250	-52.779694
1536.132812	-53.355339
1537.109375	-53.190067
1538.085938	-54.046261
1539.062500	-53.405537
1540.039062	-53.434555
1541.015625	-52.700920
1541.992188	-52.028900
1542.968750	-52.171921
1543.945312	-52.252243
1544.921875	-51.134979
1545.898438	-52.153214
1546.875000	-53.116333
1547.851562	-51.507927
1548.828125	-52.831978
1549.804688	-52.049015
1550.781250	-50.737415
1551.757812	-52.148258
1552.734375	-52.389606
1553.710938	-52.486038
1554.687500	-51.569363
1555.664062	-52.364159
1556.640625	-51.751865
1557.617188	-50.887917
1558.593750	-53.257328
1559.570312	-51.766441
1560.546875	-52.036793
1561.523438	-52.009693
1562.500000	-50.863216
1563.476562	-51.873501
1564.453125	-52.252571
1565.429688	-51.978718
1566.406250	-51.517372
1567.382812	-52.120945
1568.359375	-52.147507
1569.335938	-51.921726
1570.312500	-52.078850
1571.289062	-51.087124
1572.265625	-52.356567
1573.242188	-52.165516
1574.218750	-50.997925
1575.195312	-51.413445
1576.171875	-51.493999
1577.148438	-52.926517
1578.125000	-52.626671
1579.101562	-53.368904
1580.078125	-53.648434
1581.054688	-54.089108
1582.031250	-53.249138
1583.007812	-52.923054
1583.984375	-53.213406
1584.960938	-53.832939
1585.937500	-53.980175
1586.914062	-54.084351
1587.890625	-53.599049
1588.867188	-54.690754
1589.843750	-54.274551
1590.820312	-55.502125
1591.796875	-54.749916
1592.773438	-55.353909
1593.750000	-55.265224
1594.726562	-55.751957
1595.703125	-56.688362
1596.679688	-55.134766
1597.656250	-56.227573
1598.632812	-55.500355
1599.609375	-56.046791
1600.585938	-55.495842
1601.562500	-55.593079
1602.539062	-55.489925
1603.515625	-54.819199
1604.492188	-57.269764
1605.468750	-57.359966
1606.445312	-56.405563
1607.421875	-56.025852
1608.398438	-55.545120
1609.375000	-56.096935
1610.351562	-56.753948
1611.328125	-57.468307
1612.304688	-56.132851
1613.281250	-56.743038
1614.257812	-57.619293
1615.234375	-57.508545
1616.210938	-57.814499
1617.187500	-57.534031
1618.164062	-57.763233
1619.140625	-56.505116
1620.117188	-56.344814
1621.093750	-57.490128
1622.070312	-58.551418
1623.046875	-58.660992
1624.023438	-57.741562
1625.000000	-57.414700
1625.976562	-57.950397
1626.953125	-57.958279
1627.929688	-57.354008
1628.906250	-57.961601
1629.882812	-57.972630
1630.859375	-59.212696
1631.835938	-59.141815
1632.812500	-58.526455
1633.789062	-58.561123
1634.765625	-59.093971
1635.742188	-59.456779
1636.718750	-57.889271
1637.695312	-59.436531
1638.671875	-59.158951
1639.648438	-58.909138
1640.625000	-58.685623
1641.601562	-59.787121
1642.578125	-58.479073
1643.554688	-59.007397
1644.531250	-58.451008
1645.507812	-58.233482
1646.484375	-59.225903
1647.460938	-57.853790
1648.437500	-59.875637
1649.414062	-58.902710
1650.390625	-58.685375
1651.367188	-58.527092
1652.343750	-58.943008
1653.320312	-59.028152
1654.296875	-59.250439
1655.273438	-59.469490
1656.250000	-59.627602
1657.226562	-60.468346
1658.203125	-59.597404
1659.179688	-58.914997
1660.156250	-58.521984
1661.132812	-58.711781
1662.109375	-59.232033
1663.085938	-59.097431
1664.062500	-59.348022
1665.039062	-58.593315
1666.015625	-59.535248
1666.992188	-59.123703
1667.968750	-60.103092
1668.945312	-60.112377
1669.921875	-60.790211
1670.898438	-59.860378
1671.875000	-59.948067
1672.851562	-59.616177
1673.828125	-59.405972
1674.804688	-58.979649
1675.781250	-59.261398
1676.757812	-59.776478
1677.734375	-60.052750
1678.710938	-60.023701
1679.687500	-60.318123
1680.664062	-60.632095
1681.640625	-59.973644
1682.617188	-59.548576
1683.593750	-60.099106
1684.570312	-60.525867
1685.546875	-58.523296
1686.523438	-60.754841
1687.500000	-60.082397
1688.476562	-59.845837
1689.453125	-60.502140
1690.429688	-59.888355
1691.406250	-60.411198
1692.382812	-60.135624
1693.359375	-61.411770
1694.335938	-58.991707
1695.312500	-60.468147
1696.289062	-61.202324
1697.265625	-60.987175
1698.242188	-61.555553
1699.218750	-59.791851
1700.195312	-59.066578
1701.171875	-60.275604
1702.148438	-59.561211
1703.125000	-59.311672
1704.101562	-58.305355
1705.078125	-59.005611
1706.054688	-59.977715
1707.031250	-59.697891
1708.007812	-60.718037
1708.984375	-59.692677
1709.960938	-59.955452
1710.937500	-59.812267
1711.914062	-59.258091
1712.890625	-58.225830
1713.867188	-59.183498
1714.843750	-59.736504
1715.820312	-59.910507
1716.796875	-59.769028
1717.773438	-58.914421
1718.750000	-59.630310
1719.726562	-59.664764
1720.703125	-59.351242
1721.679688	-60.168182
1722.656250	-59.702995
1723.632812	-60.418736
1724.609375	-59.503963
1725.585938	-60.273483
1726.562500	-59.477966
1727.539062	-58.419983
1728.515625	-59.725056
1729.492188	-60.030720
1730.468750	-59.836536
1731.445312	-58.610710
1732.421875	-59.029530
1733.398438	-59.458038
1734.375000	-60.036171
1735.351562	-59.227436
1736.328125	-60.853504
1737.304688	-59.262657
1738.281250	-59.069740
1739.257812	-58.991058
1740.234375	-58.663132
1741.210938	-58.576492
1742.187500	-59.176819
1743.164062	-59.431583
1744.140625	-57.903149
1745.117188	-57.886433
1746.093750	-58.168789
1747.070312	-59.518032
1748.046875	-58.111126
1749.023438	-58.308399
1750.000000	-58.211849
1750.976562	-59.276539
1751.953125	-59.130409
1752.929688	-57.051628
1753.906250	-57.726158
1754.882812	-57.221680
1755.859375	-56.177685
1756.835938	-57.561897
1757.812500	-58.691200
1758.789062	-57.493351
1759.765625	-57.443298
1760.742188	-58.807312
1761.718750	-57.369045
1762.695312	-57.031055
1763.671875	-57.293373
1764.648438	-56.397423
1765.625000	-57.594315
1766.601562	-56.052307
1767.578125	-56.678009
1768.554688	-57.019943
1769.531250	-57.641632
1770.507812	-58.680759
1771.484375	-57.057922
1772.460938	-57.583538
1773.437500	-57.591293
1774.414062	-57.404690
1775.390625	-57.157707
1776.367188	-56.533161
1777.343750	-57.355343
1778.320312	-56.732521
1779.296875	-55.640102
1780.273438	-56.893959
1781.250000	-55.759705
1782.226562	-56.551121
1783.203125	-56.123119
1784.179688	-56.049759
1785.156250	-56.108395
1786.132812	-56.008347
1787.109375	-55.663139
1788.085938	-55.501690
1789.062500	-54.824009
1790.039062	-54.317970
1791.015625	-55.560555
1791.992188	-55.947586
1792.968750	-55.943554
1793.945312	-56.544483
1794.921875	-54.853806
1795.898438	-54.746239
1796.875000	-54.832764
1797.851562	-54.914219
1798.828125	-54.992588
1799.804688	-55.453381
1800.781250	-54.244659
1801.757812	-54.627480
1802.734375	-55.267628
1803.710938	-54.956421
1804.687500	-56.177250
1805.664062	-55.055679
1806.640625	-54.258133
1807.617188	-55.072983
1808.593750	-55.404957
1809.570312	-55.269348
1810.546875	-55.807281
1811.523438	-54.693230
1812.500000	-55.492382
1813.476562	-55.020126
1814.453125	-55.599365
1815.429688	-55.048943
1816.406250	-54.954811
1817.382812	-54.632164
1818.359375	-54.229336
1819.335938	-53.849567
1820.312500	-54.230270
1821.289062	-55.346157
1822.265625	-56.337517
1823.242188	-54.749218
1824.218750	-54.690559
1825.195312	-54.984528
1826.171875	-55.885265
1827.148438	-53.881924
1828.125000	-54.790150
1829.101562	-55.709377
1830.078125	-56.196453
1831.054688	-55.476723
1832.031250	-54.987869
1833.007812	-54.995304
1833.984375	-55.398670
1834.960938	-55.643711
1835.937500	-55.975456
1836.914062	-55.339470
1837.890625	-54.078445
1838.867188	-54.442574
1839.843750	-55.977844
1840.820312	-56.259953
1841.796875	-55.487854
1842.773438	-57.318138
1843.750000	-57.699150
1844.726562	-55.785397
1845.703125	-55.502037
1846.679688	-57.735668
1847.656250	-56.844723
1848.632812	-56.858753
1849.609375	-56.345703
1850.585938	-56.538551
1851.562500	-57.635036
1852.539062	-55.902401
1853.515625	-56.265144
1854.492188	-57.378174
1855.468750	-56.516830
1856.445312	-56.641495
1857.421875	-56.012669
1858.398438	-57.823353
1859.375000	-56.728127
1860.351562	-57.680897
1861.328125	-58.128323
1862.304688	-58.166344
1863.281250	-56.655468
1864.257812	-57.561852
1865.234375	-57.820400
1866.210938	-58.037796
1867.187500	-57.815975
1868.164062	-58.169884
1869.140625	-58.870113
1870.117188	-58.257381
1871.093750	-57.293255
1872.070312	-58.932220
1873.046875	-58.652485
1874.023438	-58.188412
1875.000000	-58.133606
1875.976562	-58.314430
1876.953125	-60.456932
1877.929688	-59.879303
1878.906250	-58.780811
1879.882812	-58.852146
1880.859375	-60.161945
1881.835938	-58.878506
1882.812500	-58.591080
1883.789062	-58.817463
1884.765625	-58.714878
1885.742188	-59.280472
1886.718750	-59.003242
1887.695312	-58.061230
1888.671875	-59.273026
1889.648438	-59.917370
1890.625000	-59.579021
1891.601562	-59.270878
1892.578125	-59.595467
1893.554688	-59.842369
1894.531250	-61.532772
1895.507812	-61.190285
1896.484375	-59.737377
1897.460938	-59.996735
1898.437500	-58.896217
1899.414062	-59.968987
1900.390625	-59.747726
1901.367188	-59.849983
1902.343750	-59.585384
1903.320312	-60.902588
1904.296875	-60.766426
1905.273438	-59.378750
1906.250000	-61.855385
1907.226562	-61.532043
1908.203125	-60.994408
1909.179688	-60.447006
1910.156250	-59.897873
1911.132812	-61.311974
1912.109375	-59.500305
1913.085938	-60.315975
1914.062500	-60.149250
1915.039062	-60.877636
1916.015625	-60.233437
1916.992188	-60.490700
1917.968750	-61.470196
1918.945312	-60.681816
1919.921875	-61.634724
1920.898438	-60.474613
1921.875000	-60.552410
1922.851562	-61.010193
1923.828125	-60.870018
1924.804688	-61.027565
1925.781250	-60.894493
1926.757812	-61.535751
1927.734375	-61.246666
1928.710938	-60.720161
1929.687500	-60.556297
1930.664062	-61.513466
1931.640625	-62.822605
1932.617188	-61.930241
1933.593750	-60.941048
1934.570312	-61.107410
1935.546875	-62.440086
1936.523438	-63.007874
1937.500000	-60.904259
1938.476562	-62.285408
1939.453125	-61.266510
1940.429688	-60.356106
1941.406250	-61.602940
1942.382812	-60.422535
1943.359375	-59.866322
1944.335938	-60.695156
1945.312500	-61.437664
1946.289062	-61.056568
1947.265625	-61.367435
1948.242188	-61.229656
1949.218750	-60.601681
1950.195312	-61.152355
1951.171875	-61.580517
1952.148438	-61.594296
1953.125000	-61.706314
1954.101562	-61.669956
1955.078125	-61.701267
1956.054688	-61.503551
1957.031250	-60.193012
1958.007812	-61.800930
1958.984375	-63.473171
1959.960938	-62.261620
1960.937500	-60.353142
1961.914062	-61.233875
1962.890625	-60.738701
1963.867188	-61.695499
1964.843750	-61.388081
1965.820312	-60.636223
1966.796875	-60.949291
1967.773438	-61.013969
1968.750000	-60.903130
1969.726562	-62.064484
1970.703125	-62.541580
1971.679688	-60.148731
1972.656250	-61.995247
1973.632812	-62.702274
1974.609375	-60.927052
1975.585938	-61.473705
1976.562500	-61.962971
1977.539062	-62.569904
1978.515625	-61.237999
1979.492188	-59.472672
1980.468750	-61.116997
1981.445312	-60.459988
1982.421875	-62.074642
1983.398438	-61.475811
1984.375000	-60.774532
1985.351562	-61.827003
1986.328125	-61.480312
1987.304688	-60.813015
1988.281250	-62.455761
1989.257812	-60.742271
1990.234375	-62.442326
1991.210938	-61.746830
1992.187500	-61.377731
1993.164062	-62.280003
1994.140625	-60.691563
1995.117188	-60.525230
1996.093750	-60.912891
1997.070312	-61.047710
1998.046875	-60.967556
1999.023438	-61.659565
2000.000000	-60.910263
2000.976562	-62.010227
2001.953125	-60.058769
2002.929688	-61.779976
2003.906250	-61.856945
2004.882812	-60.284653
2005.859375	-59.637157
2006.835938	-61.263863
2007.812500	-60.699211
2008.789062	-60.413807
2009.765625	-59.400471
2010.742188	-59.482185
2011.718750	-60.643032
2012.695312	-60.803978
2013.671875	-60.795521
2014.648438	-60.503490
2015.625000	-59.715805
2016.601562	-61.533638
2017.578125	-61.419048
2018.554688	-59.622372
2019.531250	-59.190063
2020.507812	-60.258533
2021.484375	-60.597111
2022.460938	-59.239548
2023.437500	-59.282021
2024.414062	-60.705009
2025.390625	-60.315708
2026.367188	-59.751087
2027.343750	-58.982300
2028.320312	-60.046570
2029.296875	-61.747257
2030.273438	-59.713326
2031.250000	-58.226440
2032.226562	-60.002949
2033.203125	-59.790638
2034.179688	-59.280315
2035.156250	-59.031376
2036.132812	-58.756172
2037.109375	-60.855072
2038.085938	-60.405258
2039.062500	-59.594364
2040.039062	-59.846416
2041.015625	-60.076694
2041.992188	-59.847195
2042.968750	-60.125996
2043.945312	-58.917862
2044.921875	-59.464863
2045.898438	-59.671230
2046.875000	-57.769180
2047.851562	-59.068180
2048.828125	-59.110874
2049.804688	-58.046463
2050.781250	-58.245655
2051.757812	-58.918541
2052.734375	-58.348602
2053.710938	-58.171520
2054.687500	-58.109543
2055.664062	-58.440887
2056.640625	-59.803886
2057.617188	-58.466164
2058.593750	-58.184517
2059.570312	-58.280102
2060.546875	-59.239376
2061.523438	-58.741261
2062.500000	-58.238304
2063.476562	-59.047558
2064.453125	-56.946533
2065.429688	-58.102985
2066.406250	-58.344627
2067.382812	-58.695263
2068.359375	-57.774563
2069.335938	-57.810364
2070.312500	-56.907074
2071.289062	-58.316658
2072.265625	-57.201679
2073.242188	-58.400711
2074.218750	-57.374729
2075.195312	-57.841686
2076.171875	-58.153694
2077.148438	-58.077072
2078.125000	-58.090862
2079.101562	-57.050385
2080.078125	-56.985699
2081.054688	-57.258354
2082.031250	-57.540127
2083.007812	-57.158379
2083.984375	-58.358921
2084.960938	-58.543098
2085.937500	-57.787830
2086.914062	-58.743195
2087.890625	-58.277367
2088.867188	-57.635815
2089.843750	-57.043110
2090.820312	-56.705162
2091.796875	-56.164032
2092.773438	-57.067459
2093.750000	-57.596523
2094.726562	-56.737759
2095.703125	-56.046131
2096.679688	-56.565216
2097.656250	-55.935181
2098.632812	-56.895668
2099.609375	-56.756550
2100.585938	-57.505695
2101.562500	-57.099316
2102.539062	-56.935253
2103.515625	-55.967319
2104.492188	-58.061817
2105.468750	-57.444347
2106.445312	-57.598751
2107.421875	-56.412220
2108.398438	-56.939926
2109.375000	-57.694424
2110.351562	-56.663780
2111.328125	-57.277264
2112.304688	-58.270248
2113.281250	-58.593380
2114.257812	-56.581989
2115.234375	-57.670380
2116.210938	-58.241516
2117.187500	-57.324104
2118.164062	-59.381332
2119.140625	-57.152740
2120.117188	-57.706505
2121.093750	-57.201450
2122.070312	-58.299652
2123.046875	-59.413998
2124.023438	-59.079742
2125.000000	-57.591759
2125.976562	-58.237030
2126.953125	-57.815166
2127.929688	-57.699314
2128.906250	-56.821884
2129.882812	-58.331078
2130.859375	-59.052097
2131.835938	-58.529533
2132.812500	-58.650208
2133.789062	-59.174103
2134.765625	-59.750923
2135.742188	-58.596706
2136.718750	-58.943520
2137.695312	-60.205132
2138.671875	-58.361221
2139.648438	-58.450779
2140.625000	-58.331818
2141.601562	-59.089840
2142.578125	-59.453846
2143.554688	-58.218983
2144.531250	-58.439968
2145.507812	-58.517635
2146.484375	-58.863575
2147.460938	-59.535320
2148.437500	-59.198124
2149.414062	-59.783524
2150.390625	-59.791859
2151.367188	-59.918633
2152.343750	-60.175446
2153.320312	-59.877659
2154.296875	-60.649837
2155.273438	-59.364555
2156.250000	-59.138302
2157.226562	-60.936111
2158.203125	-60.327068
2159.179688	-58.877632
2160.156250	-58.724220
2161.132812	-60.966122
2162.109375	-59.926559
2163.085938	-60.197514
2164.062500	-60.715145
2165.039062	-61.671986
2166.015625	-60.675114
2166.992188	-62.333939
2167.968750	-61.130318
2168.945312	-60.912167
2169.921875	-60.393219
2170.898438	-61.454350
2171.875000	-61.762943
2172.851562	-59.948685
2173.828125	-60.114178
2174.804688	-61.764931
2175.781250	-61.155796
2176.757812	-60.777168
2177.734375	-60.397846
2178.710938	-60.653511
2179.687500	-60.170609
2180.664062	-61.451885
2181.640625	-60.665154
2182.617188	-61.518253
2183.593750	-61.168747
2184.570312	-60.473900
2185.546875	-62.565842
2186.523438	-60.718517
2187.500000	-60.475292
2188.476562	-63.201797
2189.453125	-62.427452
2190.429688	-61.537014
2191.406250	-62.112301
2192.382812	-60.886993
2193.359375	-62.432545
2194.335938	-62.164948
2195.312500	-61.555195
2196.289062	-62.728584
2197.265625	-61.584591
2198.242188	-61.718956
2199.218750	-63.269501
2200.195312	-62.715385
2201.171875	-62.726582
2202.148438	-63.882465
2203.125000	-61.949833
2204.101562	-61.816910
2205.078125	-61.673805
2206.054688	-61.877026
2207.031250	-62.687973
2208.007812	-63.042381
2208.984375	-63.383141
2209.960938	-62.996365
2210.937500	-63.098831
2211.914062	-63.232594
2212.890625	-63.000999
2213.867188	-63.138248
2214.843750	-61.305405
2215.820312	-62.241066
2216.796875	-61.962162
2217.773438	-61.533775
2218.750000	-63.447769
2219.726562	-63.045033
2220.703125	-61.857769
2221.679688	-61.851536
2222.656250	-62.106361
2223.632812	-62.366123
2224.609375	-63.370476
2225.585938	-62.691204
2226.562500	-63.214596
2227.539062	-61.916973
2228.515625	-62.647575
2229.492188	-62.855412
2230.468750	-62.284710
2231.445312	-62.900684
2232.421875	-61.978584
2233.398438	-62.039585
2234.375000	-61.315575
2235.351562	-62.069748
2236.328125	-64.188660
2237.304688	-62.266453
2238.281250	-63.446442
2239.257812	-62.443024
2240.234375	-62.100399
2241.210938	-64.244614
2242.187500	-61.621441
2243.164062	-63.588257
2244.140625	-62.409008
2245.117188	-62.113697
2246.093750	-63.162235
2247.070312	-62.473804
2248.046875	-62.657623
2249.023438	-60.213833
2250.000000	-61.024395
2250.976562	-62.208439
2251.953125	-62.693588
2252.929688	-62.910858
2253.906250	-61.739223
2254.882812	-64.000298
2255.859375	-62.044350
2256.835938	-62.398296
2257.812500	-62.771168
2258.789062	-62.066730
2259.765625	-63.274971
2260.742188	-64.448105
2261.718750	-63.486660
2262.695312	-62.828533
2263.671875	-61.617264
2264.648438	-60.574669
2265.625000	-62.721252
2266.601562	-60.698002
2267.578125	-63.471828
2268.554688	-62.324074
2269.531250	-62.940987
2270.507812	-61.892380
2271.484375	-61.962437
2272.460938	-61.931370
2273.437500	-61.950085
2274.414062	-62.281769
2275.390625	-61.017437
2276.367188	-62.498520
2277.343750	-63.425098
2278.320312	-60.716972
2279.296875	-62.441864
2280.273438	-61.475967
2281.250000	-61.087646
2282.226562	-61.372532
2283.203125	-62.315697
2284.179688	-64.000755
2285.156250	-60.998123
2286.132812	-61.786358
2287.109375	-61.092735
2288.085938	-61.809875
2289.062500	-63.302025
2290.039062	-61.116821
2291.015625	-61.099632
2291.992188	-60.838745
2292.968750	-61.062145
2293.945312	-59.920761
2294.921875	-60.703903
2295.898438	-60.917271
2296.875000	-61.440941
2297.851562	-61.029713
2298.828125	-61.267044
2299.804688	-61.450283
2300.781250	-60.725784
2301.757812	-61.505047
2302.734375	-60.638901
2303.710938	-61.211555
2304.687500	-60.572681
2305.664062	-61.197262
2306.640625	-61.943920
2307.617188	-61.875637
2308.593750	-60.936184
2309.570312	-60.773911
2310.546875	-60.507698
2311.523438	-60.672459
2312.500000	-61.383358
2313.476562	-59.915436
2314.453125	-59.985992
2315.429688	-59.665733
2316.406250	-60.543564
2317.382812	-60.220142
2318.359375	-60.447311
2319.335938	-61.240410
2320.312500	-60.616951
2321.289062	-59.580681
2322.265625	-59.747990
2323.242188	-60.224998
2324.218750	-61.714802
2325.195312	-58.927704
2326.171875	-58.875298
2327.148438	-59.910080
2328.125000	-60.416924
2329.101562	-59.433849
2330.078125	-59.963787
2331.054688	-60.772758
2332.031250	-58.859337
2333.007812	-58.254726
2333.984375	-60.070320
2334.960938	-58.762634
2335.937500	-59.912937
2336.914062	-59.467690
2337.890625	-58.604191
2338.867188	-58.896866
2339.843750	-58.691196
2340.820312	-58.518391
2341.796875	-58.609612
2342.773438	-58.833130
2343.750000	-60.274281
2344.726562	-60.525318
2345.703125	-57.556942
2346.679688	-59.646168
2347.656250	-58.349415
2348.632812	-58.856613
2349.609375	-57.900890
2350.585938	-58.789497
2351.562500	-59.182068
2352.539062	-58.915195
2353.515625	-58.998917
2354.492188	-58.194336
2355.468750	-58.760666
2356.445312	-58.526848
2357.421875	-58.157234
2358.398438	-56.697319
2359.375000	-56.573757
2360.351562	-58.118374
2361.328125	-58.399994
2362.304688	-57.265942
2363.281250	-58.620396
2364.257812	-59.491337
2365.234375	-58.488434
2366.210938	-56.789150
2367.187500	-59.554615
2368.164062	-59.654041
2369.140625	-56.557102
2370.117188	-58.554100
2371.093750	-58.001801
2372.070312	-57.194420
2373.046875	-58.454895
2374.023438	-58.063587
2375.000000	-57.531666
2375.976562	-57.328964
2376.953125	-56.942165
2377.929688	-57.192936
2378.906250	-58.434204
2379.882812	-59.191910
2380.859375	-57.957333
2381.835938	-56.384144
2382.812500	-57.548771
2383.789062	-57.429596
2384.765625	-57.875423
2385.742188	-57.372849
2386.718750	-56.544567
2387.695312	-58.405643
2388.671875	-58.098907
2389.648438	-57.951229
2390.625000	-59.480362
2391.601562	-59.003971
2392.578125	-57.510799
2393.554688	-57.223461
2394.531250	-59.153030
2395.507812	-57.445534
2396.484375	-58.467239
2397.460938	-58.979870
2398.437500	-58.805859
2399.414062	-59.864960
2400.390625	-59.026394
2401.367188	-58.837833
2402.343750	-59.457150
2403.320312	-57.771492
2404.296875	-60.228794
2405.273438	-59.916573
2406.250000	-60.070320
2407.226562	-61.696037
2408.203125	-61.207962
2409.179688	-59.199425
2410.156250	-59.920139
2411.132812	-60.049999
2412.109375	-59.074802
2413.085938	-60.027122
2414.062500	-61.033672
2415.039062	-59.544140
2416.015625	-58.828728
2416.992188	-59.563656
2417.968750	-59.040211
2418.945312	-59.251392
2419.921875	-60.489700
2420.898438	-59.492897
2421.875000	-60.529312
2422.851562	-61.235207
2423.828125	-59.369816
2424.804688	-59.805676
2425.781250	-62.079277
2426.757812	-60.459576
2427.734375	-61.082901
2428.710938	-61.181694
2429.687500	-61.239838
2430.664062	-61.113701
2431.640625	-61.705780
2432.617188	-61.563686
2433.593750	-63.269909
2434.570312	-61.109695
2435.546875	-60.205051
2436.523438	-60.794331
2437.500000	-62.591896
2438.476562	-61.090298
2439.453125	-61.610867
2440.429688	-61.280491
2441.406250	-63.562660
2442.382812	-62.718269
2443.359375	-60.872929
2444.335938	-61.378193
2445.312500	-62.357533
2446.289062	-62.198711
2447.265625	-62.535297
2448.242188	-62.228035
2449.218750	-62.734360
2450.195312	-63.988605
2451.171875	-61.931988
2452.148438	-62.891582
2453.125000	-62.843319
2454.101562	-61.182739
2455.078125	-61.960289
2456.054688	-62.802792
2457.031250	-61.378063
2458.007812	-61.590050
2458.984375	-62.455959
2459.960938	-63.315701
2460.937500	-63.370163
2461.914062	-63.475395
2462.890625	-62.450653
2463.867188	-63.629868
2464.843750	-64.078201
2465.820312	-63.145008
2466.796875	-62.862396
2467.773438	-62.667809
2468.750000	-63.340271
2469.726562	-63.676449
2470.703125	-64.666199
2471.679688	-63.645420
2472.656250	-62.965523
2473.632812	-62.397732
2474.609375	-63.232674
2475.585938	-63.223461
2476.562500	-64.976303
2477.539062	-63.018738
2478.515625	-63.788784
2479.492188	-65.197014
2480.468750	-63.203362
2481.445312	-63.461929
2482.421875	-62.533813
2483.398438	-64.847595
2484.375000	-65.586586
2485.351562	-62.503384
2486.328125	-64.776222
2487.304688	-64.938507
2488.281250	-63.682758
2489.257812	-64.053604
2490.234375	-64.397133
2491.210938	-63.575836
2492.187500	-63.461124
2493.164062	-62.083317
2494.140625	-64.027763
2495.117188	-64.215797
2496.093750	-63.709984
2497.070312	-64.068748
2498.046875	-63.712784
2499.023438	-63.752277
2500.000000	-64.843697
2500.976562	-63.889809
2501.953125	-63.862553
2502.929688	-63.562702
2503.906250	-64.194672
2504.882812	-65.765396
2505.859375	-64.053154
2506.835938	-64.456688
2507.812500	-64.447906
2508.789062	-64.571404
2509.765625	-64.502731
2510.742188	-63.806221
2511.718750	-63.024414
2512.695312	-64.354881
2513.671875	-65.165413
2514.648438	-64.549538
2515.625000	-64.835556
2516.601562	-64.446388
2517.578125	-63.627365
2518.554688	-64.612335
2519.531250	-64.778191
2520.507812	-64.028229
2521.484375	-64.021034
2522.460938	-63.877655
2523.437500	-63.688652
2524.414062	-63.728741
2525.390625	-63.506618
2526.367188	-64.008423
2527.343750	-63.398727
2528.320312	-64.513397
2529.296875	-63.985443
2530.273438	-64.126419
2531.250000	-65.651138
2532.226562	-63.920509
2533.203125	-64.385216
2534.179688	-64.475456
2535.156250	-63.126423
2536.132812	-64.675522
2537.109375	-64.506889
2538.085938	-62.304737
2539.062500	-62.831932
2540.039062	-63.323456
2541.015625	-63.139847
2541.992188	-63.406780
2542.968750	-64.384018
2543.945312	-64.386383
2544.921875	-64.028748
2545.898438	-64.607552
2546.875000	-63.780628
2547.851562	-62.797421
2548.828125	-63.944595
2549.804688	-63.367809
2550.781250	-64.421043
2551.757812	-63.796803
2552.734375	-62.968033
2553.710938	-63.056561
2554.687500	-63.654572
2555.664062	-61.354065
2556.640625	-64.134216
2557.617188	-62.808331
2558.593750	-62.279957
2559.570312	-62.342949
2560.546875	-62.660954
2561.523438	-61.380070
2562.500000	-63.385178
2563.476562	-63.529869
2564.453125	-62.443695
2565.429688	-61.505943
2566.406250	-62.145664
2567.382812	-61.930195
2568.359375	-61.013554
2569.335938	-63.247574
2570.312500	-61.801083
2571.289062	-61.812199
2572.265625	-60.815544
2573.242188	-61.629391
2574.218750	-61.621799
2575.195312	-61.904209
2576.171875	-60.630814
2577.148438	-61.566105
2578.125000	-60.067909
2579.101562	-60.638275
2580.078125	-60.662079
2581.054688	-61.119171
2582.031250	-61.064564
2583.007812	-61.452221
2583.984375	-60.529568
2584.960938	-61.437016
2585.937500	-59.905457
2586.914062	-61.095985
2587.890625	-61.162270
2588.867188	-59.755955
2589.843750	-61.921345
2590.820312	-60.974407
2591.796875	-60.709141
2592.773438	-58.526352
2593.750000	-59.882275
2594.726562	-60.250584
2595.703125	-59.867588
2596.679688	-58.945599
2597.656250	-58.898964
2598.632812	-59.351669
2599.609375	-59.476448
2600.585938	-59.844299
2601.562500	-58.477016
2602.539062	-58.960773
2603.515625	-58.914570
2604.492188	-58.377228
2605.468750	-59.350040
2606.445312	-59.079590
2607.421875	-59.475327
2608.398438	-59.301254
2609.375000	-59.018425
2610.351562	-59.349350
2611.328125	-58.527969
2612.304688	-58.235752
2613.281250	-58.691883
2614.257812	-57.524113
2615.234375	-56.388306
2616.210938	-57.032879
2617.187500	-57.148949
2618.164062	-57.967564
2619.140625	-58.814274
2620.117188	-57.963856
2621.093750	-57.562305
2622.070312	-57.222710
2623.046875	-56.578285
2624.023438	-57.526955
2625.000000	-57.546516
2625.976562	-58.242008
2626.953125	-55.448788
2627.929688	-56.732067
2628.906250	-57.725861
2629.882812	-57.361107
2630.859375	-56.999352
2631.835938	-56.658268
2632.812500	-57.177280
2633.789062	-56.904205
2634.765625	-57.992313
2635.742188	-57.024841
2636.718750	-57.471478
2637.695312	-55.975269
2638.671875	-56.777390
2639.648438	-56.839676
2640.625000	-57.370903
2641.601562	-57.644981
2642.578125	-57.351402
2643.554688	-58.180386
2644.531250	-57.094036
2645.507812	-56.637829
2646.484375	-57.984840
2647.460938	-57.323311
2648.437500	-57.476048
2649.414062	-56.844994
2650.390625	-57.229691
2651.367188	-57.749069
2652.343750	-57.931721
2653.320312	-57.481743
2654.296875	-57.681290
2655.273438	-58.339077
2656.250000	-57.165062
2657.226562	-57.814060
2658.203125	-57.285404
2659.179688	-58.301060
2660.156250	-58.261959
2661.132812	-59.102619
2662.109375	-59.593510
2663.085938	-59.029739
2664.062500	-60.182358
2665.039062	-59.503136
2666.015625	-60.112740
2666.992188	-60.794403
2667.968750	-59.581493
2668.945312	-58.903774
2669.921875	-59.947865
2670.898438	-59.255505
2671.875000	-60.483658
2672.851562	-60.357044
2673.828125	-60.142464
2674.804688	-59.999504
2675.781250	-60.043530
2676.757812	-60.735989
2677.734375	-61.746117
2678.710938	-60.903160
2679.687500	-60.748230
2680.664062	-60.916687
2681.640625	-60.514271
2682.617188	-60.057308
2683.593750	-60.642384
2684.570312	-61.503555
2685.546875	-59.665180
2686.523438	-62.387260
2687.500000	-61.668205
2688.476562	-61.170227
2689.453125	-61.486462
2690.429688	-61.479084
2691.406250	-61.888535
2692.382812	-60.765041
2693.359375	-60.920364
2694.335938	-61.789661
2695.312500	-61.693333
2696.289062	-63.585438
2697.265625	-62.389530
2698.242188	-63.103699
2699.218750	-63.580715
2700.195312	-63.028950
2701.171875	-63.237831
2702.148438	-62.674465
2703.125000	-63.752243
2704.101562	-62.437916
2705.078125	-63.202633
2706.054688	-63.650993
2707.031250	-63.801533
2708.007812	-64.374268
2708.984375	-64.105247
2709.960938	-63.033630
2710.937500	-63.862053
2711.914062	-64.280678
2712.890625	-64.704613
2713.867188	-64.361542
2714.843750	-63.138645
2715.820312	-63.439972
2716.796875	-63.727814
2717.773438	-64.643150
2718.750000	-62.765934
2719.726562	-64.985733
2720.703125	-62.716148
2721.679688	-65.217751
2722.656250	-64.649727
2723.632812	-64.295975
2724.609375	-63.389946
2725.585938	-64.842094
2726.562500	-64.559349
2727.539062	-64.506577
2728.515625	-65.445641
2729.492188	-64.628883
2730.468750	-64.040878
2731.445312	-64.674278
2732.421875	-65.128426
2733.398438	-64.148514
2734.375000	-64.761002
2735.351562	-64.567108
2736.328125	-64.269669
2737.304688	-63.116642
2738.281250	-64.865135
2739.257812	-64.883476
2740.234375	-64.455177
2741.210938	-64.746559
2742.187500	-65.372940
2743.164062	-64.691856
2744.140625	-65.344063
2745.117188	-64.737724
2746.093750	-65.362801
2747.070312	-65.957672
2748.046875	-65.242485
2749.023438	-65.550240
2750.000000	-65.978355
2750.976562	-64.381065
2751.953125	-67.369026
2752.929688	-66.598862
2753.906250	-65.527542
2754.882812	-64.167091
2755.859375	-65.141190
2756.835938	-63.873005
2757.812500	-66.211914
2758.789062	-67.170319
2759.765625	-66.305717
2760.742188	-66.559753
2761.718750	-65.990112
2762.695312	-64.724800
2763.671875	-65.161552
2764.648438	-64.414536
2765.625000	-65.261116
2766.601562	-65.002151
2767.578125	-64.645905
2768.554688	-64.051384
2769.531250	-64.820320
2770.507812	-64.366570
2771.484375	-64.360039
2772.460938	-65.636597
2773.437500	-65.459053
2774.414062	-64.238358
2775.390625	-64.084656
2776.367188	-65.747307
2777.343750	-65.440681
2778.320312	-66.705742
2779.296875	-66.723419
2780.273438	-65.118538
2781.250000	-64.458321
2782.226562	-64.638443
2783.203125	-64.120956
2784.179688	-62.443058
2785.156250	-65.074074
2786.132812	-65.180008
2787.109375	-65.730484
2788.085938	-65.000854
2789.062500	-64.704185
2790.039062	-64.996475
2791.015625	-65.298447
2791.992188	-64.349754
2792.968750	-65.875969
2793.945312	-64.656662
2794.921875	-63.622635
2795.898438	-63.992043
2796.875000	-65.987175
2797.851562	-64.280434
2798.828125	-65.591896
2799.804688	-64.733749
2800.781250	-63.139683
2801.757812	-63.569412
2802.734375	-63.417427
2803.710938	-63.814690
2804.687500	-64.960152
2805.664062	-65.012199
2806.640625	-64.386955
2807.617188	-63.605999
2808.593750	-64.586563
2809.570312	-64.804146
2810.546875	-65.783020
2811.523438	-63.586521
2812.500000	-63.725266
2813.476562	-64.872093
2814.453125	-64.865913
2815.429688	-64.408981
2816.406250	-63.693157
2817.382812	-63.526630
2818.359375	-63.819530
2819.335938	-63.587914
2820.312500	-65.520523
2821.289062	-63.913082
2822.265625	-63.011219
2823.242188	-64.127136
2824.218750	-63.618938
2825.195312	-63.773811
2826.171875	-63.325459
2827.148438	-63.028111
2828.125000	-62.624668
2829.101562	-64.028732
2830.078125	-62.799416
2831.054688	-63.076202
2832.031250	-62.745926
2833.007812	-61.981415
2833.984375	-62.232464
2834.960938	-63.188442
2835.937500	-62.203503
2836.914062	-62.299988
2837.890625	-62.102131
2838.867188	-61.805744
2839.843750	-61.258404
2840.820312	-62.362019
2841.796875	-62.607525
2842.773438	-61.277996
2843.750000	-61.454830
2844.726562	-61.121849
2845.703125	-61.520496
2846.679688	-61.547501
2847.656250	-61.083382
2848.632812	-60.985954
2849.609375	-60.992607
2850.585938	-60.585575
2851.562500	-60.231102
2852.539062	-60.343613
2853.515625	-60.754620
2854.492188	-59.889683
2855.468750	-60.388000
2856.445312	-60.665554
2857.421875	-58.707951
2858.398438	-59.677235
2859.375000	-60.064739
2860.351562	-59.561634
2861.328125	-59.746223
2862.304688	-59.636604
2863.281250	-59.557926
2864.257812	-57.912148
2865.234375	-58.738758
2866.210938	-59.614937
2867.187500	-59.558472
2868.164062	-58.282452
2869.140625	-58.069096
2870.117188	-56.540546
2871.093750	-58.456234
2872.070312	-58.916218
2873.046875	-57.182655
2874.023438	-57.377499
2875.000000	-58.382187
2875.976562	-56.869255
2876.953125	-57.321877
2877.929688	-58.097343
2878.906250	-56.654259
2879.882812	-56.960011
2880.859375	-56.577595
2881.835938	-57.085091
2882.812500	-56.613800
2883.789062	-56.927383
2884.765625	-56.470112
2885.742188	-55.877800
2886.718750	-56.127819
2887.695312	-55.797668
2888.671875	-56.112133
2889.648438	-56.208553
2890.625000	-57.334953
2891.601562	-55.796692
2892.578125	-56.883053
2893.554688	-55.248215
2894.531250	-55.720524
2895.507812	-55.243313
2896.484375	-56.068832
2897.460938	-55.194565
2898.437500	-56.514515
2899.414062	-56.154068
2900.390625	-55.948452
2901.367188	-55.613586
2902.343750	-54.592461
2903.320312	-55.098377
2904.296875	-56.383896
2905.273438	-57.019123
2906.250000	-57.567596
2907.226562	-57.632607
2908.203125	-58.016289
2909.179688	-58.055958
2910.156250	-57.270287
2911.132812	-57.783409
2912.109375	-58.050545
2913.085938	-56.173931
2914.062500	-56.184238
2915.039062	-57.609512
2916.015625	-56.641685
2916.992188	-58.688515
2917.968750	-57.839897
2918.945312	-57.801628
2919.921875	-59.867401
2920.898438	-59.597195
2921.875000	-58.922890
2922.851562	-58.423409
2923.828125	-57.469044
2924.804688	-59.051762
2925.781250	-58.752445
2926.757812	-60.316433
2927.734375	-59.116276
2928.710938	-58.620098
2929.687500	-60.730042
2930.664062	-59.782883
2931.640625	-59.345200
2932.617188	-59.915981
2933.593750	-60.977051
2934.570312	-59.728020
2935.546875	-59.293102
2936.523438	-60.883331
2937.500000	-60.821095
2938.476562	-60.432224
2939.453125	-60.310982
2940.429688	-60.705528
2941.406250	-62.383423
2942.382812	-61.709751
2943.359375	-61.240437
2944.335938	-61.070766
2945.312500	-61.465523
2946.289062	-62.750805
2947.265625	-61.324009
2948.242188	-62.220032
2949.218750	-60.946705
2950.195312	-62.528515
2951.171875	-61.858036
2952.148438	-63.467739
2953.125000	-62.039467
2954.101562	-61.473339
2955.078125	-62.461769
2956.054688	-63.325905
2957.031250	-63.605949
2958.007812	-64.447479
2958.984375	-62.997097
2959.960938	-62.222420
2960.937500	-62.356552
2961.914062	-64.609123
2962.890625	-64.624306
2963.867188	-62.764961
2964.843750	-61.861504
2965.820312	-63.219616
2966.796875	-64.322105
2967.773438	-64.219833
2968.750000	-63.194332
2969.726562	-63.293262
2970.703125	-63.572533
2971.679688	-63.444996
2972.656250	-63.594059
2973.632812	-64.963959
2974.609375	-63.570442
2975.585938	-63.342606
2976.562500	-64.395203
2977.539062	-63.835747
2978.515625	-63.990143
2979.492188	-65.138023
2980.468750	-65.045448
2981.445312	-62.735111
2982.421875	-63.791473
2983.398438	-65.950935
2984.375000	-63.948200
2985.351562	-64.028046
2986.328125	-65.027946
2987.304688	-64.656494
2988.281250	-64.649284
2989.257812	-64.727104
2990.234375	-65.341156
2991.210938	-64.879272
2992.187500	-63.529411
2993.164062	-64.443901
2994.140625	-63.405979
2995.117188	-64.879036
2996.093750	-64.999626
2997.070312	-64.940849
2998.046875	-65.161545
2999.023438	-65.152344
3000.000000	-64.638557
3000.976562	-66.038437
3001.953125	-65.407761
3002.929688	-65.463394
3003.906250	-65.827034
3004.882812	-65.075783
3005.859375	-64.166412
3006.835938	-66.613213
3007.812500	-65.741798
3008.789062	-65.850113
3009.765625	-64.685196
3010.742188	-65.145515
3011.718750	-65.346458
3012.695312	-65.468498
3013.671875	-64.650665
3014.648438	-65.779808
3015.625000	-65.646736
3016.601562	-66.265038
3017.578125	-65.305649
3018.554688	-64.141098
3019.531250	-66.284866
3020.507812	-65.205528
3021.484375	-64.312569
3022.460938	-64.628296
3023.437500	-64.896812
3024.414062	-63.985897
3025.390625	-64.394493
3026.367188	-64.932350
3027.343750	-65.348953
3028.320312	-66.151367
3029.296875	-64.845490
3030.273438	-64.929169
3031.250000	-67.392433
3032.226562	-65.141884
3033.203125	-65.096359
3034.179688	-65.440353
3035.156250	-66.178528
3036.132812	-65.422012
3037.109375	-65.177544
3038.085938	-65.213631
3039.062500	-65.559029
3040.039062	-63.864143
3041.015625	-65.273087
3041.992188	-65.937363
3042.968750	-65.592201
3043.945312	-65.405151
3044.921875	-65.054680
3045.898438	-63.982071
3046.875000	-65.164665
3047.851562	-65.002068
3048.828125	-64.921135
3049.804688	-65.366364
3050.781250	-64.873474
3051.757812	-65.621773
3052.734375	-64.820740
3053.710938	-64.811295
3054.687500	-63.583511
3055.664062	-64.198853
3056.640625	-63.509842
3057.617188	-65.353157
3058.593750	-64.971016
3059.570312	-64.295189
3060.546875	-64.385941
3061.523438	-64.518394
3062.500000	-64.654068
3063.476562	-64.686043
3064.453125	-64.339073
3065.429688	-65.079170
3066.406250	-64.608124
3067.382812	-64.558937
3068.359375	-64.132996
3069.335938	-65.110222
3070.312500	-65.198128
3071.289062	-64.629585
3072.265625	-64.030098
3073.242188	-64.016876
3074.218750	-64.681679
3075.195312	-65.131721
3076.171875	-63.003559
3077.148438	-63.400833
3078.125000	-64.094818
3079.101562	-63.874123
3080.078125	-63.153702
3081.054688	-63.378448
3082.031250	-63.615345
3083.007812	-61.843269
3083.984375	-62.197803
3084.960938	-62.418659
3085.937500	-64.156158
3086.914062	-62.827774
3087.890625	-63.418152
3088.867188	-62.835018
3089.843750	-63.605385
3090.820312	-62.310436
3091.796875	-62.450459
3092.773438	-61.940704
3093.750000	-61.463207
3094.726562	-62.662037
3095.703125	-61.764656
3096.679688	-61.693932
3097.656250	-61.951290
3098.632812	-61.018616
3099.609375	-62.494247
3100.585938	-60.833496
3101.562500	-61.758678
3102.539062	-60.562756
3103.515625	-60.658878
3104.492188	-60.756977
3105.468750	-59.936298
3106.445312	-59.494415
3107.421875	-59.724800
3108.398438	-61.044926
3109.375000	-60.734818
3110.351562	-60.137005
3111.328125	-60.176598
3112.304688	-60.821499
3113.281250	-59.244633
3114.257812	-60.650043
3115.234375	-61.416721
3116.210938	-59.022778
3117.187500	-58.693806
3118.164062	-59.151039
3119.140625	-59.609745
3120.117188	-57.727383
3121.093750	-58.726414
3122.070312	-57.900326
3123.046875	-57.998295
3124.023438	-58.045906
3125.000000	-57.957119
3125.976562	-57.990013
3126.953125	-56.769085
3127.929688	-56.854164
3128.906250	-58.195518
3129.882812	-57.506386
3130.859375	-57.115257
3131.835938	-55.610294
3132.812500	-55.968563
3133.789062	-57.305664
3134.765625	-55.752010
3135.742188	-55.779762
3136.718750	-56.406101
3137.695312	-54.761948
3138.671875	-55.099369
3139.648438	-56.442455
3140.625000	-55.417747
3141.601562	-56.024319
3142.578125	-54.285030
3143.554688	-55.753902
3144.531250	-54.473591
3145.507812	-54.457973
3146.484375	-54.678246
3147.460938	-54.850376
3148.437500	-55.325928
3149.414062	-54.314770
3150.390625	-55.444962
3151.367188	-55.471527
3152.343750	-54.019295
3153.320312	-56.457542
3154.296875	-54.453945
3155.273438	-54.286079
3156.250000	-54.947769
3157.226562	-55.953575
3158.203125	-55.301861
3159.179688	-55.391975
3160.156250	-56.425972
3161.132812	-56.039452
3162.109375	-54.812126
3163.085938	-55.955963
3164.062500	-56.066196
3165.039062	-55.270370
3166.015625	-55.876503
3166.992188	-56.025417
3167.968750	-57.084583
3168.945312	-56.637043
3169.921875	-56.770084
3170.898438	-56.898853
3171.875000	-57.424149
3172.851562	-56.649376
3173.828125	-57.145741
3174.804688	-58.180561
3175.781250	-57.167217
3176.757812	-57.656429
3177.734375	-57.594685
3178.710938	-58.262665
3179.687500	-57.666840
3180.664062	-60.381924
3181.640625	-59.139095
3182.617188	-58.513245
3183.593750	-58.949924
3184.570312	-59.180454
3185.546875	-59.912472
3186.523438	-58.713303
3187.500000	-59.052711
3188.476562	-59.390476
3189.453125	-59.973381
3190.429688	-59.816235
3191.406250	-59.153824
3192.382812	-59.940308
3193.359375	-61.262917
3194.335938	-60.481590
3195.312500	-60.996845
3196.289062	-60.711098
3197.265625	-61.313725
3198.242188	-61.250023
3199.218750	-60.742950
3200.195312	-60.727661
3201.171875	-60.859745
3202.148438	-61.835037
3203.125000	-61.937721
3204.101562	-60.287582
3205.078125	-62.031681
3206.054688	-62.098896
3207.031250	-60.813869
3208.007812	-61.332806
3208.984375	-61.653709
3209.960938	-61.633583
3210.937500	-60.863903
3211.914062	-62.987289
3212.890625	-64.192009
3213.867188	-62.544327
3214.843750	-62.176205
3215.820312	-63.130650
3216.796875	-62.475182
3217.773438	-62.846806
3218.750000	-63.455196
3219.726562	-62.542114
3220.703125	-62.743305
3221.679688	-63.372654
3222.656250	-62.575500
3223.632812	-63.166576
3224.609375	-63.673668
3225.585938	-64.318329
3226.562500	-64.516403
3227.539062	-64.714760
3228.515625	-63.312405
3229.492188	-65.793289
3230.468750	-62.768280
3231.445312	-63.518242
3232.421875	-63.323257
3233.398438	-63.382107
3234.375000	-64.311684
3235.351562	-64.570282
3236.328125	-65.131432
3237.304688	-65.079964
3238.281250	-66.721832
3239.257812	-64.448349
3240.234375	-63.353180
3241.210938	-64.679764
3242.187500	-63.664371
3243.164062	-64.672417
3244.140625	-64.675980
3245.117188	-64.389862
3246.093750	-64.609818
3247.070312	-63.792145
3248.046875	-64.621277
3249.023438	-66.087013
3250.000000	-64.934723
3250.976562	-64.622612
3251.953125	-64.296799
3252.929688	-64.643349
3253.906250	-64.494949
3254.882812	-65.840553
3255.859375	-65.165100
3256.835938	-64.052689
3257.812500	-65.286034
3258.789062	-65.345039
3259.765625	-66.592018
3260.742188	-65.576675
3261.718750	-65.315331
3262.695312	-64.235489
3263.671875	-64.909805
3264.648438	-67.381210
3265.625000	-64.298859
3266.601562	-64.939491
3267.578125	-63.828075
3268.554688	-63.788151
3269.531250	-64.909378
3270.507812	-65.338707
3271.484375	-64.354286
3272.460938	-65.810516
3273.437500	-65.000175
3274.414062	-64.342522
3275.390625	-65.928093
3276.367188	-64.431870
3277.343750	-65.007095
3278.320312	-64.108368
3279.296875	-65.093773
3280.273438	-65.346451
3281.250000	-65.124283
3282.226562	-65.853027
3283.203125	-65.830757
3284.179688	-65.076653
3285.156250	-64.609543
3286.132812	-65.827393
3287.109375	-62.688816
3288.085938	-65.168266
3289.062500	-64.032753
3290.039062	-65.370583
3291.015625	-64.098091
3291.992188	-64.152252
3292.968750	-64.858574
3293.945312	-64.214554
3294.921875	-63.616428
3295.898438	-64.479446
3296.875000	-64.873566
3297.851562	-64.753899
3298.828125	-65.633659
3299.804688	-64.856750
3300.781250	-66.028564
3301.757812	-65.361160
3302.734375	-65.135239
3303.710938	-66.820251
3304.687500	-64.591423
3305.664062	-64.407066
3306.640625	-64.196289
3307.617188	-64.646988
3308.593750	-64.613716
3309.570312	-65.554520
3310.546875	-64.548538
3311.523438	-64.677773
3312.500000	-64.485504
3313.476562	-63.392807
3314.453125	-64.650101
3315.429688	-64.384964
3316.406250	-63.833900
3317.382812	-64.348595
3318.359375	-65.623360
3319.335938	-64.536018
3320.312500	-64.900185
3321.289062	-64.053673
3322.265625	-64.283752
3323.242188	-64.833260
3324.218750	-64.202522
3325.195312	-65.042412
3326.171875	-64.812431
3327.148438	-63.803009
3328.125000	-63.069538
3329.101562	-64.468323
3330.078125	-63.000324
3331.054688	-63.389549
3332.031250	-63.545803
3333.007812	-63.402714
3333.984375	-63.485336
3334.960938	-64.593704
3335.937500	-62.618938
3336.914062	-64.437859
3337.890625	-63.674149
3338.867188	-64.181129
3339.843750	-63.075130
3340.820312	-63.225433
3341.796875	-62.189007
3342.773438	-63.515228
3343.750000	-62.957554
3344.726562	-62.180428
3345.703125	-62.625244
3346.679688	-62.181412
3347.656250	-61.389008
3348.632812	-63.480625
3349.609375	-60.848145
3350.585938	-61.917145
3351.562500	-60.407257
3352.539062	-61.919422
3353.515625	-62.322956
3354.492188	-61.773579
3355.468750	-60.803329
3356.445312	-60.978035
3357.421875	-60.231728
3358.398438	-61.008976
3359.375000	-60.575508
3360.351562	-59.252914
3361.328125	-59.346081
3362.304688	-60.046535
3363.281250	-59.054832
3364.257812	-61.481758
3365.234375	-60.779755
3366.210938	-59.711796
3367.187500	-59.499088
3368.164062	-60.716755
3369.140625	-59.657722
3370.117188	-59.826828
3371.093750	-58.700405
3372.070312	-58.469376
3373.046875	-58.759609
3374.023438	-58.468166
3375.000000	-58.353573
3375.976562	-58.812855
3376.953125	-58.412651
3377.929688	-58.337345
3378.906250	-58.301899
3379.882812	-58.440201
3380.859375	-57.311260
3381.835938	-56.869984
3382.812500	-56.820431
3383.789062	-55.884468
3384.765625	-56.692879
3385.742188	-57.329723
3386.718750	-58.339657
3387.695312	-57.094570
3388.671875	-57.641998
3389.648438	-56.882278
3390.625000	-56.584084
3391.601562	-55.424194
3392.578125	-55.878139
3393.554688	-57.329556
3394.531250	-56.257576
3395.507812	-56.288677
3396.484375	-54.485039
3397.460938	-55.623440
3398.437500	-54.649837
3399.414062	-54.359829
3400.390625	-55.141087
3401.367188	-54.448238
3402.343750	-54.393166
3403.320312	-53.760387
3404.296875	-54.951298
3405.273438	-55.880173
3406.250000	-53.660488
3407.226562	-54.194653
3408.203125	-54.444607
3409.179688	-54.965889
3410.156250	-53.918674
3411.132812	-53.625992
3412.109375	-55.089706
3413.085938	-53.843040
3414.062500	-53.741692
3415.039062	-54.950325
3416.015625	-55.257359
3416.992188	-53.984913
3417.968750	-55.212074
3418.945312	-55.085453
3419.921875	-55.299419
3420.898438	-54.424652
3421.875000	-55.631046
3422.851562	-54.670673
3423.828125	-55.396450
3424.804688	-54.982407
3425.781250	-55.738129
3426.757812	-56.130005
3427.734375	-56.406612
3428.710938	-57.360928
3429.687500	-56.740002
3430.664062	-57.049179
3431.640625	-57.470207
3432.617188	-57.185417
3433.593750	-57.876503
3434.570312	-57.054840
3435.546875	-57.401390
3436.523438	-58.788513
3437.500000	-59.219479
3438.476562	-58.260918
3439.453125	-57.846245
3440.429688	-57.773174
3441.406250	-58.059902
3442.382812	-59.754501
3443.359375	-59.911419
3444.335938	-57.525249
3445.312500	-58.647766
3446.289062	-58.062210
3447.265625	-57.884937
3448.242188	-58.598728
3449.218750	-60.251637
3450.195312	-60.183643
3451.171875	-60.496220
3452.148438	-59.643822
3453.125000	-60.745895
3454.101562	-60.674362
3455.078125	-59.898746
3456.054688	-60.585148
3457.031250	-61.419712
3458.007812	-59.857246
3458.984375	-60.983330
3459.960938	-60.780949
3460.937500	-61.034134
3461.914062	-61.484119
3462.890625	-61.323750
3463.867188	-61.910934
3464.843750	-61.771065
3465.820312	-62.203526
3466.796875	-62.462795
3467.773438	-62.028980
3468.750000	-61.990192
3469.726562	-61.454487
3470.703125	-62.158978
3471.679688	-63.813084
3472.656250	-62.961136
3473.632812	-62.103565
3474.609375	-63.229252
3475.585938	-64.357254
3476.562500	-63.421970
3477.539062	-62.492943
3478.515625	-63.501564
3479.492188	-63.350960
3480.468750	-63.353432
3481.445312	-63.321953
3482.421875	-63.547241
3483.398438	-62.671947
3484.375000	-63.883183
3485.351562	-64.875572
3486.328125	-62.826611
3487.304688	-63.223663
3488.281250	-64.972900
3489.257812	-64.742775
3490.234375	-63.847328
3491.210938	-62.743816
3492.187500	-63.388409
3493.164062	-62.235867
3494.140625	-63.638710
3495.117188	-63.163399
3496.093750	-62.831184
3497.070312	-64.066971
3498.046875	-63.035709
3499.023438	-64.047852
3500.000000	-64.281868
3500.976562	-64.484833
3501.953125	-64.339073
3502.929688	-63.928570
3503.906250	-64.413948
3504.882812	-64.086769
3505.859375	-63.574692
3506.835938	-64.614662
3507.812500	-63.939209
3508.789062	-63.675961
3509.765625	-64.852318
3510.742188	-64.949577
3511.718750	-63.545109
3512.695312	-65.893059
3513.671875	-64.773140
3514.648438	-64.219131
3515.625000	-65.307487
3516.601562	-66.362656
3517.578125	-64.323517
3518.554688	-64.936653
3519.531250	-64.016525
3520.507812	-65.359848
3521.484375	-64.533333
3522.460938	-63.962875
3523.437500	-65.583420
3524.414062	-64.239418
3525.390625	-64.952927
3526.367188	-65.511833
3527.343750	-64.100342
3528.320312	-63.736988
3529.296875	-65.828598
3530.273438	-64.951836
3531.250000	-66.113625
3532.226562	-64.885231
3533.203125	-64.762505
3534.179688	-64.219925
3535.156250	-64.617500
3536.132812	-63.433811
3537.109375	-65.432465
3538.085938	-64.825630
3539.062500	-65.636162
3540.039062	-66.080727
3541.015625	-66.627480
3541.992188	-65.182419
3542.968750	-64.196083
3543.945312	-64.547173
3544.921875	-65.003311
3545.898438	-64.934647
3546.875000	-65.552711
3547.851562	-66.619240
3548.828125	-64.721687
3549.804688	-65.536819
3550.781250	-65.224060
3551.757812	-65.385117
3552.734375	-64.969086
3553.710938	-65.220284
3554.687500	-65.567284
3555.664062	-64.152000
3556.640625	-65.571526
3557.617188	-64.493484
3558.593750	-65.051430
3559.570312	-64.078468
3560.546875	-65.348328
3561.523438	-64.942513
3562.500000	-65.921150
3563.476562	-64.234642
3564.453125	-64.410995
3565.429688	-64.527130
3566.406250	-64.497917
3567.382812	-63.903698
3568.359375	-64.081787
3569.335938	-64.565575
3570.312500	-65.202835
3571.289062	-63.718475
3572.265625	-63.240643
3573.242188	-63.387810
3574.218750	-63.529194
3575.195312	-63.797012
3576.171875	-63.329044
3577.148438	-63.697884
3578.125000	-63.048401
3579.101562	-63.149700
3580.078125	-63.869862
3581.054688	-63.361938
3582.031250	-63.942554
3583.007812	-63.687332
3583.984375	-62.843517
3584.960938	-64.355682
3585.937500	-63.162785
3586.914062	-63.167290
3587.890625	-64.029343
3588.867188	-64.389381
3589.843750	-64.018143
3590.820312	-63.333851
3591.796875	-63.044857
3592.773438	-63.005447
3593.750000	-64.127670
3594.726562	-62.852558
3595.703125	-63.537441
3596.679688	-62.206951
3597.656250	-62.803375
3598.632812	-62.782307
3599.609375	-63.042027
3600.585938	-63.308270
3601.562500	-62.986858
3602.539062	-63.182533
3603.515625	-62.327641
3604.492188	-61.494595
3605.468750	-62.336128
3606.445312	-63.367935
3607.421875	-62.263664
3608.398438	-62.095528
3609.375000	-61.975365
3610.351562	-61.229813
3611.328125	-61.793430
3612.304688	-61.312523
3613.281250	-62.296162
3614.257812	-60.417480
3615.234375	-61.619923
3616.210938	-60.339344
3617.187500	-60.274666
3618.164062	-60.053822
3619.140625	-60.812901
3620.117188	-59.170021
3621.093750	-61.156757
3622.070312	-59.938759
3623.046875	-59.466511
3624.023438	-60.014416
3625.000000	-59.343567
3625.976562	-60.090343
3626.953125	-59.237785
3627.929688	-61.552425
3628.906250	-59.378090
3629.882812	-59.542484
3630.859375	-59.506096
3631.835938	-59.645664
3632.812500	-58.623512
3633.789062	-59.149895
3634.765625	-58.021713
3635.742188	-58.258572
3636.718750	-58.252941
3637.695312	-58.458702
3638.671875	-58.452065
3639.648438	-57.204399
3640.625000	-56.791122
3641.601562	-55.962486
3642.578125	-57.068954
3643.554688	-58.239235
3644.531250	-57.012836
3645.507812	-57.152729
3646.484375	-57.192295
3647.460938	-55.585152
3648.437500	-56.439037
3649.414062	-54.974239
3650.390625	-55.262783
3651.367188	-56.979923
3652.343750	-55.504429
3653.320312	-56.780659
3654.296875	-54.858288
3655.273438	-54.199444
3656.250000	-53.807289
3657.226562	-55.417873
3658.203125	-53.846478
3659.179688	-54.320240
3660.156250	-55.356422
3661.132812	-55.301804
3662.109375	-54.446716
3663.085938	-54.053501
3664.062500	-53.414780
3665.039062	-53.876022
3666.015625	-53.632977
3666.992188	-53.548523
3667.968750	-52.892662
3668.945312	-54.625439
3669.921875	-55.020191
3670.898438	-55.060104
3671.875000	-54.646156
3672.851562	-54.480404
3673.828125	-55.873440
3674.804688	-56.052200
3675.781250	-55.083031
3676.757812	-54.705250
3677.734375	-54.260777
3678.710938	-55.859379
3679.687500	-54.150543
3680.664062	-56.248772
3681.640625	-54.664204
3682.617188	-55.393738
3683.593750	-56.370747
3684.570312	-54.968658
3685.546875	-57.532352
3686.523438	-56.027649
3687.500000	-56.135288
3688.476562	-56.500618
3689.453125	-55.653255
3690.429688	-56.510834
3691.406250	-57.278030
3692.382812	-57.438107
3693.359375	-57.329487
3694.335938	-58.115559
3695.312500	-58.428478
3696.289062	-57.641266
3697.265625	-57.572857
3698.242188	-58.761097
3699.218750	-58.638206
3700.195312	-57.825081
3701.171875	-58.840252
3702.148438	-58.667351
3703.125000	-58.407299
3704.101562	-59.006618
3705.078125	-59.704834
3706.054688	-58.639439
3707.031250	-59.421566
3708.007812	-59.847969
3708.984375	-59.479263
3709.960938	-59.380325
3710.937500	-60.393597
3711.914062	-59.654961
3712.890625	-61.013416
3713.867188	-60.810410
3714.843750	-60.145145
3715.820312	-59.594242
3716.796875	-60.186813
3717.773438	-61.832912
3718.750000	-62.512112
3719.726562	-62.750889
3720.703125	-61.861629
3721.679688	-62.413151
3722.656250	-60.966713
3723.632812	-60.415707
3724.609375	-61.577942
3725.585938	-61.437569
3726.562500	-62.199203
3727.539062	-61.688240
3728.515625	-62.040653
3729.492188	-61.502419
3730.468750	-61.721741
3731.445312	-62.318272
3732.421875	-61.228611
3733.398438	-61.454430
3734.375000	-62.245228
3735.351562	-63.355701
3736.328125	-63.838581
3737.304688	-62.441311
3738.281250	-62.810398
3739.257812	-62.319359
3740.234375	-62.632240
3741.210938	-63.581200
3742.187500	-63.081532
3743.164062	-63.201721
3744.140625	-62.841331
3745.117188	-62.405273
3746.093750	-61.967957
3747.070312	-63.411949
3748.046875	-63.283569
3749.023438	-62.408329
3750.000000	-64.116524
3750.976562	-63.609501
3751.953125	-64.812721
3752.929688	-62.974503
3753.906250	-63.937691
3754.882812	-64.303925
3755.859375	-64.610771
3756.835938	-63.131725
3757.812500	-64.637047
3758.789062	-63.624836
3759.765625	-63.831909
3760.742188	-62.740349
3761.718750	-63.719471
3762.695312	-63.794487
3763.671875	-64.421165
3764.648438	-65.573517
3765.625000	-65.222229
3766.601562	-64.438492
3767.578125	-64.502670
3768.554688	-65.019165
3769.531250	-64.481339
3770.507812	-63.610844
3771.484375	-65.216324
3772.460938	-65.667870
3773.437500	-64.644402
3774.414062	-64.609917
3775.390625	-65.813454
3776.367188	-63.940125
3777.343750	-63.267090
3778.320312	-64.158264
3779.296875	-64.841507
3780.273438	-66.406212
3781.250000	-65.458305
3782.226562	-63.650009
3783.203125	-64.082634
3784.179688	-65.436752
3785.156250	-65.397217
3786.132812	-65.594536
3787.109375	-65.143105
3788.085938	-65.432159
3789.062500	-65.338600
3790.039062	-65.193985
3791.015625	-66.149567
3791.992188	-65.404343
3792.968750	-64.793251
3793.945312	-65.676483
3794.921875	-65.183067
3795.898438	-66.101982
3796.875000	-64.285042
3797.851562	-64.092888
3798.828125	-65.040596
3799.804688	-65.810410
3800.781250	-65.286499
3801.757812	-64.797890
3802.734375	-64.631004
3803.710938	-65.216545
3804.687500	-65.208679
3805.664062	-65.639755
3806.640625	-65.528557
3807.617188	-65.045105
3808.593750	-64.406059
3809.570312	-65.083290
3810.546875	-64.785706
3811.523438	-64.097382
3812.500000	-64.106522
3813.476562	-65.173203
3814.453125	-66.000717
3815.429688	-64.234428
3816.406250	-64.431450
3817.382812	-65.002708
3818.359375	-65.486298
3819.335938	-63.964996
3820.312500	-64.215416
3821.289062	-64.830276
3822.265625	-64.524963
3823.242188	-63.233852
3824.218750	-64.674644
3825.195312	-64.624580
3826.171875	-64.352188
3827.148438	-62.941452
3828.125000	-63.107513
3829.101562	-65.967125
3830.078125	-63.926525
3831.054688	-64.878197
3832.031250	-65.306519
3833.007812	-63.223774
3833.984375	-64.069756
3834.960938	-63.360950
3835.937500	-64.133430
3836.914062	-64.929359
3837.890625	-64.558617
3838.867188	-64.574081
3839.843750	-63.669323
3840.820312	-64.451126
3841.796875	-65.016930
3842.773438	-63.559078
3843.750000	-62.896687
3844.726562	-63.488697
3845.703125	-63.902653
3846.679688	-63.600872
3847.656250	-63.736706
3848.632812	-63.258526
3849.609375	-63.527649
3850.585938	-65.023697
3851.562500	-62.740372
3852.539062	-63.470905
3853.515625	-62.713467
3854.492188	-62.671440
3855.468750	-62.901482
3856.445312	-61.575344
3857.421875	-62.871498
3858.398438	-62.512478
3859.375000	-62.848602
3860.351562	-61.907887
3861.328125	-62.638016
3862.304688	-61.321907
3863.281250	-63.215885
3864.257812	-62.495838
3865.234375	-61.227116
3866.210938	-61.798920
3867.187500	-61.775368
3868.164062	-60.900116
3869.140625	-60.972610
3870.117188	-62.052364
3871.093750	-61.109806
3872.070312	-60.905121
3873.046875	-60.778572
3874.023438	-60.527130
3875.000000	-62.065456
3875.976562	-61.560207
3876.953125	-61.657948
3877.929688	-59.909538
3878.906250	-59.594410
3879.882812	-61.243645
3880.859375	-60.848469
3881.835938	-60.205757
3882.812500	-58.203556
3883.789062	-58.780956
3884.765625	-60.095066
3885.742188	-59.515945
3886.718750	-59.486362
3887.695312	-59.980137
3888.671875	-58.541096
3889.648438	-60.162086
3890.625000	-59.130543
3891.601562	-58.573933
3892.578125	-58.764156
3893.554688	-57.988800
3894.531250	-57.774002
3895.507812	-57.936649
3896.484375	-56.572636
3897.460938	-57.564762
3898.437500	-58.300877
3899.414062	-56.756847
3900.390625	-55.995525
3901.367188	-56.412964
3902.343750	-57.106766
3903.320312	-58.424812
3904.296875	-56.345306
3905.273438	-56.329494
3906.250000	-57.104267
3907.226562	-55.818554
3908.203125	-55.439583
3909.179688	-55.448799
3910.156250	-55.639874
3911.132812	-55.332066
3912.109375	-56.337933
3913.085938	-55.715290
3914.062500	-54.962063
3915.039062	-53.911484
3916.015625	-55.282726
3916.992188	-54.654499
3917.968750	-55.202080
3918.945312	-54.637844
3919.921875	-54.211136
3920.898438	-53.944893
3921.875000	-52.634247
3922.851562	-53.793892
3923.828125	-53.525085
3924.804688	-53.360989
3925.781250	-53.041740
3926.757812	-54.811455
3927.734375	-53.443752
3928.710938	-52.516483
3929.687500	-53.465179
3930.664062	-53.273033
3931.640625	-53.946266
3932.617188	-53.177807
3933.593750	-53.968567
3934.570312	-53.907154
3935.546875	-53.325047
3936.523438	-53.430683
3937.500000	-55.272209
3938.476562	-54.945950
3939.453125	-53.811829
3940.429688	-54.034313
3941.406250	-54.558102
3942.382812	-54.815868
3943.359375	-54.006752
3944.335938	-54.873779
3945.312500	-56.232002
3946.289062	-55.909969
3947.265625	-56.786461
3948.242188	-56.896526
3949.218750	-56.275730
3950.195312	-57.330677
3951.171875	-57.677528
3952.148438	-56.090092
3953.125000	-56.614773
3954.101562	-57.413643
3955.078125	-57.253345
3956.054688	-57.764088
3957.031250	-58.152473
3958.007812	-58.165859
3958.984375	-57.552273
3959.960938	-57.094601
3960.937500	-57.211102
3961.914062	-58.335281
3962.890625	-59.229263
3963.867188	-59.998352
3964.843750	-59.224133
3965.820312	-59.141247
3966.796875	-59.850666
3967.773438	-58.952671
3968.750000	-59.518642
3969.726562	-59.465443
3970.703125	-59.874195
3971.679688	-60.498161
3972.656250	-60.878784
3973.632812	-61.363007
3974.609375	-61.066940
3975.585938	-60.073608
3976.562500	-61.563927
3977.539062	-61.695644
3978.515625	-60.606255
3979.492188	-61.299240
3980.468750	-62.031147
3981.445312	-60.491398
3982.421875	-61.417873
3983.398438	-60.420605
3984.375000	-61.731800
3985.351562	-59.946297
3986.328125	-60.907623
3987.304688	-62.272881
3988.281250	-62.527908
3989.257812	-62.058952
3990.234375	-62.796745
3991.210938	-62.721756
3992.187500	-62.223919
3993.164062	-62.184841
3994.140625	-61.865131
3995.117188	-62.305424
3996.093750	-62.791462
3997.070312	-62.411118
3998.046875	-62.438530
3999.023438	-63.069729
4000.000000	-61.822941
4000.976562	-62.754932
4001.953125	-62.197155
4002.929688	-63.278805
4003.906250	-63.248882
4004.882812	-62.772392
4005.859375	-63.481728
4006.835938	-62.638355
4007.812500	-62.544422
4008.789062	-62.611897
4009.765625	-63.897312
4010.742188	-62.543381
4011.718750	-64.201378
4012.695312	-64.396255
4013.671875	-63.497059
4014.648438	-63.922501
4015.625000	-63.508785
4016.601562	-63.468559
4017.578125	-63.224152
4018.554688	-64.430153
4019.531250	-65.070091
4020.507812	-64.579643
4021.484375	-63.429649
4022.460938	-63.068626
4023.437500	-64.094963
4024.414062	-64.181709
4025.390625	-64.724976
4026.367188	-63.764679
4027.343750	-63.858368
4028.320312	-64.724236
4029.296875	-63.539623
4030.273438	-63.550449
4031.250000	-65.046509
4032.226562	-65.401421
4033.203125	-64.688805
4034.179688	-66.023476
4035.156250	-62.356609
4036.132812	-63.326611
4037.109375	-63.107643
4038.085938	-63.451767
4039.062500	-65.215240
4040.039062	-65.337189
4041.015625	-64.320091
4041.992188	-64.275269
4042.968750	-64.679031
4043.945312	-65.037209
4044.921875	-65.618965
4045.898438	-64.820282
4046.875000	-64.816299
4047.851562	-64.188553
4048.828125	-65.671082
4049.804688	-64.856041
4050.781250	-64.598557
4051.757812	-64.310448
4052.734375	-63.823524
4053.710938	-65.524048
4054.687500	-64.292038
4055.664062	-65.382126
4056.640625	-65.260323
4057.617188	-65.278969
4058.593750	-65.735588
4059.570312	-65.986641
4060.546875	-64.779121
4061.523438	-64.906624
4062.500000	-65.083893
4063.476562	-65.418274
4064.453125	-64.587341
4065.429688	-65.793358
4066.406250	-64.568367
4067.382812	-63.895466
4068.359375	-64.560204
4069.335938	-64.374817
4070.312500	-65.268456
4071.289062	-64.983780
4072.265625	-66.075310
4073.242188	-63.406086
4074.218750	-63.605103
4075.195312	-64.465370
4076.171875	-66.595306
4077.148438	-65.389252
4078.125000	-64.869812
4079.101562	-64.369919
4080.078125	-64.198952
4081.054688	-63.565125
4082.031250	-62.615215
4083.007812	-64.452812
4083.984375	-63.791973
4084.960938	-64.420456
4085.937500	-65.425919
4086.914062	-64.494873
4087.890625	-63.966106
4088.867188	-63.545811
4089.843750	-63.636292
4090.820312	-64.459152
4091.796875	-63.680614
4092.773438	-63.421177
4093.750000	-63.665699
4094.726562	-63.156357
4095.703125	-62.713367
4096.679688	-64.147087
4097.656250	-64.473557
4098.632812	-64.990021
4099.609375	-63.776348
4100.585938	-64.598312
4101.562500	-62.535984
4102.539062	-63.162651
4103.515625	-63.733994
4104.492188	-62.494480
4105.468750	-63.182175
4106.445312	-64.396156
4107.421875	-63.525146
4108.398438	-61.693558
4109.375000	-62.801971
4110.351562	-61.781391
4111.328125	-62.459255
4112.304688	-61.850998
4113.281250	-65.210030
4114.257812	-62.865955
4115.234375	-62.926319
4116.210938	-61.676830
4117.187500	-63.910473
4118.164062	-61.668877
4119.140625	-62.948841
4120.117188	-62.962296
4121.093750	-62.489933
4122.070312	-62.296619
4123.046875	-61.867458
4124.023438	-62.918320
4125.000000	-61.587044
4125.976562	-60.797291
4126.953125	-60.416264
4127.929688	-60.387875
4128.906250	-60.204338
4129.882812	-62.040577
4130.859375	-61.435383
4131.835938	-61.633049
4132.812500	-61.925865
4133.789062	-60.821632
4134.765625	-60.339436
4135.742188	-59.152817
4136.718750	-60.058865
4137.695312	-60.162025
4138.671875	-59.731972
4139.648438	-60.375526
4140.625000	-60.565926
4141.601562	-59.578953
4142.578125	-60.599426
4143.554688	-59.214787
4144.531250	-59.541725
4145.507812	-58.944199
4146.484375	-59.614983
4147.460938	-59.265312
4148.437500	-57.410618
4149.414062	-58.514694
4150.390625	-58.192287
4151.367188	-60.154934
4152.343750	-58.185844
4153.320312	-59.119038
4154.296875	-58.781620
4155.273438	-58.500206
4156.250000	-58.363235
4157.226562	-57.937248
4158.203125	-56.547276
4159.179688	-57.944160
4160.156250	-58.390297
4161.132812	-57.690384
4162.109375	-55.840584
4163.085938	-56.549488
4164.062500	-54.550808
4165.039062	-57.018742
4166.015625	-55.403625
4166.992188	-56.019871
4167.968750	-55.771843
4168.945312	-57.060730
4169.921875	-54.553101
4170.898438	-54.837345
4171.875000	-55.708042
4172.851562	-55.133366
4173.828125	-54.396858
4174.804688	-53.403057
4175.781250	-53.612213
4176.757812	-53.864517
4177.734375	-53.744591
4178.710938	-53.567799
4179.687500	-53.368992
4180.664062	-53.050819
4181.640625	-52.965324
4182.617188	-53.721684
4183.593750	-53.906086
4184.570312	-53.258873
4185.546875	-54.145630
4186.523438	-53.287815
4187.500000	-53.419380
4188.476562	-52.297695
4189.453125	-52.864613
4190.429688	-52.825764
4191.406250	-52.695026
4192.382812	-54.201096
4193.359375	-53.633102
4194.335938	-53.442524
4195.312500	-53.412411
4196.289062	-53.153023
4197.265625	-53.925354
4198.242188	-53.837864
4199.218750	-52.871296
4200.195312	-53.485081
4201.171875	-54.808468
4202.148438	-54.393841
4203.125000	-55.915680
4204.101562	-56.049477
4205.078125	-54.569542
4206.054688	-54.692375
4207.031250	-56.070076
4208.007812	-55.525501
4208.984375	-55.946941
4209.960938	-56.893055
4210.937500	-56.370670
4211.914062	-57.483227
4212.890625	-57.441158
4213.867188	-56.502506
4214.843750	-55.358738
4215.820312	-56.841164
4216.796875	-56.888786
4217.773438	-57.875980
4218.750000	-57.717709
4219.726562	-57.067738
4220.703125	-57.740795
4221.679688	-57.163551
4222.656250	-59.306419
4223.632812	-58.984688
4224.609375	-58.079155
4225.585938	-60.979000
4226.562500	-59.448185
4227.539062	-58.897236
4228.515625	-57.842552
4229.492188	-59.790489
4230.468750	-58.558830
4231.445312	-59.571133
4232.421875	-59.354599
4233.398438	-58.860409
4234.375000	-59.127922
4235.351562	-59.820587
4236.328125	-60.384975
4237.304688	-61.199280
4238.281250	-59.844353
4239.257812	-60.020172
4240.234375	-60.301792
4241.210938	-62.912319
4242.187500	-61.564590
4243.164062	-60.652836
4244.140625	-61.982513
4245.117188	-61.580734
4246.093750	-61.237686
4247.070312	-61.069229
4248.046875	-60.973141
4249.023438	-61.752712
4250.000000	-60.940369
4250.976562	-60.372189
4251.953125	-61.703926
4252.929688	-61.418198
4253.906250	-61.984814
4254.882812	-61.387302
4255.859375	-63.242863
4256.835938	-62.167847
4257.812500	-60.915272
4258.789062	-62.868362
4259.765625	-61.950676
4260.742188	-62.534458
4261.718750	-62.683136
4262.695312	-62.698532
4263.671875	-63.512066
4264.648438	-61.793983
4265.625000	-63.019321
4266.601562	-63.086006
4267.578125	-62.489166
4268.554688	-62.242485
4269.531250	-62.094994
4270.507812	-62.486958
4271.484375	-63.131607
4272.460938	-63.645290
4273.437500	-63.416222
4274.414062	-62.571278
4275.390625	-64.040764
4276.367188	-63.958027
4277.343750	-64.371101
4278.320312	-65.151253
4279.296875	-64.009796
4280.273438	-63.961411
4281.250000	-63.326759
4282.226562	-64.083519
4283.203125	-65.184593
4284.179688	-64.241173
4285.156250	-64.847672
4286.132812	-63.699696
4287.109375	-63.258274
4288.085938	-64.174629
4289.062500	-63.021755
4290.039062	-63.992489
4291.015625	-64.098251
4291.992188	-64.355850
4292.968750	-62.759598
4293.945312	-64.317398
4294.921875	-63.921646
4295.898438	-64.411224
4296.875000	-64.145592
4297.851562	-63.724552
4298.828125	-64.276123
4299.804688	-63.919525
4300.781250	-64.429031
4301.757812	-64.790009
4302.734375	-64.143250
4303.710938	-64.649117
4304.687500	-65.242508
4305.664062	-64.302490
4306.640625	-64.733589
4307.617188	-64.540932
4308.593750	-64.394073
4309.570312	-64.416908
4310.546875	-63.243122
4311.523438	-64.263153
4312.500000	-63.981419
4313.476562	-64.458908
4314.453125	-64.234146
4315.429688	-64.489563
4316.406250	-65.020775
4317.382812	-64.080597
4318.359375	-64.417313
4319.335938	-65.093460
4320.312500	-64.049629
4321.289062	-64.266479
4322.265625	-65.216194
4323.242188	-65.105049
4324.218750	-65.127953
4325.195312	-64.417046
4326.171875	-65.378014
4327.148438	-63.570480
4328.125000	-63.910633
4329.101562	-65.636238
4330.078125	-64.414413
4331.054688	-64.583794
4332.031250	-63.876217
4333.007812	-63.926285
4333.984375	-63.920933
4334.960938	-63.976097
4335.937500	-63.430588
4336.914062	-63.596519
4337.890625	-64.916267
4338.867188	-63.746914
4339.843750	-63.369381
4340.820312	-63.925610
4341.796875	-65.499672
4342.773438	-63.849197
4343.750000	-64.604767
4344.726562	-63.827866
4345.703125	-63.732220
4346.679688	-64.454048
4347.656250	-64.386383
4348.632812	-63.258636
4349.609375	-63.653717
4350.585938	-63.964176
4351.562500	-63.520855
4352.539062	-63.944088
4353.515625	-63.686783
4354.492188	-64.457253
4355.468750	-63.204693
4356.445312	-62.631413
4357.421875	-64.345566
4358.398438	-63.339050
4359.375000	-62.351757
4360.351562	-62.675953
4361.328125	-63.058544
4362.304688	-63.483490
4363.281250	-63.471527
4364.257812	-61.894840
4365.234375	-63.666100
4366.210938	-63.447609
4367.187500	-62.592278
4368.164062	-63.139309
4369.140625	-62.718773
4370.117188	-64.012772
4371.093750	-62.584606
4372.070312	-62.363079
4373.046875	-63.110332
4374.023438	-62.378494
4375.000000	-62.338650
4375.976562	-63.190739
4376.953125	-61.698574
4377.929688	-61.099304
4378.906250	-61.211815
4379.882812	-61.286530
4380.859375	-61.504440
4381.835938	-60.848518
4382.812500	-60.794765
4383.789062	-63.230492
4384.765625	-61.373058
4385.742188	-60.885948
4386.718750	-60.383949
4387.695312	-61.331638
4388.671875	-60.503189
4389.648438	-61.803406
4390.625000	-60.447834
4391.601562	-59.617031
4392.578125	-61.302799
4393.554688	-61.311363
4394.531250	-60.570641
4395.507812	-60.661739
4396.484375	-61.112061
4397.460938	-59.844906
4398.437500	-58.967659
4399.414062	-59.579330
4400.390625	-60.074020
4401.367188	-58.398159
4402.343750	-59.956955
4403.320312	-59.724369
4404.296875	-59.276367
4405.273438	-58.329243
4406.250000	-58.767559
4407.226562	-57.608368
4408.203125	-58.507732
4409.179688	-58.104069
4410.156250	-57.759785
4411.132812	-57.064278
4412.109375	-59.243004
4413.085938	-57.913029
4414.062500	-57.309715
4415.039062	-58.010735
4416.015625	-57.621338
4416.992188	-56.837582
4417.968750	-56.938854
4418.945312	-56.937904
4419.921875	-56.365036
4420.898438	-57.117325
4421.875000	-56.899338
4422.851562	-56.141773
4423.828125	-56.602551
4424.804688	-56.141598
4425.781250	-54.919106
4426.757812	-53.967228
4427.734375	-56.351639
4428.710938	-55.925095
4429.687500	-53.604404
4430.664062	-55.752869
4431.640625	-54.617065
4432.617188	-54.296455
4433.593750	-54.345886
4434.570312	-52.961231
4435.546875	-53.904919
4436.523438	-54.573162
4437.500000	-54.909309
4438.476562	-53.724297
4439.453125	-53.236835
4440.429688	-53.669563
4441.406250	-54.382915
4442.382812	-52.449726
4443.359375	-52.438812
4444.335938	-52.858692
4445.312500	-52.373196
4446.289062	-52.238297
4447.265625	-54.499146
4448.242188	-54.337845
4449.218750	-52.973961
4450.195312	-52.991310
4451.171875	-53.567574
4452.148438	-53.874401
4453.125000	-54.314205
4454.101562	-54.145023
4455.078125	-54.517132
4456.054688	-54.666103
4457.031250	-53.150585
4458.007812	-53.470547
4458.984375	-54.288422
4459.960938	-54.842873
4460.937500	-54.665203
4461.914062	-54.476368
4462.890625	-55.132687
4463.867188	-54.281189
4464.843750	-56.157787
4465.820312	-55.900261
4466.796875	-56.249691
4467.773438	-56.079067
4468.750000	-55.341309
4469.726562	-56.924656
4470.703125	-56.644653
4471.679688	-56.171051
4472.656250	-58.326500
4473.632812	-56.886955
4474.609375	-56.230694
4475.585938	-56.990166
4476.562500	-58.060448
4477.539062	-57.212982
4478.515625	-57.435326
4479.492188	-58.872917
4480.468750	-57.761051
4481.445312	-57.707634
4482.421875	-59.098221
4483.398438	-58.437618
4484.375000	-59.217537
4485.351562	-58.581142
4486.328125	-58.914688
4487.304688	-60.273617
4488.281250	-59.639000
4489.257812	-59.040882
4490.234375	-58.937031
4491.210938	-60.212238
4492.187500	-61.061920
4493.164062	-60.742031
4494.140625	-60.036690
4495.117188	-60.480755
4496.093750	-62.520229
4497.070312	-61.413494
4498.046875	-61.210014
4499.023438	-61.577553
4500.000000	-61.120377
4500.976562	-60.017773
4501.953125	-60.964703
4502.929688	-60.051075
4503.906250	-60.733353
4504.882812	-62.143513
4505.859375	-60.552689
4506.835938	-62.066719
4507.812500	-61.303139
4508.789062	-62.306343
4509.765625	-63.041069
4510.742188	-61.895180
4511.718750	-62.302288
4512.695312	-62.701912
4513.671875	-62.393185
4514.648438	-62.739922
4515.625000	-63.069958
4516.601562	-61.776154
4517.578125	-63.172043
4518.554688	-64.622246
4519.531250	-63.151035
4520.507812	-62.630402
4521.484375	-62.917542
4522.460938	-62.249290
4523.437500	-62.114895
4524.414062	-62.137505
4525.390625	-63.695293
4526.367188	-62.475739
4527.343750	-63.197762
4528.320312	-63.913155
4529.296875	-63.487289
4530.273438	-64.546692
4531.250000	-63.356770
4532.226562	-62.799389
4533.203125	-63.354034
4534.179688	-64.445770
4535.156250	-62.537437
4536.132812	-64.615822
4537.109375	-63.916389
4538.085938	-63.822277
4539.062500	-64.400276
4540.039062	-63.163677
4541.015625	-63.427780
4541.992188	-63.676235
4542.968750	-64.660385
4543.945312	-62.632553
4544.921875	-63.733585
4545.898438	-63.785961
4546.875000	-63.887897
4547.851562	-64.068382
4548.828125	-64.519249
4549.804688	-63.997177
4550.781250	-63.208431
4551.757812	-64.531776
4552.734375	-63.589268
4553.710938	-63.896465
4554.687500	-64.785561
4555.664062	-64.952621
4556.640625	-65.784431
4557.617188	-63.048656
4558.593750	-65.111443
4559.570312	-63.547401
4560.546875	-63.935101
4561.523438	-64.733482
4562.500000	-65.193031
4563.476562	-64.964325
4564.453125	-65.313019
4565.429688	-64.079674
4566.406250	-63.970535
4567.382812	-65.524590
4568.359375	-66.607269
4569.335938	-65.043594
4570.312500	-64.729744
4571.289062	-65.294777
4572.265625	-64.022491
4573.242188	-64.466553
4574.218750	-65.731979
4575.195312	-64.952667
4576.171875	-64.158310
4577.148438	-64.485504
4578.125000	-66.508171
4579.101562	-64.881371
4580.078125	-63.786388
4581.054688	-64.837463
4582.031250	-66.180756
4583.007812	-64.057472
4583.984375	-65.779449
4584.960938	-65.379669
4585.937500	-64.295433
4586.914062	-65.568031
4587.890625	-65.110252
4588.867188	-64.500160
4589.843750	-64.859070
4590.820312	-65.111977
4591.796875	-65.643890
4592.773438	-64.734924
4593.750000	-64.590172
4594.726562	-65.240448
4595.703125	-64.013397
4596.679688	-65.441734
4597.656250	-63.619576
4598.632812	-64.212677
4599.609375	-63.691109
4600.585938	-63.451374
4601.562500	-64.035973
4602.539062	-64.819206
4603.515625	-64.861076
4604.492188	-64.808067
4605.468750	-65.400406
4606.445312	-64.255775
4607.421875	-62.862576
4608.398438	-64.998390
4609.375000	-65.158127
4610.351562	-64.406479
4611.328125	-64.464539
4612.304688	-64.704903
4613.281250	-64.367401
4614.257812	-64.905121
4615.234375	-63.946239
4616.210938	-63.292744
4617.187500	-64.464760
4618.164062	-64.356499
4619.140625	-62.830463
4620.117188	-63.299789
4621.093750	-65.461296
4622.070312	-63.650558
4623.046875	-63.206657
4624.023438	-63.993813
4625.000000	-63.715263
4625.976562	-63.113552
4626.953125	-62.575439
4627.929688	-63.798531
4628.906250	-62.537514
4629.882812	-62.529613
4630.859375	-63.852135
4631.835938	-64.705948
4632.812500	-63.073997
4633.789062	-63.192505
4634.765625	-62.480373
4635.742188	-62.689571
4636.718750	-63.683716
4637.695312	-62.399612
4638.671875	-62.054893
4639.648438	-61.742058
4640.625000	-62.608410
4641.601562	-64.028175
4642.578125	-62.974159
4643.554688	-61.646023
4644.531250	-60.758797
4645.507812	-61.573784
4646.484375	-62.492210
4647.460938	-60.698532
4648.437500	-61.333645
4649.414062	-61.457054
4650.390625	-60.605011
4651.367188	-60.976055
4652.343750	-60.802753
4653.320312	-61.735615
4654.296875	-61.913086
4655.273438	-62.474022
4656.250000	-61.582867
4657.226562	-60.597843
4658.203125	-59.838463
4659.179688	-60.862652
4660.156250	-60.202358
4661.132812	-59.161507
4662.109375	-60.872223
4663.085938	-60.132210
4664.062500	-60.928665
4665.039062	-59.266586
4666.015625	-60.241085
4666.992188	-60.593624
4667.968750	-58.179668
4668.945312	-58.721912
4669.921875	-59.381256
4670.898438	-59.320438
4671.875000	-58.962429
4672.851562	-59.772980
4673.828125	-59.674122
4674.804688	-58.115776
4675.781250	-57.730724
4676.757812	-57.962944
4677.734375	-58.417213
4678.710938	-58.709099
4679.687500	-57.393593
4680.664062	-56.672909
4681.640625	-57.587376
4682.617188	-57.028824
4683.593750	-56.335438
4684.570312	-57.586128
4685.546875	-57.179592
4686.523438	-56.365379
4687.500000	-56.982883
4688.476562	-56.582233
4689.453125	-57.465794
4690.429688	-55.630264
4691.406250	-55.088924
4692.382812	-55.476093
4693.359375	-54.842758
4694.335938	-55.569138
4695.312500	-55.749943
4696.289062	-55.756565
4697.265625	-54.853638
4698.242188	-54.530003
4699.218750	-55.250580
4700.195312	-55.470245
4701.171875	-55.042645
4702.148438	-52.604073
4703.125000	-54.233959
4704.101562	-54.079609
4705.078125	-53.995178
4706.054688	-54.838882
4707.031250	-53.968758
4708.007812	-53.773930
4708.984375	-54.944763
4709.960938	-54.309639
4710.937500	-53.289417
4711.914062	-53.553265
4712.890625	-54.238926
4713.867188	-55.968399
4714.843750	-54.810005
4715.820312	-55.149883
4716.796875	-55.196896
4717.773438	-55.372932
4718.750000	-55.262104
4719.726562	-55.082134
4720.703125	-55.820084
4721.679688	-54.905708
4722.656250	-55.223495
4723.632812	-56.823677
4724.609375	-56.159428
4725.585938	-56.022465
4726.562500	-57.313610
4727.539062	-55.652218
4728.515625	-56.968292
4729.492188	-56.739304
4730.468750	-56.892769
4731.445312	-56.854706
4732.421875	-56.396191
4733.398438	-57.662380
4734.375000	-57.734913
4735.351562	-58.169109
4736.328125	-56.804947
4737.304688	-57.826538
4738.281250	-57.662006
4739.257812	-57.555241
4740.234375	-57.627945
4741.210938	-58.465862
4742.187500	-59.391960
4743.164062	-59.806458
4744.140625	-58.916370
4745.117188	-58.151829
4746.093750	-58.691376
4747.070312	-60.567196
4748.046875	-59.737587
4749.023438	-61.437542
4750.000000	-60.888542
4750.976562	-59.375740
4751.953125	-59.768333
4752.929688	-61.107082
4753.906250	-60.991615
4754.882812	-60.858608
4755.859375	-59.929302
4756.835938	-61.169399
4757.812500	-60.903080
4758.789062	-61.533855
4759.765625	-60.685364
4760.742188	-60.876041
4761.718750	-61.038265
4762.695312	-61.887920
4763.671875	-61.192261
4764.648438	-62.600876
4765.625000	-61.339050
4766.601562	-61.846775
4767.578125	-61.974422
4768.554688	-62.194241
4769.531250	-62.442059
4770.507812	-62.138691
4771.484375	-62.261024
4772.460938	-62.710194
4773.437500	-64.044640
4774.414062	-64.384956
4775.390625	-62.595829
4776.367188	-62.875347
4777.343750	-63.702255
4778.320312	-62.408367
4779.296875	-62.991199
4780.273438	-63.329475
4781.250000	-63.389011
4782.226562	-64.174545
4783.203125	-63.533852
4784.179688	-63.516617
4785.156250	-64.570915
4786.132812	-63.337650
4787.109375	-64.054726
4788.085938	-64.626640
4789.062500	-64.966743
4790.039062	-63.662521
4791.015625	-64.124428
4791.992188	-64.702614
4792.968750	-64.588654
4793.945312	-64.559555
4794.921875	-64.131325
4795.898438	-63.395592
4796.875000	-64.116463
4797.851562	-63.145752
4798.828125	-63.345215
4799.804688	-65.429161
4800.781250	-64.616096
4801.757812	-63.837811
4802.734375	-65.179680
4803.710938	-64.811699
4804.687500	-65.313164
4805.664062	-65.777847
4806.640625	-65.969002
4807.617188	-64.802162
4808.593750	-65.359680
4809.570312	-65.768898
4810.546875	-65.142914
4811.523438	-66.088539
4812.500000	-65.136177
4813.476562	-64.578659
4814.453125	-66.838051
4815.429688	-64.590607
4816.406250	-63.854641
4817.382812	-65.633209
4818.359375	-67.644203
4819.335938	-65.192635
4820.312500	-64.850685
4821.289062	-63.612755
4822.265625	-64.646225
4823.242188	-63.857944
4824.218750	-63.688313
4825.195312	-64.688042
4826.171875	-65.785652
4827.148438	-64.763939
4828.125000	-65.460472
4829.101562	-63.965271
4830.078125	-63.765377
4831.054688	-66.028793
4832.031250	-65.730202
4833.007812	-64.576866
4833.984375	-65.701057
4834.960938	-65.647919
4835.937500	-64.465271
4836.914062	-65.307014
4837.890625	-64.804886
4838.867188	-65.241203
4839.843750	-64.826225
4840.820312	-64.206100
4841.796875	-65.842041
4842.773438	-66.109344
4843.750000	-64.756111
4844.726562	-64.465996
4845.703125	-67.110519
4846.679688	-65.774879
4847.656250	-65.673965
4848.632812	-65.016891
4849.609375	-64.551453
4850.585938	-64.662117
4851.562500	-65.334183
4852.539062	-64.882675
4853.515625	-65.682884
4854.492188	-64.890129
4855.468750	-64.680061
4856.445312	-64.261215
4857.421875	-65.232552
4858.398438	-64.661804
4859.375000	-65.978958
4860.351562	-65.744881
4861.328125	-65.231514
4862.304688	-64.695747
4863.281250	-64.442551
4864.257812	-64.300156
4865.234375	-65.905693
4866.210938	-64.092270
4867.187500	-63.368080
4868.164062	-64.129608
4869.140625	-64.455299
4870.117188	-65.352882
4871.093750	-64.763962
4872.070312	-63.416996
4873.046875	-64.038986
4874.023438	-65.182854
4875.000000	-63.120457
4875.976562	-64.337883
4876.953125	-64.010925
4877.929688	-64.010246
4878.906250	-63.036968
4879.882812	-65.571617
4880.859375	-63.082558
4881.835938	-63.084637
4882.812500	-63.695511
4883.789062	-64.841667
4884.765625	-65.196510
4885.742188	-62.661842
4886.718750	-63.616280
4887.695312	-63.357033
4888.671875	-62.828613
4889.648438	-63.369686
4890.625000	-63.008755
4891.601562	-62.646744
4892.578125	-63.395725
4893.554688	-62.458347
4894.531250	-62.791843
4895.507812	-63.148090
4896.484375	-63.704655
4897.460938	-62.229908
4898.437500	-62.585049
4899.414062	-63.014702
4900.390625	-61.519875
4901.367188	-61.993614
4902.343750	-61.701256
4903.320312	-62.941612
4904.296875	-62.914829
4905.273438	-61.858673
4906.250000	-61.254944
4907.226562	-61.929092
4908.203125	-61.493206
4909.179688	-61.672482
4910.156250	-61.625298
4911.132812	-61.904564
4912.109375	-60.616436
4913.085938	-60.625340
4914.062500	-61.120033
4915.039062	-61.251144
4916.015625	-60.322819
4916.992188	-60.618084
4917.968750	-60.637135
4918.945312	-60.107063
4919.921875	-59.560692
4920.898438	-60.886887
4921.875000	-60.846268
4922.851562	-59.309547
4923.828125	-59.676037
4924.804688	-59.503777
4925.781250	-60.114536
4926.757812	-59.203327
4927.734375	-57.551884
4928.710938	-59.895264
4929.687500	-58.391338
4930.664062	-58.609886
4931.640625	-58.504673
4932.617188	-58.158398
4933.593750	-57.467247
4934.570312	-58.682831
4935.546875	-59.358265
4936.523438	-58.051132
4937.500000	-56.892292
4938.476562	-57.908695
4939.453125	-58.629875
4940.429688	-57.146900
4941.406250	-57.153946
4942.382812	-56.975132
4943.359375	-57.622555
4944.335938	-56.991665
4945.312500	-58.123402
4946.289062	-56.278782
4947.265625	-55.418095
4948.242188	-56.120628
4949.218750	-56.763229
4950.195312	-55.554317
4951.171875	-55.672344
4952.148438	-56.115150
4953.125000	-55.563480
4954.101562	-55.258259
4955.078125	-54.367847
4956.054688	-55.125515
4957.031250	-55.561863
4958.007812	-55.872318
4958.984375	-55.564789
4959.960938	-54.049519
4960.937500	-55.040730
4961.914062	-54.779156
4962.890625	-54.762726
4963.867188	-55.323887
4964.843750	-54.665607
4965.820312	-54.286083
4966.796875	-54.424644
4967.773438	-55.233349
4968.750000	-55.565403
4969.726562	-55.445751
4970.703125	-55.140495
4971.679688	-56.069923
4972.656250	-54.627197
4973.632812	-54.691391
4974.609375	-56.569996
4975.585938	-55.268387
4976.562500	-56.063461
4977.539062	-56.464535
4978.515625	-55.222649
4979.492188	-55.655491
4980.468750	-55.758869
4981.445312	-56.108940
4982.421875	-57.620117
4983.398438	-57.868317
4984.375000	-56.385811
4985.351562	-57.816929
4986.328125	-57.312927
4987.304688	-57.965446
4988.281250	-57.920292
4989.257812	-56.805977
4990.234375	-58.773266
4991.210938	-59.193550
4992.187500	-58.928608
4993.164062	-57.941723
4994.140625	-59.004948
4995.117188	-59.186508
4996.093750	-58.575851
4997.070312	-59.306347
4998.046875	-57.964100
4999.023438	-59.012005
5000.000000	-58.770695
5000.976562	-59.625778
5001.953125	-59.287510
5002.929688	-59.139622
5003.906250	-61.168564
5004.882812	-59.946423
5005.859375	-59.382111
5006.835938	-59.994789
5007.812500	-60.296772
5008.789062	-59.372063
5009.765625	-60.109753
5010.742188	-61.650887
5011.718750	-61.181389
5012.695312	-60.843086
5013.671875	-61.810963
5014.648438	-61.737698
5015.625000	-62.858257
5016.601562	-62.574802
5017.578125	-61.274456
5018.554688	-62.139694
5019.531250	-60.825397
5020.507812	-61.647457
5021.484375	-61.806595
5022.460938	-62.205803
5023.437500	-62.701176
5024.414062	-61.295006
5025.390625	-62.220234
5026.367188	-62.180962
5027.343750	-61.983253
5028.320312	-62.482178
5029.296875	-61.192898
5030.273438	-63.365093
5031.250000	-62.909447
5032.226562	-62.705791
5033.203125	-63.405933
5034.179688	-63.037773
5035.156250	-64.012833
5036.132812	-62.984226
5037.109375	-63.222004
5038.085938	-63.016403
5039.062500	-64.685242
5040.039062	-65.078407
5041.015625	-64.380035
5041.992188	-64.313972
5042.968750	-63.057053
5043.945312	-64.177238
5044.921875	-63.572460
5045.898438	-63.896420
5046.875000	-63.069462
5047.851562	-63.910896
5048.828125	-63.400902
5049.804688	-63.506229
5050.781250	-64.327393
5051.757812	-64.584084
5052.734375	-64.326019
5053.710938	-64.142685
5054.687500	-64.125153
5055.664062	-64.559227
5056.640625	-64.081688
5057.617188	-64.047386
5058.593750	-65.776108
5059.570312	-64.043495
5060.546875	-65.111153
5061.523438	-65.261650
5062.500000	-64.706108
5063.476562	-65.351585
5064.453125	-66.046822
5065.429688	-66.279694
5066.406250	-65.409073
5067.382812	-65.504547
5068.359375	-64.171707
5069.335938	-65.088600
5070.312500	-64.477921
5071.289062	-63.489052
5072.265625	-65.082756
5073.242188	-66.020554
5074.218750	-64.394371
5075.195312	-66.511559
5076.171875	-64.975563
5077.148438	-64.529068
5078.125000	-65.891258
5079.101562	-64.464455
5080.078125	-65.204468
5081.054688	-64.832436
5082.031250	-66.181480
5083.007812	-65.756149
5083.984375	-65.615891
5084.960938	-65.633995
5085.937500	-65.410812
5086.914062	-64.732193
5087.890625	-65.276352
5088.867188	-65.142021
5089.843750	-64.527603
5090.820312	-65.542145
5091.796875	-65.554230
5092.773438	-65.859039
5093.750000	-65.890465
5094.726562	-65.603249
5095.703125	-66.146477
5096.679688	-65.611992
5097.656250	-65.099342
5098.632812	-65.104645
5099.609375	-65.303749
5100.585938	-65.048714
5101.562500	-65.013939
5102.539062	-65.438637
5103.515625	-65.557602
5104.492188	-65.751038
5105.468750	-65.627327
5106.445312	-65.951057
5107.421875	-66.244461
5108.398438	-65.265358
5109.375000	-65.912369
5110.351562	-63.904789
5111.328125	-64.760078
5112.304688	-65.307220
5113.281250	-65.024948
5114.257812	-65.452782
5115.234375	-64.930458
5116.210938	-65.099678
5117.187500	-65.255463
5118.164062	-64.453659
5119.140625	-63.712654
5120.117188	-63.352848
5121.093750	-64.141441
5122.070312	-64.166985
5123.046875	-64.951469
5124.023438	-64.501305
5125.000000	-64.535759
5125.976562	-64.099197
5126.953125	-64.307556
5127.929688	-64.012032
5128.906250	-63.874340
5129.882812	-63.989807
5130.859375	-64.075325
5131.835938	-64.913757
5132.812500	-63.228264
5133.789062	-65.146584
5134.765625	-64.880730
5135.742188	-63.995464
5136.718750	-64.184837
5137.695312	-64.605339
5138.671875	-63.615845
5139.648438	-63.367920
5140.625000	-63.974525
5141.601562	-65.071411
5142.578125	-64.946793
5143.554688	-63.312054
5144.531250	-63.794727
5145.507812	-63.490891
5146.484375	-63.347240
5147.460938	-63.144703
5148.437500	-64.289490
5149.414062	-63.606506
5150.390625	-63.538414
5151.367188	-63.099827
5152.343750	-63.060280
5153.320312	-62.548954
5154.296875	-63.555920
5155.273438	-62.981720
5156.250000	-64.075500
5157.226562	-61.804680
5158.203125	-63.360794
5159.179688	-63.069073
5160.156250	-62.915363
5161.132812	-62.653946
5162.109375	-60.775894
5163.085938	-62.401554
5164.062500	-62.417091
5165.039062	-61.400784
5166.015625	-62.327290
5166.992188	-61.110847
5167.968750	-62.837345
5168.945312	-61.196140
5169.921875	-61.540333
5170.898438	-61.573635
5171.875000	-61.484009
5172.851562	-60.600285
5173.828125	-61.467796
5174.804688	-61.281345
5175.781250	-60.865704
5176.757812	-60.753979
5177.734375	-61.599705
5178.710938	-63.531368
5179.687500	-61.482597
5180.664062	-61.117001
5181.640625	-61.131405
5182.617188	-60.171093
5183.593750	-60.385479
5184.570312	-59.325230
5185.546875	-60.019623
5186.523438	-58.728077
5187.500000	-60.080902
5188.476562	-58.703644
5189.453125	-58.957615
5190.429688	-60.184925
5191.406250	-59.512207
5192.382812	-59.830746
5193.359375	-58.681969
5194.335938	-60.243385
5195.312500	-59.348499
5196.289062	-58.379257
5197.265625	-58.155006
5198.242188	-58.230522
5199.218750	-58.300415
5200.195312	-57.229504
5201.171875	-58.224335
5202.148438	-57.621639
5203.125000	-57.315086
5204.101562	-57.758980
5205.078125	-56.844116
5206.054688	-58.827000
5207.031250	-57.036339
5208.007812	-57.523945
5208.984375	-56.641983
5209.960938	-56.216404
5210.937500	-55.360840
5211.914062	-55.976475
5212.890625	-57.435249
5213.867188	-55.784855
5214.843750	-56.388973
5215.820312	-56.323219
5216.796875	-55.844345
5217.773438	-56.095222
5218.750000	-55.876720
5219.726562	-55.552357
5220.703125	-55.414959
5221.679688	-56.931938
5222.656250	-56.505695
5223.632812	-57.436768
5224.609375	-55.490635
5225.585938	-56.371708
5226.562500	-55.868095
5227.539062	-56.480198
5228.515625	-56.021217
5229.492188	-56.543438
5230.468750	-57.659420
5231.445312	-55.953300
5232.421875	-56.507385
5233.398438	-58.210785
5234.375000	-56.588734
5235.351562	-55.747799
5236.328125	-56.909443
5237.304688	-56.351463
5238.281250	-55.412899
5239.257812	-56.799374
5240.234375	-56.429661
5241.210938	-56.265575
5242.187500	-57.575298
5243.164062	-58.395802
5244.140625	-57.185246
5245.117188	-57.801952
5246.093750	-56.878017
5247.070312	-58.402454
5248.046875	-57.631367
5249.023438	-58.688145
5250.000000	-57.785015
5250.976562	-59.216808
5251.953125	-58.929314
5252.929688	-58.223476
5253.906250	-59.832130
5254.882812	-58.627979
5255.859375	-57.928764
5256.835938	-59.742802
5257.812500	-59.093842
5258.789062	-59.525295
5259.765625	-59.496143
5260.742188	-59.358761
5261.718750	-59.969189
5262.695312	-59.777889
5263.671875	-59.495590
5264.648438	-61.750519
5265.625000	-59.680737
5266.601562	-60.571583
5267.578125	-61.092625
5268.554688	-61.104527
5269.531250	-61.374710
5270.507812	-61.219143
5271.484375	-61.843369
5272.460938	-61.311695
5273.437500	-60.749653
5274.414062	-61.405708
5275.390625	-60.598423
5276.367188	-60.651012
5277.343750	-61.055973
5278.320312	-60.932026
5279.296875	-63.360554
5280.273438	-62.850216
5281.250000	-61.383190
5282.226562	-61.663052
5283.203125	-63.908966
5284.179688	-62.879410
5285.156250	-61.381229
5286.132812	-61.435551
5287.109375	-63.810104
5288.085938	-63.378574
5289.062500	-63.115723
5290.039062	-63.400410
5291.015625	-63.620087
5291.992188	-63.643215
5292.968750	-62.758709
5293.945312	-62.336216
5294.921875	-63.698517
5295.898438	-64.222328
5296.875000	-64.505455
5297.851562	-65.443962
5298.828125	-64.796303
5299.804688	-63.984364
5300.781250	-64.226448
5301.757812	-64.375298
5302.734375	-64.454582
5303.710938	-63.116264
5304.687500	-64.678741
5305.664062	-65.352226
5306.640625	-64.800102
5307.617188	-63.488823
5308.593750	-62.541603
5309.570312	-64.888161
5310.546875	-64.113281
5311.523438	-65.047768
5312.500000	-65.298477
5313.476562	-65.427841
5314.453125	-64.436478
5315.429688	-65.056496
5316.406250	-65.299324
5317.382812	-66.099976
5318.359375	-66.119164
5319.335938	-64.746277
5320.312500	-65.024628
5321.289062	-65.424980
5322.265625	-66.083679
5323.242188	-65.637215
5324.218750	-66.465164
5325.195312	-64.609985
5326.171875	-65.436554
5327.148438	-65.625343
5328.125000	-64.898857
5329.101562	-64.184456
5330.078125	-65.575470
5331.054688	-66.352577
5332.031250	-65.908234
5333.007812	-63.434731
5333.984375	-64.605698
5334.960938	-66.474701
5335.937500	-65.895248
5336.914062	-66.301933
5337.890625	-66.030495
5338.867188	-65.649651
5339.843750	-66.734268
5340.820312	-66.783920
5341.796875	-66.108154
5342.773438	-66.808044
5343.750000	-67.241112
5344.726562	-66.092522
5345.703125	-66.260269
5346.679688	-65.991966
5347.656250	-65.478378
5348.632812	-66.123283
5349.609375	-65.473831
5350.585938	-66.433105
5351.562500	-66.055786
5352.539062	-66.008232
5353.515625	-65.462891
5354.492188	-66.793228
5355.468750	-65.412048
5356.445312	-66.948135
5357.421875	-65.945900
5358.398438	-65.173645
5359.375000	-66.256645
5360.351562	-65.628830
5361.328125	-65.545029
5362.304688	-65.389832
5363.281250	-65.504951
5364.257812	-65.609352
5365.234375	-66.779152
5366.210938	-66.074997
5367.187500	-66.204437
5368.164062	-65.985909
5369.140625	-65.406647
5370.117188	-64.722977
5371.093750	-66.535011
5372.070312	-66.738991
5373.046875	-66.067436
5374.023438	-65.537506
5375.000000	-67.498917
5375.976562	-65.543808
5376.953125	-66.037590
5377.929688	-64.817581
5378.906250	-66.091011
5379.882812	-66.271576
5380.859375	-65.855789
5381.835938	-65.147774
5382.812500	-65.390511
5383.789062	-65.355347
5384.765625	-64.400490
5385.742188	-65.239609
5386.718750	-65.011787
5387.695312	-64.852997
5388.671875	-65.197662
5389.648438	-65.600456
5390.625000	-64.992561
5391.601562	-66.053177
5392.578125	-64.941071
5393.554688	-63.913124
5394.531250	-65.551453
5395.507812	-63.457489
5396.484375	-63.731106
5397.460938	-65.949593
5398.437500	-64.846222
5399.414062	-64.348572
5400.390625	-64.897842
5401.367188	-65.691849
5402.343750	-63.877270
5403.320312	-64.814568
5404.296875	-64.669739
5405.273438	-64.299782
5406.250000	-64.563141
5407.226562	-65.442772
5408.203125	-64.506210
5409.179688	-64.583115
5410.156250	-64.893829
5411.132812	-65.273590
5412.109375	-63.692059
5413.085938	-64.583298
5414.062500	-64.239746
5415.039062	-63.706303
5416.015625	-63.074764
5416.992188	-63.528313
5417.968750	-62.667831
5418.945312	-63.172684
5419.921875	-63.842129
5420.898438	-63.139881
5421.875000	-62.424149
5422.851562	-63.646923
5423.828125	-62.806625
5424.804688	-63.233479
5425.781250	-62.490242
5426.757812	-61.512169
5427.734375	-61.998661
5428.710938	-62.058083
5429.687500	-62.166164
5430.664062	-62.721451
5431.640625	-61.706150
5432.617188	-62.277889
5433.593750	-62.253620
5434.570312	-63.004189
5435.546875	-63.021770
5436.523438	-62.939472
5437.500000	-63.314579
5438.476562	-61.426128
5439.453125	-62.207817
5440.429688	-61.025307
5441.406250	-62.665417
5442.382812	-60.454552
5443.359375	-60.993961
5444.335938	-61.880875
5445.312500	-62.250572
5446.289062	-61.571278
5447.265625	-61.144154
5448.242188	-60.504028
5449.218750	-61.812836
5450.195312	-60.036236
5451.171875	-60.735935
5452.148438	-61.488266
5453.125000	-60.068707
5454.101562	-59.029472
5455.078125	-60.249390
5456.054688	-59.503880
5457.031250	-58.832817
5458.007812	-59.626270
5458.984375	-59.336010
5459.960938	-59.443092
5460.937500	-59.583252
5461.914062	-60.014454
5462.890625	-59.674706
5463.867188	-59.025799
5464.843750	-60.142384
5465.820312	-59.435352
5466.796875	-60.227131
5467.773438	-58.371445
5468.750000	-59.420216
5469.726562	-58.582127
5470.703125	-58.616821
5471.679688	-58.010742
5472.656250	-59.055668
5473.632812	-57.847260
5474.609375	-57.439941
5475.585938	-58.628120
5476.562500	-58.026398
5477.539062	-57.817104
5478.515625	-57.970974
5479.492188	-57.782852
5480.468750	-57.948917
5481.445312	-57.130524
5482.421875	-58.093185
5483.398438	-56.909931
5484.375000	-59.380692
5485.351562	-57.322285
5486.328125	-58.197086
5487.304688	-57.470383
5488.281250	-57.933708
5489.257812	-57.511257
5490.234375	-57.728058
5491.210938	-58.848492
5492.187500	-58.751965
5493.164062	-58.824665
5494.140625	-59.726250
5495.117188	-58.876987
5496.093750	-57.666218
5497.070312	-58.325127
5498.046875	-59.088467
5499.023438	-58.001392
5500.000000	-58.287102
5500.976562	-60.264019
5501.953125	-60.193199
5502.929688	-58.525986
5503.906250	-58.517742
5504.882812	-59.825199
5505.859375	-60.342808
5506.835938	-60.171700
5507.812500	-59.542183
5508.789062	-59.109898
5509.765625	-61.644897
5510.742188	-60.982246
5511.718750	-60.015823
5512.695312	-60.385052
5513.671875	-59.571869
5514.648438	-61.190857
5515.625000	-61.064938
5516.601562	-60.658066
5517.578125	-60.782040
5518.554688	-61.520798
5519.531250	-61.665150
5520.507812	-61.008270
5521.484375	-62.161190
5522.460938	-61.680412
5523.437500	-62.270691
5524.414062	-61.611916
5525.390625	-62.210747
5526.367188	-62.197613
5527.343750	-62.556240
5528.320312	-62.311989
5529.296875	-62.281471
5530.273438	-61.945492
5531.250000	-62.196400
5532.226562	-63.663883
5533.203125	-63.329094
5534.179688	-61.798340
5535.156250	-63.624702
5536.132812	-62.337055
5537.109375	-63.893726
5538.085938	-64.004890
5539.062500	-63.486248
5540.039062	-62.837524
5541.015625	-63.946297
5541.992188	-64.141335
5542.968750	-63.278625
5543.945312	-64.429588
5544.921875	-62.991890
5545.898438	-62.879574
5546.875000	-63.843124
5547.851562	-63.869385
5548.828125	-64.502602
5549.804688	-65.155037
5550.781250	-65.237175
5551.757812	-63.659931
5552.734375	-63.526478
5553.710938	-64.617783
5554.687500	-65.168922
5555.664062	-65.233086
5556.640625	-63.834991
5557.617188	-65.276985
5558.593750	-64.482727
5559.570312	-65.339363
5560.546875	-65.123039
5561.523438	-65.208565
5562.500000	-66.232124
5563.476562	-66.399704
5564.453125	-66.342789
5565.429688	-65.164200
5566.406250	-65.808014
5567.382812	-66.294464
5568.359375	-65.669655
5569.335938	-65.246811
5570.312500	-66.851105
5571.289062	-68.184998
5572.265625	-66.132645
5573.242188	-64.456039
5574.218750	-65.116837
5575.195312	-65.212440
5576.171875	-66.892326
5577.148438	-65.616386
5578.125000	-67.000801
5579.101562	-66.304375
5580.078125	-67.660172
5581.054688	-65.835449
5582.031250	-65.409500
5583.007812	-66.539299
5583.984375	-67.083908
5584.960938	-66.987808
5585.937500	-65.637901
5586.914062	-65.841499
5587.890625	-66.252823
5588.867188	-66.894814
5589.843750	-66.745163
5590.820312	-65.901878
5591.796875	-66.977058
5592.773438	-65.547035
5593.750000	-66.377754
5594.726562	-67.614594
5595.703125	-65.849602
5596.679688	-65.145668
5597.656250	-67.216324
5598.632812	-66.390938
5599.609375	-66.680054
5600.585938	-67.720047
5601.562500	-67.807518
5602.539062	-66.568504
5603.515625	-66.833702
5604.492188	-66.761086
5605.468750	-66.513580
5606.445312	-66.527740
5607.421875	-66.682625
5608.398438	-66.637459
5609.375000	-65.379677
5610.351562	-66.359695
5611.328125	-66.245972
5612.304688	-66.362282
5613.281250	-65.148331
5614.257812	-65.592888
5615.234375	-67.879898
5616.210938	-66.662231
5617.187500	-66.386246
5618.164062	-64.857193
5619.140625	-66.601364
5620.117188	-67.633942
5621.093750	-66.477509
5622.070312	-66.687531
5623.046875	-66.963394
5624.023438	-67.298538
5625.000000	-66.675529
5625.976562	-66.311440
5626.953125	-67.682571
5627.929688	-67.028984
5628.906250	-66.352844
5629.882812	-66.636452
5630.859375	-68.097618
5631.835938	-68.333672
5632.812500	-66.688515
5633.789062	-65.617561
5634.765625	-68.319374
5635.742188	-67.831764
5636.718750	-65.994049
5637.695312	-68.089455
5638.671875	-67.847664
5639.648438	-66.521744
5640.625000	-66.934105
5641.601562	-66.817215
5642.578125	-66.576317
5643.554688	-65.729660
5644.531250	-67.370926
5645.507812	-66.336060
5646.484375	-65.874344
5647.460938	-67.473495
5648.437500	-65.736755
5649.414062	-67.174553
5650.390625	-65.256897
5651.367188	-66.103333
5652.343750	-66.203171
5653.320312	-65.843094
5654.296875	-66.501465
5655.273438	-66.593002
5656.250000	-66.656769
5657.226562	-66.042183
5658.203125	-67.248840
5659.179688	-65.723610
5660.156250	-66.765648
5661.132812	-66.578545
5662.109375	-66.289047
5663.085938	-66.294121
5664.062500	-66.590805
5665.039062	-66.581787
5666.015625	-65.087860
5666.992188	-66.985809
5667.968750	-66.141266
5668.945312	-64.609657
5669.921875	-66.091423
5670.898438	-65.491631
5671.875000	-64.503769
5672.851562	-66.423798
5673.828125	-65.417244
5674.804688	-65.014130
5675.781250	-64.285744
5676.757812	-64.714516
5677.734375	-65.186104
5678.710938	-65.870155
5679.687500	-64.976120
5680.664062	-64.891548
5681.640625	-64.202614
5682.617188	-66.564713
5683.593750	-63.508266
5684.570312	-64.726311
5685.546875	-63.361847
5686.523438	-63.499077
5687.500000	-64.440483
5688.476562	-63.764206
5689.453125	-64.027596
5690.429688	-63.714500
5691.406250	-63.532478
5692.382812	-64.489296
5693.359375	-62.844654
5694.335938	-63.715069
5695.312500	-64.292351
5696.289062	-63.818344
5697.265625	-63.214596
5698.242188	-64.157173
5699.218750	-63.863293
5700.195312	-62.723713
5701.171875	-63.147285
5702.148438	-64.591629
5703.125000	-64.588051
5704.101562	-62.618622
5705.078125	-61.639565
5706.054688	-62.436474
5707.031250	-64.044449
5708.007812	-62.623089
5708.984375	-62.700424
5709.960938	-63.185555
5710.937500	-63.103882
5711.914062	-63.586369
5712.890625	-62.816109
5713.867188	-61.926704
5714.843750	-62.345356
5715.820312	-61.463333
5716.796875	-62.380177
5717.773438	-62.437519
5718.750000	-61.860889
5719.726562	-62.496128
5720.703125	-62.377323
5721.679688	-61.598507
5722.656250	-60.890167
5723.632812	-60.890659
5724.609375	-61.125721
5725.585938	-60.771641
5726.562500	-61.951046
5727.539062	-60.802231
5728.515625	-60.514721
5729.492188	-60.355186
5730.468750	-60.099007
5731.445312	-60.062962
5732.421875	-59.451969
5733.398438	-60.329506
5734.375000	-61.304970
5735.351562	-60.576962
5736.328125	-60.533710
5737.304688	-60.108017
5738.281250	-60.032181
5739.257812	-60.682030
5740.234375	-61.260323
5741.210938	-60.545292
5742.187500	-61.010441
5743.164062	-59.705460
5744.140625	-59.642494
5745.117188	-59.556293
5746.093750	-60.325745
5747.070312	-60.084255
5748.046875	-59.739212
5749.023438	-60.090366
5750.000000	-59.065201
5750.976562	-60.018944
5751.953125	-59.842045
5752.929688	-59.731434
5753.906250	-61.412231
5754.882812	-60.128811
5755.859375	-60.455055
5756.835938	-59.733261
5757.812500	-60.387367
5758.789062	-60.888771
5759.765625	-60.825687
5760.742188	-62.069618
5761.718750	-61.915234
5762.695312	-60.406567
5763.671875	-60.903072
5764.648438	-61.472511
5765.625000	-60.740803
5766.601562	-60.965149
5767.578125	-60.414524
5768.554688	-59.628262
5769.531250	-62.021069
5770.507812	-60.908588
5771.484375	-61.620140
5772.460938	-61.703644
5773.437500	-61.354599
5774.414062	-61.400093
5775.390625	-62.012859
5776.367188	-61.787575
5777.343750	-61.883984
5778.320312	-64.594292
5779.296875	-61.784451
5780.273438	-61.915894
5781.250000	-61.308197
5782.226562	-62.145340
5783.203125	-62.995358
5784.179688	-63.434090
5785.156250	-63.214752
5786.132812	-61.518009
5787.109375	-62.519821
5788.085938	-62.003071
5789.062500	-62.333290
5790.039062	-62.584404
5791.015625	-63.423897
5791.992188	-64.360260
5792.968750	-63.961956
5793.945312	-63.057404
5794.921875	-64.222778
5795.898438	-64.163528
5796.875000	-63.123558
5797.851562	-63.242653
5798.828125	-63.127144
5799.804688	-64.348869
5800.781250	-63.441265
5801.757812	-64.274773
5802.734375	-63.776672
5803.710938	-63.789902
5804.687500	-63.913261
5805.664062	-65.548157
5806.640625	-64.972908
5807.617188	-65.185081
5808.593750	-64.698753
5809.570312	-64.442574
5810.546875	-66.604576
5811.523438	-63.542313
5812.500000	-65.540245
5813.476562	-66.071785
5814.453125	-66.376007
5815.429688	-65.962967
5816.406250	-64.232933
5817.382812	-65.194901
5818.359375	-65.502586
5819.335938	-66.176628
5820.312500	-64.752975
5821.289062	-65.393661
5822.265625	-66.386032
5823.242188	-65.970757
5824.218750	-67.093407
5825.195312	-66.895134
5826.171875	-65.364365
5827.148438	-67.117790
5828.125000	-66.453232
5829.101562	-66.005363
5830.078125	-65.747711
5831.054688	-66.900642
5832.031250	-64.731789
5833.007812	-65.884552
5833.984375	-68.199745
5834.960938	-68.452126
5835.937500	-65.324409
5836.914062	-66.914993
5837.890625	-65.936317
5838.867188	-66.640862
5839.843750	-68.103706
5840.820312	-67.729034
5841.796875	-66.402184
5842.773438	-66.481628
5843.750000	-67.086670
5844.726562	-68.054192
5845.703125	-68.341164
5846.679688	-66.623825
5847.656250	-67.558708
5848.632812	-65.969742
5849.609375	-66.972656
5850.585938	-69.108093
5851.562500	-67.489418
5852.539062	-66.747810
5853.515625	-67.590240
5854.492188	-67.798683
5855.468750	-68.600349
5856.445312	-67.342773
5857.421875	-68.081055
5858.398438	-67.492210
5859.375000	-69.143410
5860.351562	-68.267586
5861.328125	-69.202202
5862.304688	-68.627625
5863.281250	-66.624100
5864.257812	-66.907707
5865.234375	-67.312492
5866.210938	-67.403908
5867.187500	-68.775574
5868.164062	-67.619583
5869.140625	-67.948593
5870.117188	-67.735146
5871.093750	-68.817810
5872.070312	-66.197922
5873.046875	-67.079147
5874.023438	-67.891312
5875.000000	-69.138657
5875.976562	-69.879929
5876.953125	-67.198288
5877.929688	-70.212593
5878.906250	-68.123512
5879.882812	-67.137474
5880.859375	-67.988174
5881.835938	-68.650108
5882.812500	-67.224602
5883.789062	-68.299080
5884.765625	-69.080284
5885.742188	-66.570618
5886.718750	-67.306038
5887.695312	-69.089691
5888.671875	-66.993103
5889.648438	-67.656059
5890.625000	-69.052345
5891.601562	-68.072250
5892.578125	-67.636101
5893.554688	-67.657845
5894.531250	-67.250832
5895.507812	-67.440910
5896.484375	-67.720154
5897.460938	-67.570587
5898.437500	-67.557487
5899.414062	-67.514465
5900.390625	-67.285805
5901.367188	-69.124672
5902.343750	-66.284859
5903.320312	-67.768478
5904.296875	-67.796280
5905.273438	-68.149368
5906.250000	-67.702843
5907.226562	-67.275459
5908.203125	-68.014549
5909.179688	-68.113808
5910.156250	-66.958763
5911.132812	-69.157867
5912.109375	-66.974426
5913.085938	-66.906067
5914.062500	-66.111885
5915.039062	-66.434166
5916.015625	-66.707756
5916.992188	-66.810181
5917.968750	-67.807800
5918.945312	-67.647171
5919.921875	-66.583595
5920.898438	-67.702255
5921.875000	-66.816963
5922.851562	-68.438850
5923.828125	-67.756447
5924.804688	-66.037437
5925.781250	-67.993538
5926.757812	-66.325157
5927.734375	-67.345055
5928.710938	-68.098526
5929.687500	-66.660271
5930.664062	-67.181793
5931.640625	-66.885567
5932.617188	-66.425438
5933.593750	-66.390213
5934.570312	-65.973709
5935.546875	-65.490868
5936.523438	-66.729553
5937.500000	-66.508888
5938.476562	-66.674416
5939.453125	-65.539780
5940.429688	-66.726868
5941.406250	-67.762810
5942.382812	-67.108284
5943.359375	-65.884026
5944.335938	-65.768501
5945.312500	-67.069199
5946.289062	-65.905853
5947.265625	-65.168503
5948.242188	-66.405632
5949.218750	-66.046196
5950.195312	-66.029030
5951.171875	-65.927917
5952.148438	-65.263672
5953.125000	-65.692001
5954.101562	-65.987938
5955.078125	-66.245590
5956.054688	-66.103127
5957.031250	-65.916992
5958.007812	-64.847244
5958.984375	-65.503922
5959.960938	-65.988617
5960.937500	-65.861214
5961.914062	-65.396431
5962.890625	-64.613548
5963.867188	-65.266617
5964.843750	-64.619705
5965.820312	-64.792320
5966.796875	-64.238708
5967.773438	-64.852440
5968.750000	-63.967255
5969.726562	-63.992508
5970.703125	-65.676224
5971.679688	-63.962261
5972.656250	-64.043266
5973.632812	-64.101532
5974.609375	-64.454880
5975.585938	-64.419128
5976.562500	-63.312046
5977.539062	-63.504242
5978.515625	-65.013870
5979.492188	-63.993805
5980.468750	-64.006294
5981.445312	-62.427551
5982.421875	-62.698441
5983.398438	-63.489426
5984.375000	-62.574005
5985.351562	-65.339409
5986.328125	-62.651871
5987.304688	-62.241398
5988.281250	-64.136353
5989.257812	-63.936573
5990.234375	-63.386456
5991.210938	-61.924156
5992.187500	-62.963058
5993.164062	-61.730251
5994.140625	-62.512329
5995.117188	-62.262711
5996.093750	-63.328564
5997.070312	-62.137764
5998.046875	-62.710995
5999.023438	-62.111149
6000.000000	-62.470146
6000.976562	-62.366631
6001.953125	-61.309429
6002.929688	-62.198322
6003.906250	-60.874084
6004.882812	-61.558907
6005.859375	-62.768925
6006.835938	-62.022057
6007.812500	-62.641193
6008.789062	-61.684963
6009.765625	-62.236126
6010.742188	-61.957142
6011.718750	-60.990807
6012.695312	-61.697811
6013.671875	-61.952091
6014.648438	-61.021103
6015.625000	-61.236622
6016.601562	-61.340210
6017.578125	-62.771519
6018.554688	-61.496040
6019.531250	-60.583801
6020.507812	-61.898388
6021.484375	-62.592388
6022.460938	-61.664165
6023.437500	-61.796524
6024.414062	-62.506325
6025.390625	-61.838600
6026.367188	-62.000668
6027.343750	-61.365662
6028.320312	-60.715878
6029.296875	-60.915901
6030.273438	-60.403370
6031.250000	-60.973000
6032.226562	-61.126919
6033.203125	-62.279663
6034.179688	-61.737686
6035.156250	-61.772133
6036.132812	-62.192451
6037.109375	-61.471806
6038.085938	-60.408875
6039.062500	-63.096565
6040.039062	-62.179100
6041.015625	-61.643993
6041.992188	-62.247101
6042.968750	-61.470493
6043.945312	-63.489017
6044.921875	-62.182739
6045.898438	-63.043781
6046.875000	-64.096313
6047.851562	-63.335377
6048.828125	-63.654552
6049.804688	-63.918739
6050.781250	-64.290985
6051.757812	-63.396763
6052.734375	-64.797760
6053.710938	-63.615227
6054.687500	-63.946190
6055.664062	-64.543396
6056.640625	-64.643784
6057.617188	-63.902000
6058.593750	-63.314461
6059.570312	-63.617886
6060.546875	-64.667480
6061.523438	-63.178848
6062.500000	-64.124413
6063.476562	-65.495544
6064.453125	-64.198654
6065.429688	-64.705711
6066.406250	-64.841370
6067.382812	-64.923981
6068.359375	-65.135643
6069.335938	-65.117821
6070.312500	-65.709030
6071.289062	-65.322540
6072.265625	-65.183174
6073.242188	-64.845139
6074.218750	-64.339653
6075.195312	-64.757225
6076.171875	-65.458252
6077.148438	-65.731003
6078.125000	-65.279060
6079.101562	-65.139542
6080.078125	-66.317978
6081.054688	-66.259651
6082.031250	-67.312332
6083.007812	-66.398659
6083.984375	-65.343582
6084.960938	-65.412117
6085.937500	-66.821259
6086.914062	-65.481041
6087.890625	-67.395065
6088.867188	-65.260307
6089.843750	-65.862167
6090.820312	-66.896538
6091.796875	-68.721581
6092.773438	-67.289886
6093.750000	-67.357445
6094.726562	-66.700211
6095.703125	-67.664078
6096.679688	-68.303268
6097.656250	-66.933029
6098.632812	-67.940186
6099.609375	-67.848976
6100.585938	-68.187012
6101.562500	-66.448067
6102.539062	-68.016579
6103.515625	-68.110443
6104.492188	-68.377808
6105.468750	-67.829651
6106.445312	-67.405037
6107.421875	-68.050171
6108.398438	-68.349510
6109.375000	-67.376709
6110.351562	-68.595070
6111.328125	-68.333488
6112.304688	-67.983643
6113.281250	-68.819763
6114.257812	-69.105675
6115.234375	-67.744644
6116.210938	-68.212837
6117.187500	-68.780746
6118.164062	-68.966942
6119.140625	-69.759392
6120.117188	-68.667152
6121.093750	-68.742241
6122.070312	-69.098648
6123.046875	-69.021378
6124.023438	-67.678978
6125.000000	-68.467758
6125.976562	-69.477913
6126.953125	-69.011154
6127.929688	-68.704018
6128.906250	-68.757408
6129.882812	-69.129539
6130.859375	-67.956558
6131.835938	-70.149025
6132.812500	-68.390244
6133.789062	-68.508675
6134.765625	-68.667252
6135.742188	-68.482124
6136.718750	-69.001167
6137.695312	-68.632240
6138.671875	-69.153198
6139.648438	-68.566956
6140.625000	-69.617287
6141.601562	-70.306747
6142.578125	-70.085487
6143.554688	-70.402229
6144.531250	-69.980728
6145.507812	-68.129295
6146.484375	-68.601692
6147.460938	-69.349892
6148.437500	-69.396347
6149.414062	-68.758003
6150.390625	-69.408844
6151.367188	-68.019958
6152.343750	-68.312691
6153.320312	-70.266006
6154.296875	-69.102394
6155.273438	-69.371956
6156.250000	-68.662697
6157.226562	-69.378983
6158.203125	-69.465012
6159.179688	-69.471146
6160.156250	-69.619858
6161.132812	-68.416740
6162.109375	-69.605858
6163.085938	-69.016838
6164.062500	-69.923256
6165.039062	-70.198502
6166.015625	-70.144806
6166.992188	-69.313713
6167.968750	-70.481018
6168.945312	-69.842018
6169.921875	-68.421661
6170.898438	-69.916840
6171.875000	-69.155334
6172.851562	-68.366692
6173.828125	-69.049225
6174.804688	-68.999588
6175.781250	-67.348267
6176.757812	-68.165398
6177.734375	-70.253136
6178.710938	-68.825089
6179.687500	-68.762970
6180.664062	-69.634827
6181.640625	-69.202316
6182.617188	-68.812790
6183.593750	-68.629105
6184.570312	-70.274971
6185.546875	-70.359642
6186.523438	-68.208031
6187.500000	-69.145027
6188.476562	-69.304092
6189.453125	-69.125710
6190.429688	-68.855316
6191.406250	-68.315239
6192.382812	-69.680733
6193.359375	-69.285156
6194.335938	-68.197166
6195.312500	-68.296150
6196.289062	-68.230194
6197.265625	-67.114693
6198.242188	-68.535133
6199.218750	-68.375900
6200.195312	-67.841545
6201.171875	-68.040459
6202.148438	-69.056610
6203.125000	-68.106880
6204.101562	-67.604019
6205.078125	-68.481674
6206.054688	-67.202309
6207.031250	-66.961700
6208.007812	-69.223328
6208.984375	-67.837502
6209.960938	-67.412491
6210.937500	-66.070213
6211.914062	-66.444435
6212.890625	-67.413589
6213.867188	-67.702705
6214.843750	-67.275337
6215.820312	-66.408325
6216.796875	-67.031921
6217.773438	-66.329987
6218.750000	-67.195572
6219.726562	-67.823196
6220.703125	-66.790962
6221.679688	-67.574707
6222.656250	-67.393936
6223.632812	-67.417236
6224.609375	-67.072456
6225.585938	-66.639999
6226.562500	-66.095352
6227.539062	-67.323410
6228.515625	-66.544693
6229.492188	-65.886368
6230.468750	-66.503067
6231.445312	-66.699142
6232.421875	-65.928825
6233.398438	-66.743568
6234.375000	-64.860802
6235.351562	-66.992195
6236.328125	-65.604347
6237.304688	-64.770348
6238.281250	-66.622169
6239.257812	-66.319916
6240.234375	-64.365639
6241.210938	-65.769920
6242.187500	-65.594101
6243.164062	-65.365273
6244.140625	-64.049263
6245.117188	-65.019272
6246.093750	-64.696411
6247.070312	-66.675636
6248.046875	-63.654099
6249.023438	-65.321213
6250.000000	-66.452721
6250.976562	-64.704750
6251.953125	-64.898857
6252.929688	-64.663452
6253.906250	-63.775665
6254.882812	-63.856552
6255.859375	-64.716408
6256.835938	-64.791054
6257.812500	-65.218727
6258.789062	-63.622627
6259.765625	-64.149094
6260.742188	-64.188110
6261.718750	-64.270691
6262.695312	-64.327881
6263.671875	-62.800972
6264.648438	-63.351032
6265.625000	-63.296070
6266.601562	-63.015411
6267.578125	-63.144249
6268.554688	-62.122597
6269.531250	-63.901421
6270.507812	-64.356354
6271.484375	-64.542854
6272.460938	-64.121048
6273.437500	-62.843220
6274.414062	-62.191639
6275.390625	-62.597523
6276.367188	-62.715763
6277.343750	-62.600597
6278.320312	-62.818623
6279.296875	-61.457489
6280.273438	-61.500362
6281.250000	-62.134342
6282.226562	-63.408619
6283.203125	-63.240143
6284.179688	-61.831444
6285.156250	-64.069366
6286.132812	-62.317696
6287.109375	-63.037830
6288.085938	-61.379967
6289.062500	-62.177105
6290.039062	-63.063202
6291.015625	-62.805943
6291.992188	-62.341206
6292.968750	-62.778332
6293.945312	-64.485863
6294.921875	-63.486130
6295.898438	-62.934792
6296.875000	-63.363674
6297.851562	-62.308685
6298.828125	-62.466511
6299.804688	-63.124134
6300.781250	-62.618607
6301.757812	-62.685551
6302.734375	-62.808804
6303.710938	-62.612843
6304.687500	-65.574471
6305.664062	-64.715988
6306.640625	-62.989151
6307.617188	-64.551956
6308.593750	-64.987419
6309.570312	-64.488708
6310.546875	-64.366142
6311.523438	-64.233391
6312.500000	-65.024704
6313.476562	-64.972900
6314.453125	-65.848656
6315.429688	-65.889290
6316.406250	-64.185814
6317.382812	-65.664261
6318.359375	-64.527420
6319.335938	-66.699181
6320.312500	-65.301476
6321.289062	-65.233353
6322.265625	-64.530312
6323.242188	-64.957191
6324.218750	-65.867340
6325.195312	-64.895638
6326.171875	-65.884857
6327.148438	-66.349419
6328.125000	-66.362808
6329.101562	-67.246094
6330.078125	-66.593231
6331.054688	-68.060883
6332.031250	-67.627220
6333.007812	-67.198334
6333.984375	-66.258308
6334.960938	-67.513733
6335.937500	-67.190102
6336.914062	-65.862907
6337.890625	-67.439568
6338.867188	-67.816132
6339.843750	-68.019989
6340.820312	-67.521309
6341.796875	-68.267326
6342.773438	-67.923141
6343.750000	-69.024979
6344.726562	-68.594681
6345.703125	-68.285599
6346.679688	-68.007973
6347.656250	-70.568779
6348.632812	-68.855019
6349.609375	-69.294922
6350.585938	-69.566757
6351.562500	-68.714363
6352.539062	-68.422707
6353.515625	-70.075638
6354.492188	-69.260735
6355.468750	-69.412415
6356.445312	-69.613060
6357.421875	-69.582581
6358.398438	-69.802864
6359.375000	-70.143257
6360.351562	-69.907143
6361.328125	-69.887535
6362.304688	-70.293861
6363.281250	-68.593590
6364.257812	-69.290886
6365.234375	-70.179321
6366.210938	-69.914963
6367.187500	-69.963554
6368.164062	-69.800362
6369.140625	-70.070976
6370.117188	-70.076691
6371.093750	-71.546875
6372.070312	-70.762260
6373.046875	-70.332954
6374.023438	-70.397415
6375.000000	-70.418289
6375.976562	-70.736130
6376.953125	-69.799095
6377.929688	-70.209412
6378.906250	-69.481522
6379.882812	-70.501404
6380.859375	-70.231796
6381.835938	-70.596436
6382.812500	-71.775299
6383.789062	-71.065147
6384.765625	-71.146156
6385.742188	-71.957985
6386.718750	-70.349823
6387.695312	-71.381752
6388.671875	-71.257492
6389.648438	-70.844078
6390.625000	-69.735573
6391.601562	-70.370697
6392.578125	-69.942291
6393.554688	-70.012451
6394.531250	-71.070450
6395.507812	-71.355118
6396.484375	-70.866577
6397.460938	-71.785728
6398.437500	-71.937256
6399.414062	-71.800850
6400.390625	-72.336258
6401.367188	-71.170815
6402.343750	-70.740326
6403.320312	-72.525253
6404.296875	-72.398445
6405.273438	-71.323730
6406.250000	-71.846008
6407.226562	-71.668846
6408.203125	-71.524872
6409.179688	-71.017159
6410.156250	-72.367691
6411.132812	-71.915649
6412.109375	-71.189629
6413.085938	-71.787270
6414.062500	-72.137100
6415.039062	-73.381027
6416.015625	-71.729073
6416.992188	-71.650093
6417.968750	-72.266891
6418.945312	-71.104980
6419.921875	-71.633858
6420.898438	-71.705360
6421.875000	-72.065666
6422.851562	-71.749702
6423.828125	-71.577095
6424.804688	-71.611618
6425.781250	-70.949646
6426.757812	-71.083733
6427.734375	-70.329941
6428.710938	-72.016823
6429.687500	-72.144310
6430.664062	-71.941643
6431.640625	-70.651131
6432.617188	-71.788040
6433.593750	-71.870636
6434.570312	-70.131310
6435.546875	-70.951149
6436.523438	-72.304756
6437.500000	-71.175980
6438.476562	-71.742043
6439.453125	-72.156898
6440.429688	-72.828651
6441.406250	-70.723259
6442.382812	-72.008423
6443.359375	-72.064278
6444.335938	-71.244339
6445.312500	-71.475906
6446.289062	-71.507492
6447.265625	-70.424889
6448.242188	-72.053535
6449.218750	-71.870430
6450.195312	-70.221336
6451.171875	-69.862816
6452.148438	-69.431847
6453.125000	-71.286026
6454.101562	-70.044701
6455.078125	-71.028503
6456.054688	-70.923347
6457.031250	-71.410751
6458.007812	-70.755493
6458.984375	-70.262901
6459.960938	-71.373314
6460.937500	-70.682465
6461.914062	-71.198486
6462.890625	-71.701080
6463.867188	-71.858994
6464.843750	-70.802422
6465.820312	-69.915428
6466.796875	-70.450035
6467.773438	-71.434532
6468.750000	-70.253929
6469.726562	-70.788681
6470.703125	-70.682472
6471.679688	-69.583946
6472.656250	-69.350266
6473.632812	-70.792015
6474.609375	-71.138260
6475.585938	-71.641891
6476.562500	-71.173416
6477.539062	-71.355087
6478.515625	-70.113205
6479.492188	-70.374969
6480.468750	-69.846741
6481.445312	-69.784103
6482.421875	-68.637009
6483.398438	-70.456596
6484.375000	-70.068077
6485.351562	-69.584267
6486.328125	-69.617035
6487.304688	-69.612076
6488.281250	-68.686661
6489.257812	-68.435013
6490.234375	-70.597328
6491.210938	-69.386169
6492.187500	-70.133179
6493.164062	-70.134247
6494.140625	-68.962021
6495.117188	-68.982063
6496.093750	-68.591843
6497.070312	-69.267029
6498.046875	-69.652512
6499.023438	-68.254326
6500.000000	-69.176346
6500.976562	-70.130684
6501.953125	-68.855690
6502.929688	-67.853256
6503.906250	-68.260635
6504.882812	-68.645149
6505.859375	-68.561882
6506.835938	-68.866669
6507.812500	-68.411659
6508.789062	-66.840614
6509.765625	-67.038773
6510.742188	-68.422897
6511.718750	-68.029198
6512.695312	-67.046822
6513.671875	-67.026604
6514.648438	-67.882790
6515.625000	-67.262283
6516.601562	-67.040970
6517.578125	-67.309258
6518.554688	-66.194641
6519.531250	-66.270576
6520.507812	-67.507538
6521.484375	-66.615501
6522.460938	-66.034286
6523.437500	-65.341934
6524.414062	-67.193863
6525.390625	-66.291779
6526.367188	-65.533203
6527.343750	-67.426346
6528.320312	-65.836037
6529.296875	-66.958153
6530.273438	-66.311295
6531.250000	-66.294662
6532.226562	-65.060699
6533.203125	-65.771202
6534.179688	-65.329811
6535.156250	-65.981834
6536.132812	-64.342339
6537.109375	-65.521652
6538.085938	-66.368263
6539.062500	-66.899948
6540.039062	-64.802490
6541.015625	-64.873131
6541.992188	-66.691040
6542.968750	-67.782585
6543.945312	-63.605614
6544.921875	-64.494164
6545.898438	-64.475128
6546.875000	-65.313332
6547.851562	-65.783333
6548.828125	-65.644043
6549.804688	-65.311226
6550.781250	-64.733437
6551.757812	-65.152618
6552.734375	-65.700974
6553.710938	-64.663124
6554.687500	-65.639183
6555.664062	-66.137787
6556.640625	-65.565620
6557.617188	-67.325447
6558.593750	-66.466980
6559.570312	-65.691124
6560.546875	-65.557571
6561.523438	-65.455513
6562.500000	-66.454048
6563.476562	-66.785034
6564.453125	-67.431427
6565.429688	-66.895172
6566.406250	-65.684944
6567.382812	-66.666206
6568.359375	-68.398186
6569.335938	-67.093903
6570.312500	-65.928833
6571.289062	-67.135254
6572.265625	-67.367897
6573.242188	-68.433769
6574.218750	-69.265099
6575.195312	-68.294128
6576.171875	-67.705635
6577.148438	-68.006439
6578.125000	-67.509827
6579.101562	-67.587654
6580.078125	-68.573112
6581.054688	-69.748299
6582.031250	-69.175438
6583.007812	-67.581238
6583.984375	-67.733627
6584.960938	-67.679878
6585.937500	-69.676956
6586.914062	-70.213783
6587.890625	-70.795502
6588.867188	-70.314781
6589.843750	-70.877022
6590.820312	-69.456169
6591.796875	-69.972099
6592.773438	-71.237228
6593.750000	-71.207527
6594.726562	-70.603683
6595.703125	-70.111069
6596.679688	-70.716721
6597.656250	-71.169418
6598.632812	-71.055763
6599.609375	-70.803986
6600.585938	-71.129562
6601.562500	-70.408379
6602.539062	-70.354080
6603.515625	-70.268074
6604.492188	-71.804832
6605.468750	-71.833992
6606.445312	-71.590996
6607.421875	-72.313751
6608.398438	-73.210335
6609.375000	-72.520378
6610.351562	-72.115791
6611.328125	-73.226845
6612.304688	-72.407982
6613.281250	-72.088448
6614.257812	-74.397728
6615.234375	-72.811638
6616.210938	-72.644180
6617.187500	-73.700058
6618.164062	-72.791351
6619.140625	-72.659172
6620.117188	-72.317665
6621.093750	-73.984589
6622.070312	-73.724930
6623.046875	-73.464104
6624.023438	-73.313118
6625.000000	-73.545349
6625.976562	-73.516937
6626.953125	-72.785690
6627.929688	-73.335335
6628.906250	-73.529427
6629.882812	-73.732574
6630.859375	-73.873962
6631.835938	-75.419991
6632.812500	-75.193909
6633.789062	-73.299637
6634.765625	-72.152168
6635.742188	-74.571503
6636.718750	-74.061745
6637.695312	-75.268158
6638.671875	-73.218781
6639.648438	-73.598778
6640.625000	-74.477608
6641.601562	-74.225372
6642.578125	-75.251343
6643.554688	-74.449074
6644.531250	-75.110313
6645.507812	-73.703178
6646.484375	-75.370964
6647.460938	-74.666206
6648.437500	-75.240616
6649.414062	-74.791214
6650.390625	-74.585930
6651.367188	-74.117729
6652.343750	-73.672127
6653.320312	-75.269676
6654.296875	-74.635040
6655.273438	-74.631470
6656.250000	-74.454300
6657.226562	-75.341545
6658.203125	-75.917168
6659.179688	-74.959908
6660.156250	-73.912598
6661.132812	-75.215752
6662.109375	-74.714958
6663.085938	-75.268250
6664.062500	-75.242409
6665.039062	-74.873459
6666.015625	-76.077805
6666.992188	-75.341347
6667.968750	-75.616608
6668.945312	-76.312599
6669.921875	-76.189384
6670.898438	-76.719933
6671.875000	-76.283737
6672.851562	-76.097893
6673.828125	-75.646362
6674.804688	-74.954048
6675.781250	-76.105850
6676.757812	-76.757988
6677.734375	-75.768784
6678.710938	-75.167183
6679.687500	-75.829880
6680.664062	-75.604958
6681.640625	-75.120705
6682.617188	-76.335793
6683.593750	-77.398102
6684.570312	-75.883202
6685.546875	-75.668121
6686.523438	-75.910515
6687.500000	-76.586090
6688.476562	-74.880699
6689.453125	-75.381256
6690.429688	-76.810883
6691.406250	-75.914955
6692.382812	-75.264076
6693.359375	-75.501091
6694.335938	-75.028694
6695.312500	-75.405487
6696.289062	-74.657845
6697.265625	-76.850800
6698.242188	-76.432320
6699.218750	-75.158081
6700.195312	-74.965225
6701.171875	-75.899651
6702.148438	-75.422585
6703.125000	-74.823402
6704.101562	-75.068207
6705.078125	-75.180656
6706.054688	-76.634727
6707.031250	-75.021866
6708.007812	-75.526588
6708.984375	-75.361725
6709.960938	-75.488441
6710.937500	-75.494781
6711.914062	-76.128204
6712.890625	-75.342102
6713.867188	-74.766800
6714.843750	-76.036209
6715.820312	-76.084541
6716.796875	-74.369179
6717.773438	-75.174614
6718.750000	-74.934204
6719.726562	-75.853752
6720.703125	-75.378723
6721.679688	-74.994606
6722.656250	-75.062523
6723.632812	-75.792892
6724.609375	-75.177322
6725.585938	-75.799599
6726.562500	-75.500641
6727.539062	-74.479813
6728.515625	-75.018234
6729.492188	-75.974327
6730.468750	-75.283508
6731.445312	-75.607300
6732.421875	-75.138733
6733.398438	-75.302704
6734.375000	-74.845375
6735.351562	-74.398537
6736.328125	-74.702820
6737.304688	-74.773811
6738.281250	-73.877815
6739.257812	-74.791946
6740.234375	-75.225861
6741.210938	-74.641418
6742.187500	-74.689095
6743.164062	-76.072586
6744.140625	-73.963097
6745.117188	-74.818436
6746.093750	-75.017914
6747.070312	-74.414330
6748.046875	-75.277054
6749.023438	-73.763565
6750.000000	-74.518669
6750.976562	-73.143738
6751.953125	-73.588089
6752.929688	-74.109077
6753.906250	-73.494621
6754.882812	-74.548737
6755.859375	-74.647385
6756.835938	-73.324028
6757.812500	-73.017624
6758.789062	-73.019714
6759.765625	-72.574913
6760.742188	-73.037964
6761.718750	-73.282898
6762.695312	-73.404221
6763.671875	-73.183533
6764.648438	-72.409508
6765.625000	-73.409904
6766.601562	-73.977341
6767.578125	-73.056488
6768.554688	-71.982658
6769.531250	-71.164970
6770.507812	-72.158798
6771.484375	-71.085373
6772.460938	-70.746513
6773.437500	-71.374664
6774.414062	-71.541298
6775.390625	-73.010490
6776.367188	-71.686783
6777.343750	-70.770096
6778.320312	-71.458405
6779.296875	-71.030548
6780.273438	-70.879532
6781.250000	-71.525459
6782.226562	-69.859207
6783.203125	-70.201088
6784.179688	-70.551910
6785.156250	-70.807022
6786.132812	-70.568420
6787.109375	-70.633408
6788.085938	-69.910309
6789.062500	-69.530502
6790.039062	-69.499199
6791.015625	-69.409271
6791.992188	-69.646118
6792.968750	-70.036400
6793.945312	-72.013397
6794.921875	-70.564308
6795.898438	-70.225403
6796.875000	-69.972038
6797.851562	-68.684532
6798.828125	-68.609634
6799.804688	-70.658211
6800.781250	-71.389282
6801.757812	-69.707336
6802.734375	-70.469215
6803.710938	-69.037636
6804.687500	-69.862434
6805.664062	-69.558662
6806.640625	-69.796638
6807.617188	-70.761208
6808.593750	-70.220940
6809.570312	-70.056725
6810.546875	-70.403954
6811.523438	-69.949890
6812.500000	-69.758766
6813.476562	-71.010818
6814.453125	-70.209412
6815.429688	-70.666267
6816.406250	-70.755394
6817.382812	-71.209442
6818.359375	-71.280548
6819.335938	-70.943604
6820.312500	-71.747658
6821.289062	-70.131111
6822.265625	-70.506775
6823.242188	-70.341400
6824.218750	-70.953682
6825.195312	-71.259499
6826.171875	-72.677803
6827.148438	-70.251305
6828.125000	-71.510498
6829.101562	-71.521072
6830.078125	-71.771355
6831.054688	-72.704224
6832.031250	-72.614868
6833.007812	-72.803253
6833.984375	-71.583130
6834.960938	-73.265862
6835.937500	-72.024818
6836.914062	-71.857521
6837.890625	-73.513420
6838.867188	-75.262413
6839.843750	-74.207970
6840.820312	-73.272179
6841.796875	-74.040688
6842.773438	-74.452080
6843.750000	-73.755760
6844.726562	-74.545570
6845.703125	-74.401649
6846.679688	-74.052696
6847.656250	-73.755890
6848.632812	-73.746597
6849.609375	-74.983154
6850.585938	-74.716988
6851.562500	-74.289215
6852.539062	-74.871414
6853.515625	-76.838982
6854.492188	-75.188118
6855.468750	-76.092079
6856.445312	-76.147774
6857.421875	-75.771561
6858.398438	-76.010696
6859.375000	-75.672585
6860.351562	-76.697250
6861.328125	-76.159523
6862.304688	-75.907509
6863.281250	-76.898033
6864.257812	-77.084457
6865.234375	-76.675369
6866.210938	-77.075035
6867.187500	-77.232964
6868.164062	-76.888618
6869.140625	-77.545578
6870.117188	-78.028893
6871.093750	-77.617821
6872.070312	-77.097313
6873.046875	-77.199524
6874.023438	-76.754791
6875.000000	-78.751587
6875.976562	-77.401596
6876.953125	-77.393379
6877.929688	-78.207809
6878.906250	-78.859184
6879.882812	-79.006783
6880.859375	-78.088005
6881.835938	-77.734001
6882.812500	-77.607674
6883.789062	-77.940346
6884.765625	-79.814705
6885.742188	-78.892967
6886.718750	-78.926575
6887.695312	-78.329483
6888.671875	-77.753502
6889.648438	-79.733139
6890.625000	-79.693275
6891.601562	-80.785141
6892.578125	-79.199646
6893.554688	-78.798622
6894.531250	-80.195724
6895.507812	-79.793289
6896.484375	-78.704300
6897.460938	-78.905067
6898.437500	-77.553131
6899.414062	-79.151421
6900.390625	-79.608368
6901.367188	-79.561218
6902.343750	-79.839935
6903.320312	-78.653030
6904.296875	-79.849724
6905.273438	-81.817238
6906.250000	-80.995323
6907.226562	-81.243225
6908.203125	-81.049850
6909.179688	-81.223022
6910.156250	-81.778954
6911.132812	-80.685143
6912.109375	-80.716614
6913.085938	-79.315048
6914.062500	-80.722649
6915.039062	-80.471802
6916.015625	-81.015205
6916.992188	-81.263298
6917.968750	-79.883362
6918.945312	-81.435349
6919.921875	-80.848465
6920.898438	-80.748535
6921.875000	-81.588921
6922.851562	-80.317146
6923.828125	-79.914421
6924.804688	-80.795280
6925.781250	-80.006233
6926.757812	-79.870651
6927.734375	-80.537720
6928.710938	-81.426262
6929.687500	-82.064560
6930.664062	-82.617867
6931.640625	-80.267288
6932.617188	-81.600449
6933.593750	-81.605583
6934.570312	-79.881996
6935.546875	-80.327469
6936.523438	-81.491455
6937.500000	-80.221870
6938.476562	-80.827019
6939.453125	-80.248306
6940.429688	-81.734390
6941.406250	-82.058220
6942.382812	-82.129768
6943.359375	-82.001144
6944.335938	-82.389709
6945.312500	-82.285820
6946.289062	-80.811607
6947.265625	-81.275291
6948.242188	-81.701187
6949.218750	-83.111656
6950.195312	-80.653618
6951.171875	-81.181587
6952.148438	-81.101913
6953.125000	-81.932983
6954.101562	-81.647377
6955.078125	-81.813324
6956.054688	-81.676857
6957.031250	-81.962265
6958.007812	-82.122871
6958.984375	-83.537788
6959.960938	-82.409393
6960.937500	-82.258720
6961.914062	-81.844002
6962.890625	-81.533524
6963.867188	-82.156593
6964.843750	-82.406349
6965.820312	-81.761581
6966.796875	-82.076744
6967.773438	-81.726189
6968.750000	-81.587013
6969.726562	-82.172462
6970.703125	-81.443497
6971.679688	-81.518448
6972.656250	-81.250580
6973.632812	-81.198227
6974.609375	-80.313477
6975.585938	-81.109161
6976.562500	-80.586266
6977.539062	-81.931931
6978.515625	-82.483727
6979.492188	-82.447327
6980.468750	-82.099785
6981.445312	-82.692902
6982.421875	-82.685005
6983.398438	-81.225128
6984.375000	-82.097595
6985.351562	-82.326729
6986.328125	-81.621300
6987.304688	-82.341400
6988.281250	-81.763893
6989.257812	-80.290268
6990.234375	-81.295433
6991.210938	-79.876732
6992.187500	-82.352913
6993.164062	-81.284431
6994.140625	-81.312630
6995.117188	-82.693710
6996.093750	-80.966248
6997.070312	-83.123039
6998.046875	-81.289261
6999.023438	-81.963692
7000.000000	-81.910614
7000.976562	-80.823799
7001.953125	-79.982124
7002.929688	-79.921532
7003.906250	-82.304298
7004.882812	-80.669930
7005.859375	-81.990700
7006.835938	-80.607628
7007.812500	-81.002502
7008.789062	-80.426308
7009.765625	-80.941078
7010.742188	-80.589241
7011.718750	-80.823448
7012.695312	-79.615311
7013.671875	-79.898476
7014.648438	-79.879601
7015.625000	-80.408211
7016.601562	-80.242134
7017.578125	-80.287056
7018.554688	-79.147987
7019.531250	-79.310539
7020.507812	-79.080948
7021.484375	-80.041656
7022.460938	-81.187012
7023.437500	-79.429588
7024.414062	-80.145981
7025.390625	-79.365044
7026.367188	-79.721962
7027.343750	-79.185349
7028.320312	-80.214539
7029.296875	-80.416397
7030.273438	-79.138412
7031.250000	-78.469124
7032.226562	-79.161446
7033.203125	-78.455490
7034.179688	-78.672943
7035.156250	-78.423088
7036.132812	-78.781967
7037.109375	-77.709045
7038.085938	-79.306419
7039.062500	-78.773544
7040.039062	-77.410553
7041.015625	-78.218956
7041.992188	-77.642372
7042.968750	-77.633606
7043.945312	-76.788628
7044.921875	-77.920753
7045.898438	-76.912331
7046.875000	-77.341721
7047.851562	-77.953537
7048.828125	-78.393723
7049.804688	-77.895302
7050.781250	-76.572495
7051.757812	-77.179504
7052.734375	-77.226753
7053.710938	-76.941063
7054.687500	-77.652847
7055.664062	-76.795013
7056.640625	-76.403435
7057.617188	-77.668846
7058.593750	-76.457802
7059.570312	-75.924767
7060.546875	-77.234444
7061.523438	-76.439995
7062.500000	-77.893234
7063.476562	-76.768036
7064.453125	-75.814171
7065.429688	-77.262978
7066.406250	-75.299797
7067.382812	-76.083893
7068.359375	-75.510925
7069.335938	-77.075562
7070.312500	-77.239594
7071.289062	-77.047310
7072.265625	-76.176559
7073.242188	-76.934006
7074.218750	-77.413696
7075.195312	-77.347191
7076.171875	-77.265594
7077.148438	-74.937256
7078.125000	-77.595543
7079.101562	-77.378174
7080.078125	-76.522072
7081.054688	-77.309807
7082.031250	-77.039360
7083.007812	-78.203552
7083.984375	-76.852592
7084.960938	-78.442863
7085.937500	-78.591446
7086.914062	-76.794167
7087.890625	-78.149597
7088.867188	-78.547310
7089.843750	-79.195847
7090.820312	-80.156624
7091.796875	-80.436623
7092.773438	-78.215599
7093.750000	-79.401131
7094.726562	-79.989365
7095.703125	-80.316574
7096.679688	-80.262161
7097.656250	-79.814232
7098.632812	-80.663322
7099.609375	-81.127052
7100.585938	-81.060936
7101.562500	-80.424110
7102.539062	-80.997604
7103.515625	-81.399269
7104.492188	-80.989517
7105.468750	-80.343285
7106.445312	-81.635727
7107.421875	-82.623199
7108.398438	-82.046082
7109.375000	-81.083031
7110.351562	-81.684143
7111.328125	-81.835747
7112.304688	-82.729675
7113.281250	-81.592194
7114.257812	-82.043739
7115.234375	-82.069115
7116.210938	-83.795944
7117.187500	-83.464775
7118.164062	-83.916084
7119.140625	-84.798904
7120.117188	-84.541718
7121.093750	-85.446709
7122.070312	-84.433189
7123.046875	-84.144180
7124.023438	-84.506790
7125.000000	-84.886925
7125.976562	-85.090271
7126.953125	-84.329109
7127.929688	-85.176529
7128.906250	-83.985023
7129.882812	-85.779411
7130.859375	-84.487373
7131.835938	-84.962700
7132.812500	-83.553352
7133.789062	-84.818069
7134.765625	-84.836639
7135.742188	-85.717766
7136.718750	-84.630676
7137.695312	-85.555252
7138.671875	-85.772095
7139.648438	-86.400589
7140.625000	-85.263565
7141.601562	-86.333275
7142.578125	-85.293594
7143.554688	-86.194824
7144.531250	-86.898529
7145.507812	-86.890259
7146.484375	-85.537636
7147.460938	-87.778763
7148.437500	-87.615547
7149.414062	-88.147316
7150.390625	-87.592033
7151.367188	-87.678673
7152.343750	-86.906937
7153.320312	-87.066986
7154.296875	-89.512405
7155.273438	-86.285736
7156.250000	-87.520836
7157.226562	-86.656578
7158.203125	-88.592453
7159.179688	-88.293831
7160.156250	-87.429916
7161.132812	-87.702454
7162.109375	-86.665154
7163.085938	-87.454422
7164.062500	-87.481750
7165.039062	-87.934593
7166.015625	-88.017647
7166.992188	-88.471420
7167.968750	-88.260422
7168.945312	-87.839920
7169.921875	-89.477028
7170.898438	-88.494095
7171.875000	-89.755424
7172.851562	-88.029709
7173.828125	-89.287880
7174.804688	-89.968460
7175.781250	-88.170609
7176.757812	-91.197441
7177.734375	-89.231628
7178.710938	-88.255585
7179.687500	-90.231659
7180.664062	-89.345100
7181.640625	-90.072411
7182.617188	-89.475029
7183.593750	-90.317612
7184.570312	-88.153152
7185.546875	-89.037498
7186.523438	-88.954956
7187.500000	-90.249435
7188.476562	-90.223549
7189.453125	-89.833290
7190.429688	-89.283089
7191.406250	-90.172546
7192.382812	-90.115936
7193.359375	-88.807274
7194.335938	-90.706467
7195.312500	-89.916306
7196.289062	-89.713188
7197.265625	-90.007683
7198.242188	-90.894989
7199.218750	-89.496605
7200.195312	-89.299141
7201.171875	-90.503426
7202.148438	-91.137627
7203.125000	-90.855721
7204.101562	-90.443474
7205.078125	-89.679535
7206.054688	-91.032402
7207.031250	-89.467270
7208.007812	-89.864937
7208.984375	-89.920769
7209.960938	-90.274078
7210.937500	-90.199493
7211.914062	-90.348396
7212.890625	-90.552551
7213.867188	-90.410912
7214.843750	-91.269554
7215.820312	-89.931686
7216.796875	-89.962044
7217.773438	-91.213478
7218.750000	-90.786240
7219.726562	-89.770592
7220.703125	-90.175888
7221.679688	-91.427452
7222.656250	-91.441238
7223.632812	-91.688217
7224.609375	-90.858734
7225.585938	-90.799065
7226.562500	-91.096603
7227.539062	-90.485626
7228.515625	-92.355812
7229.492188	-90.706451
7230.468750	-91.395454
7231.445312	-90.398956
7232.421875	-90.982170
7233.398438	-92.330482
7234.375000	-90.701294
7235.351562	-91.344131
7236.328125	-90.540176
7237.304688	-91.211342
7238.281250	-90.657303
7239.257812	-91.619522
7240.234375	-90.659416
7241.210938	-90.242676
7242.187500	-90.721123
7243.164062	-90.012611
7244.140625	-90.991043
7245.117188	-89.357971
7246.093750	-90.682350
7247.070312	-89.580421
7248.046875	-90.977455
7249.023438	-90.419624
7250.000000	-89.681877
7250.976562	-91.091667
7251.953125	-90.960022
7252.929688	-90.835564
7253.906250	-90.381783
7254.882812	-91.202759
7255.859375	-90.186829
7256.835938	-90.731651
7257.812500	-90.834457
7258.789062	-91.445473
7259.765625	-90.215965
7260.742188	-91.741081
7261.718750	-89.842194
7262.695312	-91.808098
7263.671875	-89.380844
7264.648438	-89.593491
7265.625000	-91.336586
7266.601562	-90.779915
7267.578125	-89.932152
7268.554688	-91.026237
7269.531250	-89.823502
7270.507812	-89.596649
7271.484375	-90.710793
7272.460938	-90.534195
7273.437500	-90.314583
7274.414062	-89.404343
7275.390625	-89.941833
7276.367188	-90.665863
7277.343750	-89.431778
7278.320312	-89.312538
7279.296875	-89.349121
7280.273438	-89.802498
7281.250000	-90.193634
7282.226562	-89.964767
7283.203125	-88.729454
7284.179688	-89.299988
7285.156250	-88.949913
7286.132812	-89.606178
7287.109375	-88.377319
7288.085938	-89.143578
7289.062500	-88.902443
7290.039062	-88.385254
7291.015625	-89.874641
7291.992188	-87.916283
7292.968750	-88.522026
7293.945312	-89.424042
7294.921875	-89.361275
7295.898438	-89.020668
7296.875000	-88.270485
7297.851562	-88.684845
7298.828125	-88.901993
7299.804688	-89.513580
7300.781250	-88.176704
7301.757812	-87.083961
7302.734375	-87.748161
7303.710938	-87.517899
7304.687500	-89.255447
7305.664062	-89.051804
7306.640625	-87.295761
7307.617188	-87.635887
7308.593750	-86.774788
7309.570312	-86.768837
7310.546875	-86.371468
7311.523438	-87.604118
7312.500000	-87.457260
7313.476562	-86.538376
7314.453125	-88.238716
7315.429688	-87.471504
7316.406250	-85.877525
7317.382812	-86.874741
7318.359375	-86.739243
7319.335938	-86.646606
7320.312500	-86.492683
7321.289062	-85.648407
7322.265625	-86.178055
7323.242188	-86.193146
7324.218750	-85.794594
7325.195312	-88.338623
7326.171875	-87.998024
7327.148438	-86.658745
7328.125000	-87.181519
7329.101562	-86.633430
7330.078125	-86.700371
7331.054688	-86.568993
7332.031250	-87.453735
7333.007812	-86.583221
7333.984375	-86.832306
7334.960938	-86.857285
7335.937500	-87.173798
7336.914062	-87.567238
7337.890625	-87.199600
7338.867188	-87.517654
7339.843750	-88.126038
7340.820312	-87.713829
7341.796875	-88.146339
7342.773438	-87.696213
7343.750000	-87.767265
7344.726562	-90.135483
7345.703125	-87.889809
7346.679688	-88.474388
7347.656250	-89.963531
7348.632812	-89.915810
7349.609375	-88.292870
7350.585938	-89.981880
7351.562500	-89.786079
7352.539062	-89.903282
7353.515625	-89.029564
7354.492188	-90.799187
7355.468750	-91.006706
7356.445312	-90.626381
7357.421875	-91.055969
7358.398438	-90.762970
7359.375000	-90.683746
7360.351562	-91.733231
7361.328125	-90.873962
7362.304688	-91.440804
7363.281250	-92.318260
7364.257812	-92.222588
7365.234375	-90.505806
7366.210938	-93.401863
7367.187500	-92.624062
7368.164062	-93.176483
7369.140625	-91.318192
7370.117188	-92.517189
7371.093750	-93.051529
7372.070312	-94.062401
7373.046875	-93.271004
7374.023438	-92.737587
7375.000000	-92.706932
7375.976562	-93.004158
7376.953125	-93.342392
7377.929688	-95.767242
7378.906250	-94.462784
7379.882812	-93.600349
7380.859375	-94.755943
7381.835938	-94.380318
7382.812500	-94.491516
7383.789062	-93.909569
7384.765625	-95.294533
7385.742188	-94.446724
7386.718750	-95.521172
7387.695312	-94.524254
7388.671875	-94.306122
7389.648438	-95.206223
7390.625000	-95.332962
7391.601562	-95.949852
7392.578125	-97.198944
7393.554688	-96.438591
7394.531250	-96.050804
7395.507812	-96.336494
7396.484375	-97.385788
7397.460938	-96.025017
7398.437500	-96.933899
7399.414062	-95.851997
7400.390625	-97.878830
7401.367188	-96.028938
7402.343750	-95.944778
7403.320312	-96.962944
7404.296875	-97.070099
7405.273438	-97.096901
7406.250000	-97.419556
7407.226562	-97.350853
7408.203125	-97.969017
7409.179688	-98.111458
7410.156250	-97.714699
7411.132812	-97.576851
7412.109375	-98.824219
7413.085938	-98.616196
7414.062500	-98.262711
7415.039062	-99.127228
7416.015625	-98.508591
7416.992188	-98.095963
7417.968750	-99.089447
7418.945312	-97.791115
7419.921875	-98.845901
7420.898438	-99.051781
7421.875000	-98.548782
7422.851562	-98.699760
7423.828125	-99.590088
7424.804688	-97.606178
7425.781250	-98.003845
7426.757812	-98.749557
7427.734375	-98.143066
7428.710938	-99.459045
7429.687500	-99.159538
7430.664062	-100.048767
7431.640625	-99.488403
7432.617188	-99.328842
7433.593750	-99.524185
7434.570312	-99.423004
7435.546875	-98.791183
7436.523438	-98.952759
7437.500000	-100.169670
7438.476562	-99.406380
7439.453125	-99.547043
7440.429688	-99.633430
7441.406250	-99.270378
7442.382812	-99.794449
7443.359375	-99.295494
7444.335938	-98.128944
7445.312500	-99.847916
7446.289062	-99.957062
7447.265625	-100.014114
7448.242188	-99.504829
7449.218750	-100.473724
7450.195312	-99.198204
7451.171875	-100.473633
7452.148438	-98.950272
7453.125000	-98.839638
7454.101562	-99.671440
7455.078125	-99.861931
7456.054688	-99.992004
7457.031250	-100.227791
7458.007812	-100.737267
7458.984375	-99.583710
7459.960938	-100.253326
7460.937500	-99.922989
7461.914062	-101.024857
7462.890625	-99.156181
7463.867188	-100.360085
7464.843750	-99.493523
7465.820312	-100.380669
7466.796875	-101.184418
7467.773438	-99.856400
7468.750000	-100.806137
7469.726562	-99.704941
7470.703125	-101.590515
7471.679688	-100.378838
7472.656250	-100.066582
7473.632812	-101.253876
7474.609375	-100.564392
7475.585938	-100.351311
7476.562500	-100.546860
7477.539062	-100.745979
7478.515625	-101.018654
7479.492188	-101.955376
7480.468750	-100.942886
7481.445312	-100.276436
7482.421875	-101.019417
7483.398438	-100.952873
7484.375000	-101.403091
7485.351562	-100.768990
7486.328125	-101.454193
7487.304688	-100.753777
7488.281250	-100.899826
7489.257812	-100.478699
7490.234375	-101.358185
7491.210938	-100.115494
7492.187500	-100.522095
7493.164062	-100.680824
7494.140625	-100.164391
7495.117188	-100.100082
7496.093750	-100.929153
7497.070312	-101.311134
7498.046875	-100.912895
7499.023438	-100.542221
7500.000000	-100.519180
7500.976562	-100.738525
7501.953125	-101.384628
7502.929688	-100.827255
7503.906250	-100.862961
7504.882812	-101.700241
7505.859375	-101.795059
7506.835938	-100.701614
7507.812500	-100.733292
7508.789062	-101.347527
7509.765625	-101.472275
7510.742188	-100.966965
7511.718750	-101.389809
7512.695312	-100.643387
7513.671875	-100.672974
7514.648438	-101.350189
7515.625000	-101.268707
7516.601562	-101.070847
7517.578125	-100.527962
7518.554688	-101.658646
7519.531250	-100.470848
7520.507812	-101.614708
7521.484375	-100.712624
7522.460938	-101.948471
7523.437500	-100.281372
7524.414062	-101.297569
7525.390625	-101.038704
7526.367188	-100.126915
7527.343750	-101.033257
7528.320312	-100.588112
7529.296875	-100.717804
7530.273438	-101.007057
7531.250000	-101.189156
7532.226562	-101.488602
7533.203125	-101.828026
7534.179688	-100.912766
7535.156250	-101.207542
7536.132812	-101.095779
7537.109375	-102.005867
7538.085938	-101.679741
7539.062500	-101.089378
7540.039062	-101.155594
7541.015625	-100.629936
7541.992188	-100.952675
7542.968750	-102.478394
7543.945312	-100.177933
7544.921875	-101.159447
7545.898438	-101.321831
7546.875000	-101.424721
7547.851562	-101.778877
7548.828125	-101.271881
7549.804688	-101.065163
7550.781250	-100.886536
7551.757812	-101.428841
7552.734375	-101.587280
7553.710938	-101.577354
7554.687500	-100.905220
7555.664062	-101.512688
7556.640625	-101.130104
7557.617188	-101.403778
7558.593750	-101.791153
7559.570312	-101.383904
7560.546875	-100.557678
7561.523438	-99.830360
7562.500000	-101.359367
7563.476562	-100.897141
7564.453125	-100.887772
7565.429688	-100.214401
7566.406250	-100.410286
7567.382812	-100.321259
7568.359375	-100.754036
7569.335938	-101.640045
7570.312500	-100.689583
7571.289062	-101.281082
7572.265625	-100.621971
7573.242188	-100.202461
7574.218750	-101.082565
7575.195312	-100.733826
7576.171875	-100.805702
7577.148438	-100.583694
7578.125000	-101.184128
7579.101562	-99.933403
7580.078125	-100.539696
7581.054688	-100.971733
7582.031250	-100.682907
7583.007812	-100.896324
7583.984375	-100.635086
7584.960938	-101.262177
7585.937500	-100.293625
7586.914062	-100.687424
7587.890625	-101.358345
7588.867188	-101.108055
7589.843750	-100.950562
7590.820312	-101.642433
7591.796875	-100.783333
7592.773438	-101.605698
7593.750000	-101.003098
7594.726562	-100.492928
7595.703125	-101.045738
7596.679688	-101.516731
7597.656250	-101.813103
7598.632812	-101.906677
7599.609375	-100.933113
7600.585938	-102.097031
7601.562500	-101.806396
7602.539062	-101.722778
7603.515625	-102.206398
7604.492188	-102.382095
7605.468750	-101.348900
7606.445312	-101.416367
7607.421875	-103.302681
7608.398438	-102.197327
7609.375000	-102.286110
7610.351562	-102.759163
7611.328125	-102.260887
7612.304688	-103.749603
7613.281250	-103.017761
7614.257812	-103.167915
7615.234375	-103.212959
7616.210938	-103.422295
7617.187500	-102.634735
7618.164062	-102.784721
7619.140625	-103.018723
7620.117188	-102.787834
7621.093750	-103.544189
7622.070312	-102.835289
7623.046875	-103.282356
7624.023438	-102.754570
7625.000000	-103.540802
7625.976562	-103.172462
7626.953125	-103.798981
7627.929688	-103.840988
7628.906250	-103.949730
7629.882812	-103.815079
7630.859375	-104.024239
7631.835938	-103.516449
7632.812500	-103.968307
7633.789062	-103.639137
7634.765625	-103.584946
7635.742188	-103.753799
7636.718750	-103.389397
7637.695312	-103.864952
7638.671875	-103.650192
7639.648438	-103.656242
7640.625000	-104.799332
7641.601562	-104.066032
7642.578125	-103.816460
7643.554688	-104.455528
7644.531250	-103.388069
7645.507812	-103.688271
7646.484375	-104.202995
7647.460938	-104.156570
7648.437500	-104.193077
7649.414062	-103.570686
7650.390625	-104.123062
7651.367188	-104.388954
7652.343750	-104.308800
7653.320312	-103.941086
7654.296875	-104.012688
7655.273438	-103.728149
7656.250000	-103.571022
7657.226562	-104.348648
7658.203125	-104.075951
7659.179688	-104.103035
7660.156250	-104.384048
7661.132812	-104.243423
7662.109375	-104.208977
7663.085938	-103.848808
7664.062500	-103.964737
7665.039062	-104.284119
7666.015625	-103.840698
7666.992188	-103.963745
7667.968750	-104.435501
7668.945312	-104.483841
7669.921875	-103.870094
7670.898438	-104.141869
7671.875000	-104.482063
7672.851562	-104.162872
7673.828125	-104.381065
7674.804688	-104.009514
7675.781250	-103.877411
7676.757812	-104.384117
7677.734375	-103.963562
7678.710938	-104.077415
7679.687500	-104.229095
7680.664062	-104.338493
7681.640625	-104.743973
7682.617188	-104.435715
7683.593750	-104.153564
7684.570312	-104.190933
7685.546875	-104.397255
7686.523438	-104.316429
7687.500000	-104.508209
7688.476562	-104.358871
7689.453125	-104.549026
7690.429688	-104.402328
7691.406250	-104.457001
7692.382812	-104.433212
7693.359375	-104.537399
7694.335938	-104.409264
7695.312500	-104.583481
7696.289062	-104.269905
7697.265625	-104.390160
7698.242188	-104.531021
7699.218750	-104.295189
7700.195312	-104.475845
7701.171875	-104.765053
7702.148438	-104.359230
7703.125000	-104.425804
7704.101562	-104.692657
7705.078125	-104.524284
7706.054688	-104.454132
7707.031250	-104.573387
7708.007812	-104.371292
7708.984375	-104.505623
7709.960938	-104.433578
7710.937500	-104.734962
7711.914062	-104.501778
7712.890625	-104.687531
7713.867188	-104.455208
7714.843750	-104.446823
7715.820312	-104.446579
7716.796875	-104.404930
7717.773438	-104.701691
7718.750000	-104.524284
7719.726562	-104.285599
7720.703125	-104.577370
7721.679688	-104.419708
7722.656250	-104.404633
7723.632812	-104.585609
7724.609375	-104.669853
7725.585938	-104.452339
7726.562500	-104.594505
7727.539062	-104.545486
7728.515625	-104.525566
7729.492188	-104.511597
7730.468750	-104.644539
7731.445312	-104.472435
7732.421875	-104.533379
7733.398438	-104.478821
7734.375000	-104.503540
7735.351562	-104.610603
7736.328125	-104.584900
7737.304688	-104.625977
7738.281250	-104.717140
7739.257812	-104.583496
7740.234375	-104.604462
7741.210938	-104.509834
7742.187500	-104.653061
7743.164062	-104.517395
7744.140625	-104.549278
7745.117188	-104.603104
7746.093750	-104.534187
7747.070312	-104.585236
7748.046875	-104.563133
7749.023438	-104.563080
7750.000000	-104.629868
7750.976562	-104.646751
7751.953125	-104.622505
7752.929688	-104.578987
7753.906250	-104.674469
7754.882812	-104.686569
7755.859375	-104.604774
7756.835938	-104.650429
7757.812500	-104.611671
7758.789062	-104.568649
7759.765625	-104.669693
7760.742188	-104.626816
7761.718750	-104.607224
7762.695312	-104.614914
7763.671875	-104.650909
7764.648438	-104.634056
7765.625000	-104.605705
7766.601562	-104.617577
7767.578125	-104.636345
7768.554688	-104.699783
7769.531250	-104.624146
7770.507812	-104.621330
7771.484375	-104.637688
7772.460938	-104.620956
7773.437500	-104.618874
7774.414062	-104.605644
7775.390625	-104.633835
7776.367188	-104.659233
7777.343750	-104.679970
7778.320312	-104.696777
7779.296875	-104.644783
7780.273438	-104.594833
7781.250000	-104.652336
7782.226562	-104.699387
7783.203125	-104.672760
7784.179688	-104.623787
7785.156250	-104.661629
7786.132812	-104.681694
7787.109375	-104.699303
7788.085938	-104.653931
7789.062500	-104.646751
7790.039062	-104.665749
7791.015625	-104.661736
7791.992188	-104.662537
7792.968750	-104.653938
7793.945312	-104.638824
7794.921875	-104.633469
7795.898438	-104.683701
7796.875000	-104.672165
7797.851562	-104.679283
7798.828125	-104.661224
7799.804688	-104.699936
7800.781250	-104.664818
7801.757812	-104.672295
7802.734375	-104.643105
7803.710938	-104.693680
7804.687500	-104.655899
7805.664062	-104.656410
7806.640625	-104.671867
7807.617188	-104.659828
7808.593750	-104.688957
7809.570312	-104.663162
7810.546875	-104.667709
7811.523438	-104.669456
7812.500000	-104.678749
7813.476562	-104.649101
7814.453125	-104.665604
7815.429688	-104.665871
7816.406250	-104.674156
7817.382812	-104.667831
7818.359375	-104.670998
7819.335938	-104.680031
7820.312500	-104.672890
7821.289062	-104.684982
7822.265625	-104.692329
7823.242188	-104.678040
7824.218750	-104.684021
7825.195312	-104.693352
7826.171875	-104.684494
7827.148438	-104.680283
7828.125000	-104.675659
7829.101562	-104.680206
7830.078125	-104.688240
7831.054688	-104.680122
7832.031250	-104.679413
7833.007812	-104.683800
7833.984375	-104.694321
7834.960938	-104.696693
7835.937500	-104.700119
7836.914062	-104.698296
7837.890625	-104.697708
7838.867188	-104.695206
7839.843750	-104.696320
7840.820312	-104.694153
7841.796875	-104.704712
7842.773438	-104.699547
7843.750000	-104.702316
7844.726562	-104.690758
7845.703125	-104.696228
7846.679688	-104.703011
7847.656250	-104.701050
7848.632812	-104.699562
7849.609375	-104.703636
7850.585938	-104.702560
7851.562500	-104.699310
7852.539062	-104.704597
7853.515625	-104.702042
7854.492188	-104.705856
7855.468750	-104.702354
7856.445312	-104.704712
7857.421875	-104.703964
7858.398438	-104.705025
7859.375000	-104.709190
7860.351562	-104.708755
7861.328125	-104.709183
7862.304688	-104.708855
7863.281250	-104.709953
7864.257812	-104.707993
7865.234375	-104.711922
7866.210938	-104.710167
7867.187500	-104.709892
7868.164062	-104.710968
7869.140625	-104.713654
7870.117188	-104.712563
7871.093750	-104.711487
7872.070312	-104.715401
7873.046875	-104.713020
7874.023438	-104.716011
7875.000000	-104.714546
7875.976562	-104.715866
7876.953125	-104.715843
7877.929688	-104.717285
7878.906250	-104.716873
7879.882812	-104.717682
7880.859375	-104.718285
7881.835938	-104.719589
7882.812500	-104.720306
7883.789062	-104.720016
7884.765625	-104.720200
7885.742188	-104.721336
7886.718750	-104.721649
7887.695312	-104.721451
7888.671875	-104.722122
7889.648438	-104.722595
7890.625000	-104.722870
7891.601562	-104.723289
7892.578125	-104.724167
7893.554688	-104.724739
7894.531250	-104.724388
7895.507812	-104.724960
7896.484375	-104.725555
7897.460938	-104.725807
7898.437500	-104.726372
7899.414062	-104.726280
7900.390625	-104.727028
7901.367188	-104.727722
7902.343750	-104.728058
7903.320312	-104.728249
7904.296875	-104.728531
7905.273438	-104.728951
7906.250000	-104.729172
7907.226562	-104.729797
7908.203125	-104.730095
7909.179688	-104.730431
7910.156250	-104.730713
7911.132812	-104.731117
7912.109375	-104.731544
7913.085938	-104.731903
7914.062500	-104.732231
7915.039062	-104.732445
7916.015625	-104.732887
7916.992188	-104.733223
7917.968750	-104.733620
7918.945312	-104.733849
7919.921875	-104.734222
7920.898438	-104.734367
7921.875000	-104.734695
7922.851562	-104.735031
7923.828125	-104.735336
7924.804688	-104.735641
7925.781250	-104.735863
7926.757812	-104.736168
7927.734375	-104.736542
7928.710938	-104.736794
7929.687500	-104.737045
7930.664062	-104.737343
7931.640625	-104.737625
7932.617188	-104.737823
7933.593750	-104.738060
7934.570312	-104.738358
7935.546875	-104.738556
7936.523438	-104.738823
7937.500000	-104.739113
7938.476562	-104.739357
7939.453125	-104.739517
7940.429688	-104.739799
7941.406250	-104.739990
7942.382812	-104.740273
7943.359375	-104.740479
7944.335938	-104.740700
7945.312500	-104.740944
7946.289062	-104.741142
7947.265625	-104.741325
7948.242188	-104.741516
7949.218750	-104.741699
7950.195312	-104.741882
7951.171875	-104.742096
7952.148438	-104.742279
7953.125000	-104.742455
7954.101562	-104.742630
7955.078125	-104.742813
7956.054688	-104.742989
7957.031250	-104.743187
7958.007812	-104.743347
7958.984375	-104.743484
7959.960938	-104.743637
7960.937500	-104.743805
7961.914062	-104.743973
7962.890625	-104.744110
7963.867188	-104.744263
7964.843750	-104.744385
7965.820312	-104.744476
7966.796875	-104.744629
7967.773438	-104.744751
7968.750000	-104.744843
7969.726562	-104.744995
7970.703125	-104.745132
7971.679688	-104.745209
7972.656250	-104.745338
7973.632812	-104.745453
7974.609375	-104.745544
7975.585938	-104.745651
7976.562500	-104.745712
7977.539062	-104.745811
7978.515625	-104.745895
7979.492188	-104.745934
7980.468750	-104.746056
7981.445312	-104.746124
7982.421875	-104.746185
7983.398438	-104.746254
7984.375000	-104.746330
7985.351562	-104.746368
7986.328125	-104.746399
7987.304688	-104.746468
7988.281250	-104.746521
7989.257812	-104.746582
7990.234375	-104.746620
7991.210938	-104.746643
7992.187500	-104.746674
7993.164062	-104.746704
7994.140625	-104.746689
7995.117188	-104.746788
7996.093750	-104.746773
7997.070312	-104.746788
7998.046875	-104.746780
7999.023438	-104.746796
