Frequency (Hz)	Level (dB)
0.976562	-97.314484
1.953125	-97.158821
2.929688	-96.700417
3.906250	-95.918968
4.882812	-95.833023
5.859375	-95.267952
6.835938	-94.130402
7.812500	-96.137314
8.789062	-95.559746
9.765625	-93.743240
10.742188	-91.932175
11.718750	-91.168434
12.695312	-91.010010
13.671875	-91.294189
14.648438	-92.286270
15.625000	-92.312813
16.601562	-91.066353
17.578125	-91.193398
18.554688	-89.059692
19.531250	-89.867180
20.507812	-90.579941
21.484375	-88.599464
22.460938	-86.937538
23.437500	-87.602081
24.414062	-87.950294
25.390625	-87.679016
26.367188	-86.818802
27.343750	-87.935440
28.320312	-87.993034
29.296875	-87.180977
30.273438	-87.319916
31.250000	-88.283676
32.226562	-88.363708
33.203125	-88.033577
34.179688	-87.081856
35.156250	-86.560204
36.132812	-86.792183
37.109375	-86.176720
38.085938	-87.464081
39.062500	-87.389488
40.039062	-85.660255
41.015625	-86.026550
41.992188	-86.565796
42.968750	-85.211319
43.945312	-86.585228
44.921875	-87.264542
45.898438	-85.408958
46.875000	-84.192047
47.851562	-85.603905
48.828125	-83.300735
49.804688	-85.579147
50.781250	-86.280319
51.757812	-83.884254
52.734375	-85.199234
53.710938	-84.666862
54.687500	-85.362793
55.664062	-86.186768
56.640625	-83.418625
57.617188	-83.005035
58.593750	-82.376961
59.570312	-79.646118
60.546875	-82.555199
61.523438	-83.267937
62.500000	-83.607292
63.476562	-83.478378
64.453125	-84.897408
65.429688	-85.057526
66.406250	-85.448738
67.382812	-84.950523
68.359375	-84.200012
69.335938	-84.386253
70.312500	-83.677719
71.289062	-83.208710
72.265625	-83.649536
73.242188	-83.878403
74.218750	-81.843781
75.195312	-82.311409
76.171875	-80.507118
77.148438	-80.801155
78.125000	-80.843269
79.101562	-81.979057
80.078125	-77.063240
81.054688	-77.999306
82.031250	-79.801086
83.007812	-81.259521
83.984375	-79.353477
84.960938	-78.805588
85.937500	-78.265190
86.914062	-78.226738
87.890625	-77.618469
88.867188	-76.511940
89.843750	-80.820473
90.820312	-80.624252
91.796875	-80.778191
92.773438	-80.438736
93.750000	-76.417114
94.726562	-83.345818
95.703125	-83.336601
96.679688	-83.079079
97.656250	-83.184677
98.632812	-84.070534
99.609375	-84.053825
100.585938	-84.416664
101.562500	-84.389534
102.539062	-83.418922
103.515625	-84.405540
104.492188	-83.188751
105.468750	-83.820160
106.445312	-82.716110
107.421875	-81.546959
108.398438	-82.406601
109.375000	-83.765358
110.351562	-83.741585
111.328125	-82.403633
112.304688	-82.009346
113.281250	-81.810875
114.257812	-81.595627
115.234375	-80.847092
116.210938	-79.573311
117.187500	-76.559036
118.164062	-68.454880
119.140625	-65.991325
120.117188	-72.536545
121.093750	-74.247498
122.070312	-79.843636
123.046875	-81.343117
124.023438	-81.659691
125.000000	-81.947823
125.976562	-83.141701
126.953125	-81.945869
127.929688	-82.481483
128.906250	-82.738007
129.882812	-82.822212
130.859375	-83.564552
131.835938	-82.673027
132.812500	-82.435974
133.789062	-82.063835
134.765625	-84.202217
135.742188	-83.414757
136.718750	-82.645226
137.695312	-82.600929
138.671875	-81.435898
139.648438	-83.342560
140.625000	-82.839478
141.601562	-83.056160
142.578125	-83.244446
143.554688	-81.669037
144.531250	-82.775459
145.507812	-83.761139
146.484375	-83.405220
147.460938	-82.245430
148.437500	-81.936356
149.414062	-82.860817
150.390625	-84.366982
151.367188	-82.842476
152.343750	-82.049034
153.320312	-83.160034
154.296875	-82.095772
155.273438	-81.251900
156.250000	-83.025780
157.226562	-82.277824
158.203125	-83.236015
159.179688	-82.330444
160.156250	-82.630127
161.132812	-82.468254
162.109375	-81.642166
163.085938	-82.461037
164.062500	-81.139717
165.039062	-81.617790
166.015625	-81.454811
166.992188	-82.019394
167.968750	-82.973434
168.945312	-82.066681
169.921875	-82.212433
170.898438	-81.536140
171.875000	-81.514542
172.851562	-81.234688
173.828125	-80.752121
174.804688	-79.050560
175.781250	-82.387527
176.757812	-81.119247
177.734375	-81.040245
178.710938	-80.864990
179.687500	-80.455261
180.664062	-80.381889
181.640625	-80.831772
182.617188	-81.054199
183.593750	-80.175476
184.570312	-80.004265
185.546875	-80.920731
186.523438	-80.592674
187.500000	-79.843887
188.476562	-80.686073
189.453125	-80.820854
190.429688	-80.124046
191.406250	-79.346786
192.382812	-80.731850
193.359375	-80.649979
194.335938	-79.742661
195.312500	-78.635681
196.289062	-79.319550
197.265625	-78.741249
198.242188	-77.916908
199.218750	-78.616959
200.195312	-78.196625
201.171875	-80.194885
202.148438	-78.005943
203.125000	-76.701767
204.101562	-78.382507
205.078125	-77.811935
206.054688	-78.406975
207.031250	-77.300613
208.007812	-77.607170
208.984375	-77.282761
209.960938	-76.713524
210.937500	-78.263832
211.914062	-78.171921
212.890625	-77.824997
213.867188	-77.412979
214.843750	-77.081322
215.820312	-76.954376
216.796875	-77.500412
217.773438	-75.798248
218.750000	-76.880394
219.726562	-76.533203
220.703125	-75.881493
221.679688	-75.886696
222.656250	-76.714645
223.632812	-75.968552
224.609375	-75.602562
225.585938	-75.057640
226.562500	-75.337440
227.539062	-74.620461
228.515625	-74.755333
229.492188	-73.917549
230.468750	-74.333954
231.445312	-74.356453
232.421875	-75.040543
233.398438	-73.054626
234.375000	-73.531914
235.351562	-73.960052
236.328125	-73.289558
237.304688	-71.601143
238.281250	-72.987000
239.257812	-73.234802
240.234375	-71.498291
241.210938	-70.821922
242.187500	-71.798447
243.164062	-70.183403
244.140625	-70.332130
245.117188	-70.586983
246.093750	-70.561546
247.070312	-69.706917
248.046875	-70.861732
249.023438	-68.224480
250.000000	-68.305145
250.976562	-68.226852
251.953125	-68.327667
252.929688	-67.244530
253.906250	-67.848297
254.882812	-68.173317
255.859375	-67.351555
256.835938	-65.121071
257.812500	-66.574486
258.789062	-66.379501
259.765625	-65.417290
260.742188	-65.144966
261.718750	-64.424484
262.695312	-65.227081
263.671875	-64.147224
264.648438	-64.873100
265.625000	-63.404503
266.601562	-63.079254
267.578125	-62.586460
268.554688	-62.487160
269.531250	-61.676380
270.507812	-61.690887
271.484375	-61.366177
272.460938	-62.029339
273.437500	-62.561249
274.414062	-63.245052
275.390625	-62.111427
276.367188	-62.682228
277.343750	-63.142559
278.320312	-62.346878
279.296875	-62.677685
280.273438	-63.286861
281.250000	-65.168556
282.226562	-63.993690
283.203125	-64.772453
284.179688	-64.010948
285.156250	-64.913834
286.132812	-65.297783
287.109375	-66.199562
288.085938	-65.249695
289.062500	-67.532814
290.039062	-65.630623
291.015625	-66.236557
291.992188	-68.208771
292.968750	-68.345078
293.945312	-66.954971
294.921875	-69.383759
295.898438	-68.335175
296.875000	-68.477547
297.851562	-68.094147
298.828125	-69.050713
299.804688	-68.245300
300.781250	-67.535530
301.757812	-69.157722
302.734375	-68.531555
303.710938	-69.752769
304.687500	-71.245125
305.664062	-69.781723
306.640625	-70.473534
307.617188	-69.874023
308.593750	-69.934532
309.570312	-71.496429
310.546875	-73.218864
311.523438	-71.447639
312.500000	-71.041260
313.476562	-72.159073
314.453125	-71.371681
315.429688	-70.912987
316.406250	-73.073044
317.382812	-73.022270
318.359375	-71.547295
319.335938	-72.804825
320.312500	-71.977295
321.289062	-72.636658
322.265625	-73.368668
323.242188	-72.684914
324.218750	-71.820015
325.195312	-73.296219
326.171875	-72.687294
327.148438	-71.127182
328.125000	-73.983055
329.101562	-74.700424
330.078125	-73.926315
331.054688	-73.815002
332.031250	-73.715118
333.007812	-73.786896
333.984375	-74.668808
334.960938	-73.980034
335.937500	-74.068336
336.914062	-73.329346
337.890625	-74.784317
338.867188	-74.541809
339.843750	-73.349297
340.820312	-74.458771
341.796875	-73.961693
342.773438	-74.737511
343.750000	-75.070206
344.726562	-74.656075
345.703125	-75.766296
346.679688	-75.135399
347.656250	-75.620918
348.632812	-76.560471
349.609375	-75.415367
350.585938	-75.017891
351.562500	-74.594948
352.539062	-74.552490
353.515625	-75.404228
354.492188	-74.716560
355.468750	-74.197258
356.445312	-76.516953
357.421875	-75.417809
358.398438	-75.047668
359.375000	-76.146683
360.351562	-76.712585
361.328125	-76.029305
362.304688	-74.920517
363.281250	-75.438148
364.257812	-76.130867
365.234375	-76.373558
366.210938	-76.098007
367.187500	-75.325790
368.164062	-76.380547
369.140625	-75.792099
370.117188	-76.100746
371.093750	-75.690262
372.070312	-76.376640
373.046875	-76.303879
374.023438	-76.223038
375.000000	-75.693428
375.976562	-75.626488
376.953125	-76.567047
377.929688	-77.050346
378.906250	-77.622307
379.882812	-76.402328
380.859375	-76.951157
381.835938	-76.373070
382.812500	-77.436272
383.789062	-77.352776
384.765625	-75.452553
385.742188	-76.453651
386.718750	-76.302643
387.695312	-75.897598
388.671875	-76.438911
389.648438	-76.671394
390.625000	-78.205368
391.601562	-76.643433
392.578125	-77.936790
393.554688	-77.835541
394.531250	-75.101738
395.507812	-77.226830
396.484375	-77.406448
397.460938	-76.010590
398.437500	-76.260262
399.414062	-77.049065
400.390625	-77.479179
401.367188	-77.270950
402.343750	-76.884094
403.320312	-76.615898
404.296875	-75.655479
405.273438	-76.587616
406.250000	-76.720490
407.226562	-75.674202
408.203125	-76.532326
409.179688	-75.386406
410.156250	-77.454826
411.132812	-74.827309
412.109375	-76.174385
413.085938	-77.021988
414.062500	-74.986885
415.039062	-76.018555
416.015625	-76.728630
416.992188	-74.930161
417.968750	-74.917458
418.945312	-75.832420
419.921875	-77.805130
420.898438	-76.836220
421.875000	-76.991478
422.851562	-76.504456
423.828125	-76.062019
424.804688	-76.185600
425.781250	-76.511833
426.757812	-75.430359
427.734375	-75.818802
428.710938	-76.402519
429.687500	-75.044464
430.664062	-76.800255
431.640625	-75.055824
432.617188	-74.935112
433.593750	-75.786774
434.570312	-76.099113
435.546875	-75.566689
436.523438	-76.662895
437.500000	-75.482712
438.476562	-74.551964
439.453125	-74.638908
440.429688	-75.845070
441.406250	-75.247963
442.382812	-76.345734
443.359375	-75.425148
444.335938	-75.478889
445.312500	-75.184120
446.289062	-74.061386
447.265625	-74.717812
448.242188	-74.883888
449.218750	-74.490883
450.195312	-74.893227
451.171875	-74.012741
452.148438	-73.983665
453.125000	-74.996544
454.101562	-74.021477
455.078125	-74.775757
456.054688	-75.003136
457.031250	-74.635338
458.007812	-75.036629
458.984375	-75.423714
459.960938	-73.685150
460.937500	-74.933723
461.914062	-73.472076
462.890625	-73.602356
463.867188	-74.040382
464.843750	-75.350967
465.820312	-74.000938
466.796875	-75.196663
467.773438	-74.835815
468.750000	-73.818108
469.726562	-73.943626
470.703125	-73.600937
471.679688	-72.176140
472.656250	-72.931786
473.632812	-74.021187
474.609375	-74.123024
475.585938	-73.346451
476.562500	-73.144638
477.539062	-72.947197
478.515625	-73.544083
479.492188	-73.386047
480.468750	-73.326401
481.445312	-73.112068
482.421875	-73.866150
483.398438	-71.811455
484.375000	-73.138245
485.351562	-73.613754
486.328125	-72.513840
487.304688	-71.826172
488.281250	-72.507957
489.257812	-72.248825
490.234375	-73.220840
491.210938	-71.886848
492.187500	-71.853088
493.164062	-71.467079
494.140625	-71.751068
495.117188	-72.060333
496.093750	-71.378036
497.070312	-71.474342
498.046875	-70.924332
499.023438	-70.451271
500.000000	-70.822609
500.976562	-71.880386
501.953125	-70.465790
502.929688	-69.956306
503.906250	-71.270569
504.882812	-69.879822
505.859375	-69.095581
506.835938	-69.410400
507.812500	-69.838051
508.789062	-70.865479
509.765625	-69.595802
510.742188	-69.546127
511.718750	-69.177994
512.695312	-70.864372
513.671875	-70.359283
514.648438	-69.460617
515.625000	-68.053886
516.601562	-69.283058
517.578125	-68.843002
518.554688	-68.689285
519.531250	-69.172729
520.507812	-68.155586
521.484375	-67.561378
522.460938	-67.123268
523.437500	-69.071869
524.414062	-67.616150
525.390625	-68.946198
526.367188	-67.606728
527.343750	-67.561119
528.320312	-68.573753
529.296875	-66.764603
530.273438	-65.454849
531.250000	-66.344788
532.226562	-65.770241
533.203125	-65.795975
534.179688	-67.505684
535.156250	-66.545830
536.132812	-65.853630
537.109375	-65.259773
538.085938	-64.325005
539.062500	-64.541153
540.039062	-64.809410
541.015625	-63.811516
541.992188	-64.249046
542.968750	-64.940651
543.945312	-64.698044
544.921875	-64.760193
545.898438	-63.545517
546.875000	-63.058434
547.851562	-61.050301
548.828125	-63.406391
549.804688	-63.594749
550.781250	-62.635792
551.757812	-62.098698
552.734375	-61.719872
553.710938	-62.520100
554.687500	-61.960316
555.664062	-61.155163
556.640625	-61.097050
557.617188	-62.223186
558.593750	-61.708664
559.570312	-60.643463
560.546875	-61.734440
561.523438	-61.296844
562.500000	-62.809376
563.476562	-61.404572
564.453125	-62.113438
565.429688	-60.732773
566.406250	-62.792267
567.382812	-63.142586
568.359375	-61.614937
569.335938	-62.476429
570.312500	-62.838333
571.289062	-62.821117
572.265625	-62.323898
573.242188	-62.812862
574.218750	-63.044247
575.195312	-63.481716
576.171875	-64.167320
577.148438	-63.622280
578.125000	-63.984234
579.101562	-65.666649
580.078125	-64.284279
581.054688	-64.937302
582.031250	-65.156090
583.007812	-64.553528
583.984375	-64.066513
584.960938	-65.416046
585.937500	-64.891434
586.914062	-65.091278
587.890625	-65.119560
588.867188	-65.530029
589.843750	-67.440407
590.820312	-66.922806
591.796875	-66.098961
592.773438	-66.732811
593.750000	-67.735634
594.726562	-67.495270
595.703125	-66.897186
596.679688	-68.042831
597.656250	-67.084038
598.632812	-66.989944
599.609375	-67.229599
600.585938	-68.116890
601.562500	-69.099045
602.539062	-68.987175
603.515625	-69.985558
604.492188	-69.528763
605.468750	-69.505150
606.445312	-68.713211
607.421875	-68.687950
608.398438	-69.666397
609.375000	-68.827843
610.351562	-68.833054
611.328125	-69.831306
612.304688	-68.495018
613.281250	-69.040192
614.257812	-69.067581
615.234375	-69.230057
616.210938	-69.500801
617.187500	-70.250610
618.164062	-69.984917
619.140625	-68.967628
620.117188	-70.274475
621.093750	-69.579796
622.070312	-69.838043
623.046875	-70.683609
624.023438	-71.064720
625.000000	-69.376396
625.976562	-70.235031
626.953125	-70.092995
627.929688	-69.697533
628.906250	-71.035973
629.882812	-70.949142
630.859375	-70.186020
631.835938	-71.393097
632.812500	-70.615074
633.789062	-71.039650
634.765625	-70.595741
635.742188	-70.859695
636.718750	-70.627747
637.695312	-71.805107
638.671875	-72.443596
639.648438	-71.322945
640.625000	-70.958763
641.601562	-72.774704
642.578125	-71.377663
643.554688	-71.321114
644.531250	-72.281052
645.507812	-69.767807
646.484375	-70.832413
647.460938	-71.809448
648.437500	-70.174507
649.414062	-72.465179
650.390625	-71.556808
651.367188	-72.819977
652.343750	-71.702858
653.320312	-72.448936
654.296875	-70.879196
655.273438	-72.691666
656.250000	-71.704033
657.226562	-71.692963
658.203125	-71.250900
659.179688	-70.906830
660.156250	-72.815102
661.132812	-71.576645
662.109375	-71.607544
663.085938	-73.301453
664.062500	-71.421600
665.039062	-71.620064
666.015625	-72.017174
666.992188	-71.945435
667.968750	-72.517944
668.945312	-71.904495
669.921875	-72.206299
670.898438	-72.659004
671.875000	-72.001099
672.851562	-70.884842
673.828125	-72.319229
674.804688	-72.623878
675.781250	-72.635933
676.757812	-73.534798
677.734375	-72.793022
678.710938	-71.242371
679.687500	-72.894531
680.664062	-73.479912
681.640625	-73.053970
682.617188	-71.003250
683.593750	-72.935303
684.570312	-72.320503
685.546875	-71.872375
686.523438	-73.756676
687.500000	-72.260872
688.476562	-70.855942
689.453125	-72.250626
690.429688	-72.683762
691.406250	-72.033920
692.382812	-72.951447
693.359375	-73.235176
694.335938	-73.991577
695.312500	-71.711151
696.289062	-70.294487
697.265625	-71.470993
698.242188	-72.376953
699.218750	-73.860786
700.195312	-71.414146
701.171875	-74.365601
702.148438	-73.592659
703.125000	-71.402687
704.101562	-71.980705
705.078125	-72.527092
706.054688	-71.951920
707.031250	-72.128578
708.007812	-70.950737
708.984375	-71.790741
709.960938	-72.401070
710.937500	-73.537148
711.914062	-72.490776
712.890625	-71.142075
713.867188	-71.901901
714.843750	-72.434692
715.820312	-73.079185
716.796875	-72.943810
717.773438	-72.280121
718.750000	-71.379158
719.726562	-71.428543
720.703125	-70.731606
721.679688	-71.331635
722.656250	-71.404160
723.632812	-71.248146
724.609375	-73.432014
725.585938	-71.372643
726.562500	-71.037788
727.539062	-72.203957
728.515625	-70.408585
729.492188	-72.003975
730.468750	-72.827522
731.445312	-70.134857
732.421875	-72.091469
733.398438	-71.361877
734.375000	-71.036926
735.351562	-71.099785
736.328125	-70.747116
737.304688	-71.086800
738.281250	-70.766533
739.257812	-70.542313
740.234375	-71.086250
741.210938	-71.661392
742.187500	-72.381905
743.164062	-71.505623
744.140625	-70.242294
745.117188	-69.140923
746.093750	-70.626923
747.070312	-71.122658
748.046875	-69.106606
749.023438	-69.300133
750.000000	-70.728935
750.976562	-69.247231
751.953125	-69.182404
752.929688	-69.333527
753.906250	-69.721573
754.882812	-70.206093
755.859375	-71.201889
756.835938	-70.076950
757.812500	-68.616753
758.789062	-69.363647
759.765625	-68.272095
760.742188	-68.402283
761.718750	-70.550339
762.695312	-69.008743
763.671875	-68.123482
764.648438	-67.349709
765.625000	-68.791489
766.601562	-67.651085
767.578125	-68.398102
768.554688	-66.896973
769.531250	-68.997604
770.507812	-68.498138
771.484375	-67.661003
772.460938	-68.226418
773.437500	-68.532692
774.414062	-68.410385
775.390625	-67.662552
776.367188	-67.475311
777.343750	-67.043549
778.320312	-67.597099
779.296875	-66.728477
780.273438	-67.121681
781.250000	-66.023514
782.226562	-66.418716
783.203125	-66.210152
784.179688	-65.948952
785.156250	-66.029106
786.132812	-65.746414
787.109375	-67.226471
788.085938	-67.126335
789.062500	-66.002083
790.039062	-65.339493
791.015625	-64.826988
791.992188	-64.272049
792.968750	-65.134834
793.945312	-64.068604
794.921875	-64.136749
795.898438	-64.841179
796.875000	-64.608253
797.851562	-63.833244
798.828125	-64.138992
799.804688	-62.859135
800.781250	-65.132561
801.757812	-63.565365
802.734375	-62.953266
803.710938	-62.535866
804.687500	-62.521339
805.664062	-62.431343
806.640625	-63.094383
807.617188	-62.425591
808.593750	-61.707664
809.570312	-62.109013
810.546875	-63.007832
811.523438	-62.435135
812.500000	-62.542995
813.476562	-61.867561
814.453125	-61.602089
815.429688	-62.557327
816.406250	-62.184532
817.382812	-62.569778
818.359375	-62.475399
819.335938	-62.027813
820.312500	-61.517170
821.289062	-61.928371
822.265625	-62.996883
823.242188	-62.916954
824.218750	-62.546848
825.195312	-62.247875
826.171875	-61.775600
827.148438	-61.742260
828.125000	-62.545929
829.101562	-62.255428
830.078125	-61.700893
831.054688	-61.921124
832.031250	-62.367950
833.007812	-60.478775
833.984375	-63.506557
834.960938	-62.895538
835.937500	-62.313877
836.914062	-62.717434
837.890625	-62.160934
838.867188	-62.644844
839.843750	-62.677578
840.820312	-62.810345
841.796875	-62.762062
842.773438	-61.891876
843.750000	-62.325283
844.726562	-63.168568
845.703125	-61.862953
846.679688	-62.115444
847.656250	-62.615540
848.632812	-62.796284
849.609375	-63.052151
850.585938	-62.398613
851.562500	-62.596573
852.539062	-63.879948
853.515625	-62.703911
854.492188	-62.210632
855.468750	-63.125816
856.445312	-64.082626
857.421875	-62.611469
858.398438	-63.585579
859.375000	-63.126984
860.351562	-64.292450
861.328125	-63.121101
862.304688	-63.671169
863.281250	-64.836159
864.257812	-63.348965
865.234375	-62.638771
866.210938	-62.257324
867.187500	-62.708405
868.164062	-62.674095
869.140625	-63.448673
870.117188	-64.019836
871.093750	-64.550652
872.070312	-63.056408
873.046875	-63.227070
874.023438	-64.612000
875.000000	-64.551590
875.976562	-64.252853
876.953125	-64.747452
877.929688	-63.111740
878.906250	-64.483116
879.882812	-64.415665
880.859375	-65.349266
881.835938	-65.556465
882.812500	-64.592522
883.789062	-64.980522
884.765625	-64.948814
885.742188	-64.359978
886.718750	-64.718353
887.695312	-64.640175
888.671875	-64.911919
889.648438	-65.005707
890.625000	-64.915596
891.601562	-66.333130
892.578125	-65.397552
893.554688	-65.270905
894.531250	-66.013580
895.507812	-65.399940
896.484375	-66.252808
897.460938	-66.339325
898.437500	-65.750580
899.414062	-66.684662
900.390625	-65.689575
901.367188	-66.560364
902.343750	-65.727371
903.320312	-66.126724
904.296875	-66.115585
905.273438	-65.951180
906.250000	-68.315895
907.226562	-67.629120
908.203125	-67.713112
909.179688	-67.374580
910.156250	-67.249748
911.132812	-66.852524
912.109375	-67.307167
913.085938	-66.864624
914.062500	-68.172958
915.039062	-66.813904
916.015625	-66.841949
916.992188	-68.153290
917.968750	-68.601372
918.945312	-67.010918
919.921875	-67.219635
920.898438	-68.151276
921.875000	-68.128479
922.851562	-68.067139
923.828125	-68.785812
924.804688	-66.881714
925.781250	-68.115395
926.757812	-68.084694
927.734375	-68.687508
928.710938	-68.117149
929.687500	-68.063889
930.664062	-66.763298
931.640625	-67.739990
932.617188	-68.583656
933.593750	-68.744377
934.570312	-67.400391
935.546875	-68.509392
936.523438	-69.110794
937.500000	-67.623611
938.476562	-67.442101
939.453125	-69.696976
940.429688	-67.786316
941.406250	-68.685631
942.382812	-69.311546
943.359375	-69.179367
944.335938	-69.319763
945.312500	-69.034882
946.289062	-68.421333
947.265625	-68.376953
948.242188	-69.052971
949.218750	-68.368866
950.195312	-69.756180
951.171875	-68.913574
952.148438	-69.610352
953.125000	-69.262421
954.101562	-68.969612
955.078125	-68.800362
956.054688	-67.950211
957.031250	-69.842598
958.007812	-69.902657
958.984375	-68.787048
959.960938	-69.674019
960.937500	-68.501961
961.914062	-69.292564
962.890625	-69.654785
963.867188	-70.014915
964.843750	-69.441505
965.820312	-69.309448
966.796875	-67.799713
967.773438	-68.636284
968.750000	-67.680695
969.726562	-68.505890
970.703125	-69.095169
971.679688	-69.360985
972.656250	-70.176254
973.632812	-69.152946
974.609375	-68.357826
975.585938	-69.277344
976.562500	-69.507027
977.539062	-68.907440
978.515625	-68.423264
979.492188	-69.184814
980.468750	-68.629242
981.445312	-67.318977
982.421875	-69.890350
983.398438	-69.780220
984.375000	-68.279686
985.351562	-68.769623
986.328125	-69.305916
987.304688	-68.121284
988.281250	-68.146622
989.257812	-67.807434
990.234375	-68.069977
991.210938	-68.643265
992.187500	-70.047791
993.164062	-68.182030
994.140625	-69.070992
995.117188	-68.539841
996.093750	-67.751953
997.070312	-68.851898
998.046875	-67.377693
999.023438	-67.841736
1000.000000	-69.085915
1000.976562	-68.990028
1001.953125	-68.170593
1002.929688	-69.598099
1003.906250	-68.136337
1004.882812	-68.370644
1005.859375	-68.705055
1006.835938	-67.104408
1007.812500	-68.232918
1008.789062	-68.121147
1009.765625	-67.819382
1010.742188	-68.033089
1011.718750	-67.227585
1012.695312	-67.989326
1013.671875	-68.357620
1014.648438	-67.588417
1015.625000	-67.669540
1016.601562	-66.215340
1017.578125	-67.926842
1018.554688	-67.552917
1019.531250	-67.301781
1020.507812	-67.861526
1021.484375	-66.969521
1022.460938	-67.523705
1023.437500	-66.665695
1024.414062	-67.228134
1025.390625	-68.079895
1026.367188	-68.913757
1027.343750	-67.751900
1028.320312	-66.448669
1029.296875	-67.095390
1030.273438	-67.234055
1031.250000	-67.735207
1032.226562	-65.809517
1033.203125	-67.136108
1034.179688	-66.312874
1035.156250	-67.561661
1036.132812	-67.085915
1037.109375	-65.908867
1038.085938	-68.483009
1039.062500	-67.081429
1040.039062	-67.846069
1041.015625	-65.867630
1041.992188	-65.933395
1042.968750	-65.507202
1043.945312	-66.945473
1044.921875	-66.639061
1045.898438	-66.913643
1046.875000	-66.975655
1047.851562	-66.642967
1048.828125	-66.782112
1049.804688	-65.676186
1050.781250	-65.751884
1051.757812	-65.983215
1052.734375	-66.222305
1053.710938	-65.217262
1054.687500	-65.622574
1055.664062	-64.416115
1056.640625	-65.673630
1057.617188	-67.436127
1058.593750	-65.477577
1059.570312	-65.116272
1060.546875	-64.960686
1061.523438	-66.518959
1062.500000	-65.128052
1063.476562	-63.790184
1064.453125	-65.277031
1065.429688	-65.372421
1066.406250	-64.621109
1067.382812	-65.246964
1068.359375	-65.331657
1069.335938	-64.619057
1070.312500	-64.050079
1071.289062	-65.141022
1072.265625	-66.114632
1073.242188	-64.651642
1074.218750	-64.364212
1075.195312	-64.658424
1076.171875	-64.045921
1077.148438	-64.318420
1078.125000	-64.340797
1079.101562	-64.921303
1080.078125	-64.389137
1081.054688	-64.054382
1082.031250	-64.566101
1083.007812	-63.646221
1083.984375	-64.077850
1084.960938	-64.340401
1085.937500	-63.059639
1086.914062	-64.637558
1087.890625	-64.273575
1088.867188	-63.823296
1089.843750	-62.902943
1090.820312	-64.487946
1091.796875	-62.109970
1092.773438	-63.185402
1093.750000	-64.702385
1094.726562	-63.602295
1095.703125	-62.363468
1096.679688	-62.033848
1097.656250	-63.605621
1098.632812	-63.476570
1099.609375	-63.533497
1100.585938	-62.828091
1101.562500	-63.535252
1102.539062	-63.617588
1103.515625	-62.562042
1104.492188	-63.572746
1105.468750	-63.405437
1106.445312	-63.892822
1107.421875	-61.493675
1108.398438	-62.874615
1109.375000	-62.238823
1110.351562	-61.666473
1111.328125	-63.382050
1112.304688	-63.675842
1113.281250	-62.283592
1114.257812	-62.245323
1115.234375	-63.072117
1116.210938	-64.113968
1117.187500	-64.154305
1118.164062	-63.436871
1119.140625	-62.594395
1120.117188	-62.558563
1121.093750	-64.096756
1122.070312	-62.771664
1123.046875	-63.717182
1124.023438	-62.725456
1125.000000	-63.626366
1125.976562	-63.570827
1126.953125	-63.066486
1127.929688	-63.999718
1128.906250	-63.363052
1129.882812	-63.503265
1130.859375	-62.907341
1131.835938	-63.605225
1132.812500	-63.359760
1133.789062	-62.376072
1134.765625	-63.017349
1135.742188	-63.823055
1136.718750	-63.087658
1137.695312	-63.349926
1138.671875	-63.168392
1139.648438	-64.184540
1140.625000	-64.641891
1141.601562	-64.585426
1142.578125	-63.644108
1143.554688	-62.369526
1144.531250	-62.882656
1145.507812	-63.764133
1146.484375	-63.260910
1147.460938	-64.832260
1148.437500	-63.410622
1149.414062	-63.026596
1150.390625	-63.009670
1151.367188	-63.527218
1152.343750	-62.814590
1153.320312	-63.188164
1154.296875	-63.031315
1155.273438	-63.013748
1156.250000	-62.647011
1157.226562	-64.589638
1158.203125	-63.278557
1159.179688	-62.879364
1160.156250	-64.061066
1161.132812	-64.438049
1162.109375	-63.822918
1163.085938	-63.268440
1164.062500	-63.513958
1165.039062	-63.954758
1166.015625	-63.622353
1166.992188	-63.669064
1167.968750	-63.605896
1168.945312	-64.214516
1169.921875	-65.579964
1170.898438	-63.343834
1171.875000	-63.796066
1172.851562	-63.241219
1173.828125	-63.478371
1174.804688	-64.050156
1175.781250	-66.116493
1176.757812	-63.360363
1177.734375	-63.842133
1178.710938	-64.438423
1179.687500	-63.376129
1180.664062	-63.364365
1181.640625	-62.877445
1182.617188	-64.753113
1183.593750	-64.879913
1184.570312	-63.531364
1185.546875	-64.234810
1186.523438	-63.771130
1187.500000	-64.525307
1188.476562	-63.638649
1189.453125	-63.737179
1190.429688	-63.725388
1191.406250	-63.996342
1192.382812	-64.907425
1193.359375	-63.020004
1194.335938	-63.507347
1195.312500	-63.682526
1196.289062	-64.502640
1197.265625	-65.593956
1198.242188	-65.411797
1199.218750	-63.594090
1200.195312	-64.326103
1201.171875	-64.291252
1202.148438	-63.419868
1203.125000	-63.836170
1204.101562	-64.417656
1205.078125	-64.657806
1206.054688	-65.865021
1207.031250	-65.575005
1208.007812	-64.760071
1208.984375	-64.966560
1209.960938	-65.153214
1210.937500	-65.042603
1211.914062	-65.817322
1212.890625	-64.165878
1213.867188	-64.308006
1214.843750	-65.286224
1215.820312	-65.397827
1216.796875	-65.023140
1217.773438	-66.674110
1218.750000	-65.120178
1219.726562	-65.272995
1220.703125	-66.687790
1221.679688	-66.100212
1222.656250	-64.567078
1223.632812	-65.780167
1224.609375	-64.774582
1225.585938	-64.058464
1226.562500	-64.566093
1227.539062	-64.875450
1228.515625	-64.461563
1229.492188	-64.625114
1230.468750	-66.631424
1231.445312	-65.971512
1232.421875	-65.065338
1233.398438	-64.366798
1234.375000	-64.503143
1235.351562	-65.372864
1236.328125	-65.818527
1237.304688	-64.723434
1238.281250	-65.265015
1239.257812	-66.054817
1240.234375	-65.399651
1241.210938	-65.768555
1242.187500	-65.236786
1243.164062	-65.275421
1244.140625	-64.585381
1245.117188	-65.542213
1246.093750	-65.774330
1247.070312	-66.647301
1248.046875	-64.317307
1249.023438	-65.588264
1250.000000	-65.770531
1250.976562	-64.899597
1251.953125	-64.884644
1252.929688	-64.562897
1253.906250	-64.869232
1254.882812	-64.417946
1255.859375	-64.590027
1256.835938	-65.049995
1257.812500	-64.023125
1258.789062	-66.125610
1259.765625	-65.387299
1260.742188	-65.109100
1261.718750	-65.802925
1262.695312	-64.504730
1263.671875	-64.693222
1264.648438	-64.165657
1265.625000	-65.327652
1266.601562	-64.467018
1267.578125	-65.135437
1268.554688	-64.746506
1269.531250	-65.018982
1270.507812	-66.024872
1271.484375	-65.227821
1272.460938	-65.747581
1273.437500	-65.529236
1274.414062	-65.223785
1275.390625	-64.330093
1276.367188	-65.528786
1277.343750	-65.837479
1278.320312	-64.868149
1279.296875	-65.126534
1280.273438	-64.178345
1281.250000	-65.546066
1282.226562	-65.356056
1283.203125	-64.576202
1284.179688	-65.118767
1285.156250	-65.582436
1286.132812	-65.495621
1287.109375	-64.409912
1288.085938	-65.319374
1289.062500	-64.351479
1290.039062	-65.060982
1291.015625	-66.658340
1291.992188	-65.258583
1292.968750	-65.508080
1293.945312	-64.447723
1294.921875	-64.760185
1295.898438	-64.768280
1296.875000	-64.750626
1297.851562	-65.595154
1298.828125	-64.713928
1299.804688	-65.263206
1300.781250	-64.533813
1301.757812	-64.505569
1302.734375	-65.186668
1303.710938	-65.112450
1304.687500	-64.627327
1305.664062	-64.963326
1306.640625	-64.517143
1307.617188	-63.832092
1308.593750	-65.468224
1309.570312	-63.721336
1310.546875	-66.017914
1311.523438	-65.385094
1312.500000	-65.341461
1313.476562	-64.605598
1314.453125	-64.806274
1315.429688	-65.286583
1316.406250	-64.579338
1317.382812	-66.343506
1318.359375	-64.299789
1319.335938	-65.779381
1320.312500	-65.087097
1321.289062	-64.888184
1322.265625	-63.532330
1323.242188	-64.226196
1324.218750	-63.717957
1325.195312	-64.908035
1326.171875	-64.354897
1327.148438	-63.991161
1328.125000	-64.523605
1329.101562	-64.579575
1330.078125	-63.835049
1331.054688	-63.298141
1332.031250	-62.899597
1333.007812	-63.967438
1333.984375	-64.452629
1334.960938	-62.981743
1335.937500	-63.563393
1336.914062	-63.837509
1337.890625	-64.660172
1338.867188	-64.193855
1339.843750	-63.213921
1340.820312	-64.039787
1341.796875	-66.067657
1342.773438	-64.537926
1343.750000	-63.847363
1344.726562	-63.936604
1345.703125	-62.633816
1346.679688	-63.789169
1347.656250	-64.389412
1348.632812	-63.821865
1349.609375	-62.065155
1350.585938	-62.679138
1351.562500	-64.391365
1352.539062	-62.328987
1353.515625	-62.358803
1354.492188	-62.162956
1355.468750	-61.833038
1356.445312	-62.037399
1357.421875	-62.291229
1358.398438	-63.673271
1359.375000	-63.290485
1360.351562	-62.722523
1361.328125	-61.284203
1362.304688	-61.587757
1363.281250	-61.654984
1364.257812	-62.979191
1365.234375	-62.041870
1366.210938	-61.756550
1367.187500	-61.382191
1368.164062	-62.010170
1369.140625	-61.464947
1370.117188	-62.450500
1371.093750	-61.417694
1372.070312	-61.618240
1373.046875	-61.673542
1374.023438	-61.102196
1375.000000	-61.338776
1375.976562	-60.837330
1376.953125	-61.135284
1377.929688	-60.424767
1378.906250	-61.993496
1379.882812	-61.430077
1380.859375	-61.210880
1381.835938	-60.300583
1382.812500	-59.852974
1383.789062	-60.154331
1384.765625	-60.315231
1385.742188	-59.091038
1386.718750	-59.504833
1387.695312	-58.602890
1388.671875	-60.363472
1389.648438	-59.754467
1390.625000	-59.811638
1391.601562	-59.627914
1392.578125	-59.472809
1393.554688	-58.504848
1394.531250	-59.375458
1395.507812	-59.407581
1396.484375	-59.693703
1397.460938	-58.303097
1398.437500	-57.090084
1399.414062	-59.545574
1400.390625	-58.468048
1401.367188	-57.723873
1402.343750	-58.972809
1403.320312	-57.719479
1404.296875	-57.033531
1405.273438	-56.201500
1406.250000	-57.092873
1407.226562	-58.641487
1408.203125	-56.730347
1409.179688	-54.494766
1410.156250	-56.813133
1411.132812	-56.613239
1412.109375	-55.783558
1413.085938	-55.124504
1414.062500	-55.056042
1415.039062	-54.868515
1416.015625	-55.439632
1416.992188	-57.202599
1417.968750	-54.318810
1418.945312	-54.872677
1419.921875	-55.085930
1420.898438	-53.896137
1421.875000	-53.580387
1422.851562	-54.751942
1423.828125	-53.456158
1424.804688	-53.729603
1425.781250	-53.071842
1426.757812	-52.708965
1427.734375	-52.308163
1428.710938	-52.630257
1429.687500	-52.258377
1430.664062	-52.675808
1431.640625	-53.009964
1432.617188	-53.079067
1433.593750	-51.879452
1434.570312	-52.531174
1435.546875	-50.477631
1436.523438	-50.505001
1437.500000	-51.186935
1438.476562	-51.380646
1439.453125	-51.026550
1440.429688	-51.352001
1441.406250	-50.787792
1442.382812	-50.539478
1443.359375	-50.892376
1444.335938	-51.546459
1445.312500	-51.005157
1446.289062	-52.160023
1447.265625	-51.671753
1448.242188	-52.194477
1449.218750	-52.691059
1450.195312	-52.221745
1451.171875	-51.282463
1452.148438	-53.453114
1453.125000	-52.235577
1454.101562	-52.628117
1455.078125	-51.368191
1456.054688	-52.499485
1457.031250	-51.876755
1458.007812	-51.287235
1458.984375	-51.975407
1459.960938	-52.734440
1460.937500	-52.981167
1461.914062	-53.677582
1462.890625	-53.220055
1463.867188	-53.402813
1464.843750	-53.936485
1465.820312	-52.231010
1466.796875	-53.664848
1467.773438	-53.974457
1468.750000	-54.750854
1469.726562	-53.443279
1470.703125	-53.660583
1471.679688	-54.440559
1472.656250	-55.429836
1473.632812	-54.713341
1474.609375	-55.405540
1475.585938	-54.880280
1476.562500	-55.879124
1477.539062	-56.674820
1478.515625	-56.162354
1479.492188	-54.832409
1480.468750	-56.538074
1481.445312	-55.876255
1482.421875	-56.477741
1483.398438	-55.968670
1484.375000	-55.865726
1485.351562	-56.364746
1486.328125	-56.007320
1487.304688	-56.321095
1488.281250	-56.451591
1489.257812	-56.933754
1490.234375	-57.984501
1491.210938	-57.454563
1492.187500	-56.861393
1493.164062	-57.192471
1494.140625	-59.110065
1495.117188	-57.789791
1496.093750	-58.768764
1497.070312	-56.932693
1498.046875	-57.863285
1499.023438	-57.459980
1500.000000	-59.002907
1500.976562	-57.513889
1501.953125	-58.621933
1502.929688	-57.848919
1503.906250	-58.691299
1504.882812	-57.278595
1505.859375	-58.279278
1506.835938	-58.195923
1507.812500	-59.865059
1508.789062	-58.506908
1509.765625	-56.838348
1510.742188	-58.125557
1511.718750	-59.098289
1512.695312	-59.959290
1513.671875	-58.456013
1514.648438	-58.029285
1515.625000	-58.549271
1516.601562	-58.765335
1517.578125	-60.426651
1518.554688	-61.563759
1519.531250	-60.112701
1520.507812	-59.354042
1521.484375	-60.287319
1522.460938	-60.741802
1523.437500	-59.726311
1524.414062	-60.041340
1525.390625	-60.080101
1526.367188	-60.071903
1527.343750	-59.682846
1528.320312	-60.598099
1529.296875	-59.647915
1530.273438	-59.948639
1531.250000	-60.059887
1532.226562	-60.752102
1533.203125	-60.530296
1534.179688	-59.975056
1535.156250	-59.613129
1536.132812	-59.915279
1537.109375	-60.357109
1538.085938	-61.311447
1539.062500	-60.540703
1540.039062	-60.699963
1541.015625	-59.971470
1541.992188	-59.284336
1542.968750	-59.483978
1543.945312	-60.347496
1544.921875	-59.396332
1545.898438	-60.337318
1546.875000	-60.706871
1547.851562	-60.055584
1548.828125	-61.395950
1549.804688	-60.825069
1550.781250	-59.520237
1551.757812	-60.290192
1552.734375	-61.121624
1553.710938	-61.312943
1554.687500	-60.515663
1555.664062	-61.410587
1556.640625	-60.732494
1557.617188	-59.869072
1558.593750	-62.273350
1559.570312	-61.042870
1560.546875	-60.736286
1561.523438	-60.673805
1562.500000	-59.466949
1563.476562	-60.104668
1564.453125	-60.924690
1565.429688	-60.815670
1566.406250	-59.964901
1567.382812	-60.503777
1568.359375	-60.440365
1569.335938	-60.118366
1570.312500	-60.160221
1571.289062	-59.185265
1572.265625	-60.251808
1573.242188	-60.154316
1574.218750	-58.582531
1575.195312	-59.148754
1576.171875	-59.165070
1577.148438	-60.458038
1578.125000	-60.264690
1579.101562	-61.092087
1580.078125	-60.750324
1581.054688	-61.167683
1582.031250	-59.812233
1583.007812	-59.230064
1583.984375	-59.871777
1584.960938	-60.219128
1585.937500	-60.010105
1586.914062	-59.815918
1587.890625	-59.885715
1588.867188	-60.359528
1589.843750	-59.388100
1590.820312	-61.244572
1591.796875	-59.752102
1592.773438	-60.538513
1593.750000	-60.607361
1594.726562	-61.160862
1595.703125	-61.745632
1596.679688	-59.891930
1597.656250	-60.888294
1598.632812	-59.481800
1599.609375	-59.834553
1600.585938	-59.280170
1601.562500	-59.405998
1602.539062	-59.318390
1603.515625	-58.205620
1604.492188	-61.075451
1605.468750	-60.440392
1606.445312	-59.538345
1607.421875	-59.171219
1608.398438	-57.890766
1609.375000	-58.673244
1610.351562	-59.571941
1611.328125	-59.831284
1612.304688	-58.127911
1613.281250	-59.075024
1614.257812	-59.377674
1615.234375	-59.149605
1616.210938	-59.564217
1617.187500	-58.930531
1618.164062	-59.603935
1619.140625	-57.656734
1620.117188	-57.185448
1621.093750	-58.039635
1622.070312	-59.583801
1623.046875	-59.528904
1624.023438	-58.335922
1625.000000	-57.757019
1625.976562	-58.262604
1626.953125	-58.089581
1627.929688	-57.469410
1628.906250	-57.617142
1629.882812	-57.642548
1630.859375	-58.616497
1631.835938	-58.515411
1632.812500	-57.411007
1633.789062	-57.829166
1634.765625	-58.068306
1635.742188	-57.936668
1636.718750	-56.563366
1637.695312	-57.949368
1638.671875	-57.521358
1639.648438	-57.199116
1640.625000	-56.731014
1641.601562	-57.660416
1642.578125	-55.884781
1643.554688	-56.714077
1644.531250	-56.311165
1645.507812	-55.449894
1646.484375	-56.215496
1647.460938	-54.700832
1648.437500	-56.587658
1649.414062	-55.560349
1650.390625	-55.793476
1651.367188	-55.308811
1652.343750	-54.989502
1653.320312	-55.246822
1654.296875	-55.246025
1655.273438	-55.005722
1656.250000	-55.454697
1657.226562	-55.977215
1658.203125	-54.899868
1659.179688	-54.272736
1660.156250	-54.091850
1661.132812	-53.410004
1662.109375	-53.911842
1663.085938	-53.926022
1664.062500	-53.756428
1665.039062	-52.948116
1666.015625	-54.194317
1666.992188	-53.088779
1667.968750	-53.786674
1668.945312	-54.318188
1669.921875	-54.317596
1670.898438	-53.117157
1671.875000	-52.970165
1672.851562	-52.883736
1673.828125	-52.285336
1674.804688	-52.584816
1675.781250	-52.106728
1676.757812	-52.459633
1677.734375	-52.853050
1678.710938	-52.187778
1679.687500	-52.375912
1680.664062	-52.795124
1681.640625	-52.903275
1682.617188	-51.134647
1683.593750	-51.055958
1684.570312	-52.097519
1685.546875	-49.831345
1686.523438	-51.945553
1687.500000	-51.149750
1688.476562	-50.910492
1689.453125	-51.178013
1690.429688	-50.488281
1691.406250	-50.789108
1692.382812	-50.774773
1693.359375	-52.142319
1694.335938	-49.684826
1695.312500	-50.553364
1696.289062	-51.620136
1697.265625	-51.576637
1698.242188	-51.324020
1699.218750	-49.803627
1700.195312	-48.795319
1701.171875	-50.436203
1702.148438	-49.679527
1703.125000	-49.147366
1704.101562	-48.076920
1705.078125	-48.666748
1706.054688	-50.031403
1707.031250	-49.617111
1708.007812	-50.301037
1708.984375	-49.841259
1709.960938	-50.025677
1710.937500	-50.305004
1711.914062	-48.982265
1712.890625	-48.195454
1713.867188	-49.079777
1714.843750	-49.844280
1715.820312	-50.149769
1716.796875	-50.270836
1717.773438	-49.390610
1718.750000	-49.896900
1719.726562	-50.411682
1720.703125	-50.235058
1721.679688	-51.125469
1722.656250	-50.468178
1723.632812	-51.521420
1724.609375	-50.558266
1725.585938	-51.362766
1726.562500	-50.863537
1727.539062	-50.039955
1728.515625	-51.787556
1729.492188	-52.462181
1730.468750	-51.850609
1731.445312	-51.064476
1732.421875	-51.801773
1733.398438	-52.100872
1734.375000	-52.597549
1735.351562	-52.094837
1736.328125	-54.176674
1737.304688	-52.452888
1738.281250	-52.477863
1739.257812	-52.805977
1740.234375	-52.554993
1741.210938	-52.652695
1742.187500	-53.528950
1743.164062	-53.973377
1744.140625	-52.731937
1745.117188	-52.857784
1746.093750	-53.043034
1747.070312	-54.462006
1748.046875	-53.442711
1749.023438	-54.115032
1750.000000	-54.206413
1750.976562	-55.409157
1751.953125	-55.211555
1752.929688	-53.164589
1753.906250	-54.117161
1754.882812	-53.653782
1755.859375	-52.788395
1756.835938	-54.537663
1757.812500	-55.610123
1758.789062	-55.094601
1759.765625	-54.887280
1760.742188	-56.169209
1761.718750	-55.106979
1762.695312	-54.838863
1763.671875	-55.399540
1764.648438	-54.856941
1765.625000	-55.745743
1766.601562	-54.556656
1767.578125	-55.108063
1768.554688	-55.759560
1769.531250	-57.399673
1770.507812	-57.289864
1771.484375	-56.644150
1772.460938	-56.948765
1773.437500	-57.283493
1774.414062	-57.102798
1775.390625	-57.072376
1776.367188	-56.638123
1777.343750	-57.999733
1778.320312	-57.041363
1779.296875	-55.896046
1780.273438	-57.620209
1781.250000	-56.396824
1782.226562	-57.415462
1783.203125	-57.548771
1784.179688	-57.052670
1785.156250	-57.939114
1786.132812	-57.353245
1787.109375	-57.078468
1788.085938	-57.667187
1789.062500	-56.535011
1790.039062	-56.140331
1791.015625	-57.952629
1791.992188	-58.248264
1792.968750	-58.052723
1793.945312	-58.880619
1794.921875	-57.659657
1795.898438	-57.816994
1796.875000	-57.423367
1797.851562	-57.896263
1798.828125	-57.945568
1799.804688	-58.476162
1800.781250	-57.690887
1801.757812	-57.887890
1802.734375	-58.343670
1803.710938	-58.362862
1804.687500	-59.860558
1805.664062	-58.549858
1806.640625	-57.931053
1807.617188	-58.399269
1808.593750	-59.451416
1809.570312	-59.377846
1810.546875	-59.364731
1811.523438	-58.464806
1812.500000	-59.422939
1813.476562	-59.104752
1814.453125	-59.387585
1815.429688	-59.256340
1816.406250	-58.742470
1817.382812	-58.921322
1818.359375	-58.218102
1819.335938	-58.168362
1820.312500	-58.484768
1821.289062	-59.004829
1822.265625	-60.629242
1823.242188	-58.831474
1824.218750	-59.005157
1825.195312	-59.532066
1826.171875	-59.684292
1827.148438	-57.919853
1828.125000	-58.586277
1829.101562	-59.761021
1830.078125	-59.845749
1831.054688	-59.193512
1832.031250	-59.094978
1833.007812	-58.737839
1833.984375	-59.162426
1834.960938	-59.231358
1835.937500	-59.895184
1836.914062	-59.255283
1837.890625	-57.614380
1838.867188	-57.923759
1839.843750	-59.599777
1840.820312	-59.638901
1841.796875	-58.825684
1842.773438	-60.662003
1843.750000	-60.687958
1844.726562	-59.237934
1845.703125	-58.530914
1846.679688	-60.576809
1847.656250	-59.782101
1848.632812	-59.384457
1849.609375	-58.967812
1850.585938	-59.328484
1851.562500	-60.082531
1852.539062	-58.521301
1853.515625	-58.731632
1854.492188	-59.836571
1855.468750	-58.691269
1856.445312	-58.975819
1857.421875	-57.839207
1858.398438	-59.588058
1859.375000	-58.446228
1860.351562	-59.144791
1861.328125	-60.268044
1862.304688	-59.458893
1863.281250	-58.441669
1864.257812	-59.069313
1865.234375	-59.159626
1866.210938	-59.243416
1867.187500	-58.927811
1868.164062	-59.373013
1869.140625	-59.711746
1870.117188	-59.235477
1871.093750	-58.200481
1872.070312	-59.605659
1873.046875	-59.540802
1874.023438	-58.891144
1875.000000	-58.461796
1875.976562	-58.602158
1876.953125	-60.753658
1877.929688	-59.876667
1878.906250	-58.762817
1879.882812	-58.694500
1880.859375	-59.771000
1881.835938	-59.208687
1882.812500	-58.570621
1883.789062	-58.269012
1884.765625	-58.450169
1885.742188	-58.920479
1886.718750	-58.763569
1887.695312	-57.316814
1888.671875	-58.674500
1889.648438	-59.453518
1890.625000	-58.475136
1891.601562	-58.408905
1892.578125	-58.386066
1893.554688	-58.562073
1894.531250	-60.574799
1895.507812	-59.510475
1896.484375	-58.130074
1897.460938	-58.362698
1898.437500	-57.072296
1899.414062	-58.046696
1900.390625	-58.042412
1901.367188	-57.842827
1902.343750	-57.373260
1903.320312	-58.584553
1904.296875	-58.492760
1905.273438	-57.244709
1906.250000	-58.973816
1907.226562	-58.869019
1908.203125	-58.148956
1909.179688	-57.871429
1910.156250	-57.164940
1911.132812	-58.368923
1912.109375	-57.035755
1913.085938	-57.310265
1914.062500	-56.737259
1915.039062	-57.893002
1916.015625	-57.116177
1916.992188	-57.409687
1917.968750	-58.418663
1918.945312	-57.213356
1919.921875	-57.524647
1920.898438	-57.075672
1921.875000	-57.031719
1922.851562	-56.891880
1923.828125	-57.203941
1924.804688	-56.875034
1925.781250	-56.950821
1926.757812	-57.280712
1927.734375	-56.365211
1928.710938	-56.540260
1929.687500	-55.988014
1930.664062	-56.715984
1931.640625	-58.190578
1932.617188	-57.131870
1933.593750	-56.004360
1934.570312	-56.342407
1935.546875	-57.643227
1936.523438	-57.900211
1937.500000	-55.972424
1938.476562	-57.020584
1939.453125	-55.835903
1940.429688	-54.757385
1941.406250	-55.834240
1942.382812	-54.508686
1943.359375	-54.075027
1944.335938	-54.754875
1945.312500	-55.580830
1946.289062	-54.841351
1947.265625	-55.057076
1948.242188	-55.553104
1949.218750	-54.280258
1950.195312	-54.832420
1951.171875	-55.345425
1952.148438	-55.260647
1953.125000	-55.104141
1954.101562	-54.850948
1955.078125	-55.233456
1956.054688	-55.009644
1957.031250	-53.360516
1958.007812	-55.187202
1958.984375	-55.875767
1959.960938	-55.332596
1960.937500	-53.139809
1961.914062	-54.076134
1962.890625	-53.348492
1963.867188	-54.513557
1964.843750	-54.223469
1965.820312	-53.180729
1966.796875	-53.580936
1967.773438	-53.216103
1968.750000	-53.170006
1969.726562	-54.303413
1970.703125	-54.956749
1971.679688	-52.564945
1972.656250	-54.107292
1973.632812	-54.869205
1974.609375	-52.991413
1975.585938	-54.205791
1976.562500	-54.198456
1977.539062	-54.463402
1978.515625	-53.173965
1979.492188	-51.911060
1980.468750	-53.443905
1981.445312	-52.693546
1982.421875	-54.444386
1983.398438	-53.348083
1984.375000	-52.959225
1985.351562	-54.298458
1986.328125	-53.498734
1987.304688	-53.064156
1988.281250	-54.675285
1989.257812	-52.936127
1990.234375	-54.379910
1991.210938	-54.163311
1992.187500	-53.566059
1993.164062	-54.609543
1994.140625	-53.545868
1995.117188	-52.995525
1996.093750	-53.640751
1997.070312	-53.744347
1998.046875	-53.705231
1999.023438	-54.183037
2000.000000	-54.079071
2000.976562	-54.874748
2001.953125	-53.198395
2002.929688	-54.452141
2003.906250	-54.509529
2004.882812	-53.916496
2005.859375	-53.212685
2006.835938	-54.636494
2007.812500	-54.082863
2008.789062	-54.215050
2009.765625	-53.554146
2010.742188	-53.868740
2011.718750	-54.334038
2012.695312	-54.877441
2013.671875	-55.209850
2014.648438	-54.495388
2015.625000	-54.505333
2016.601562	-55.858391
2017.578125	-56.265095
2018.554688	-54.372982
2019.531250	-54.261036
2020.507812	-55.289059
2021.484375	-55.298214
2022.460938	-54.607662
2023.437500	-54.423645
2024.414062	-56.432423
2025.390625	-55.708714
2026.367188	-55.446293
2027.343750	-54.740181
2028.320312	-55.558975
2029.296875	-57.637119
2030.273438	-55.873730
2031.250000	-54.415436
2032.226562	-56.591156
2033.203125	-56.118961
2034.179688	-55.653233
2035.156250	-55.805183
2036.132812	-55.557442
2037.109375	-57.381676
2038.085938	-57.452274
2039.062500	-56.926048
2040.039062	-56.613079
2041.015625	-57.489647
2041.992188	-57.082794
2042.968750	-57.541054
2043.945312	-56.864067
2044.921875	-57.687389
2045.898438	-57.725414
2046.875000	-55.982620
2047.851562	-57.153122
2048.828125	-57.501808
2049.804688	-56.555805
2050.781250	-56.906414
2051.757812	-57.367451
2052.734375	-57.208931
2053.710938	-56.883484
2054.687500	-57.024750
2055.664062	-57.803989
2056.640625	-58.433224
2057.617188	-58.040115
2058.593750	-57.659008
2059.570312	-57.705124
2060.546875	-58.613899
2061.523438	-58.678032
2062.500000	-57.803574
2063.476562	-59.086388
2064.453125	-56.877190
2065.429688	-58.041660
2066.406250	-58.942616
2067.382812	-58.866619
2068.359375	-58.271313
2069.335938	-58.353443
2070.312500	-57.803513
2071.289062	-58.998112
2072.265625	-58.179996
2073.242188	-59.185955
2074.218750	-58.475906
2075.195312	-58.926468
2076.171875	-59.509720
2077.148438	-59.764435
2078.125000	-59.117146
2079.101562	-58.605968
2080.078125	-58.364319
2081.054688	-58.920506
2082.031250	-59.283756
2083.007812	-58.651508
2083.984375	-60.108212
2084.960938	-60.204292
2085.937500	-59.838306
2086.914062	-60.661228
2087.890625	-60.573483
2088.867188	-59.990356
2089.843750	-59.484383
2090.820312	-58.530766
2091.796875	-58.433285
2092.773438	-59.172371
2093.750000	-59.614372
2094.726562	-59.055065
2095.703125	-58.512562
2096.679688	-58.866409
2097.656250	-58.451607
2098.632812	-59.651955
2099.609375	-59.324883
2100.585938	-59.844433
2101.562500	-59.552872
2102.539062	-59.793568
2103.515625	-58.766003
2104.492188	-60.774906
2105.468750	-59.759335
2106.445312	-60.221039
2107.421875	-59.053238
2108.398438	-59.495827
2109.375000	-60.130615
2110.351562	-59.245106
2111.328125	-59.963417
2112.304688	-61.053612
2113.281250	-61.291256
2114.257812	-59.485310
2115.234375	-60.636868
2116.210938	-60.662331
2117.187500	-60.185833
2118.164062	-61.830318
2119.140625	-59.756569
2120.117188	-60.677711
2121.093750	-59.616547
2122.070312	-60.328236
2123.046875	-61.486271
2124.023438	-61.340603
2125.000000	-60.033104
2125.976562	-60.364731
2126.953125	-59.916275
2127.929688	-59.949272
2128.906250	-58.990490
2129.882812	-60.139446
2130.859375	-61.140671
2131.835938	-60.500786
2132.812500	-60.922955
2133.789062	-61.258434
2134.765625	-61.952217
2135.742188	-60.253010
2136.718750	-60.756638
2137.695312	-61.961906
2138.671875	-59.963913
2139.648438	-60.310658
2140.625000	-59.410915
2141.601562	-60.327991
2142.578125	-60.564079
2143.554688	-59.515102
2144.531250	-59.679131
2145.507812	-59.722836
2146.484375	-60.279591
2147.460938	-60.915386
2148.437500	-60.208027
2149.414062	-60.751911
2150.390625	-60.321774
2151.367188	-60.395103
2152.343750	-60.935394
2153.320312	-60.497086
2154.296875	-60.676495
2155.273438	-59.973209
2156.250000	-59.345547
2157.226562	-61.238701
2158.203125	-60.460045
2159.179688	-59.133030
2160.156250	-59.137791
2161.132812	-61.159798
2162.109375	-60.114529
2163.085938	-60.521042
2164.062500	-60.514946
2165.039062	-61.456810
2166.015625	-60.502285
2166.992188	-61.446022
2167.968750	-60.789261
2168.945312	-60.354683
2169.921875	-59.929024
2170.898438	-60.991421
2171.875000	-61.547451
2172.851562	-59.046818
2173.828125	-59.529163
2174.804688	-60.800259
2175.781250	-60.329700
2176.757812	-59.978420
2177.734375	-59.431358
2178.710938	-59.719650
2179.687500	-58.824894
2180.664062	-60.495674
2181.640625	-59.698483
2182.617188	-60.186905
2183.593750	-59.521385
2184.570312	-59.041401
2185.546875	-61.120735
2186.523438	-59.299690
2187.500000	-58.795055
2188.476562	-61.530766
2189.453125	-60.534058
2190.429688	-59.910408
2191.406250	-60.474674
2192.382812	-58.631603
2193.359375	-60.414024
2194.335938	-60.091434
2195.312500	-59.440918
2196.289062	-60.473965
2197.265625	-59.643665
2198.242188	-59.261646
2199.218750	-60.859013
2200.195312	-60.196129
2201.171875	-60.485809
2202.148438	-61.282936
2203.125000	-59.157196
2204.101562	-59.437908
2205.078125	-59.096840
2206.054688	-59.271523
2207.031250	-60.078503
2208.007812	-60.089359
2208.984375	-60.380322
2209.960938	-60.115879
2210.937500	-59.946175
2211.914062	-60.075306
2212.890625	-59.867508
2213.867188	-59.995106
2214.843750	-58.261528
2215.820312	-58.645752
2216.796875	-58.483883
2217.773438	-58.126728
2218.750000	-60.031536
2219.726562	-59.419464
2220.703125	-58.255707
2221.679688	-57.988365
2222.656250	-58.388863
2223.632812	-58.543083
2224.609375	-59.633144
2225.585938	-59.240948
2226.562500	-59.303040
2227.539062	-58.097282
2228.515625	-58.572338
2229.492188	-58.992355
2230.468750	-58.428261
2231.445312	-59.026482
2232.421875	-57.688053
2233.398438	-57.740482
2234.375000	-57.323456
2235.351562	-58.354130
2236.328125	-59.855488
2237.304688	-57.891121
2238.281250	-59.205849
2239.257812	-58.423016
2240.234375	-57.290054
2241.210938	-59.536411
2242.187500	-57.310547
2243.164062	-58.795242
2244.140625	-57.731903
2245.117188	-57.294445
2246.093750	-58.005753
2247.070312	-57.330425
2248.046875	-57.870724
2249.023438	-55.728790
2250.000000	-56.375626
2250.976562	-57.058170
2251.953125	-58.022457
2252.929688	-58.117226
2253.906250	-57.142933
2254.882812	-59.159504
2255.859375	-57.378387
2256.835938	-57.701416
2257.812500	-57.799942
2258.789062	-56.840435
2259.765625	-58.180954
2260.742188	-59.539703
2261.718750	-58.060101
2262.695312	-57.572304
2263.671875	-56.578884
2264.648438	-55.664875
2265.625000	-57.480701
2266.601562	-55.597515
2267.578125	-58.435314
2268.554688	-56.821438
2269.531250	-57.323181
2270.507812	-56.485405
2271.484375	-56.686611
2272.460938	-56.778984
2273.437500	-56.363117
2274.414062	-57.066296
2275.390625	-56.036285
2276.367188	-57.069145
2277.343750	-58.721733
2278.320312	-55.549007
2279.296875	-57.148956
2280.273438	-55.975193
2281.250000	-55.801170
2282.226562	-56.002731
2283.203125	-56.737652
2284.179688	-58.187252
2285.156250	-55.378368
2286.132812	-56.296875
2287.109375	-55.977848
2288.085938	-56.750416
2289.062500	-57.589756
2290.039062	-55.751045
2291.015625	-55.962185
2291.992188	-55.761734
2292.968750	-55.977440
2293.945312	-54.676460
2294.921875	-56.029289
2295.898438	-55.937561
2296.875000	-56.305199
2297.851562	-56.139011
2298.828125	-56.191292
2299.804688	-56.052155
2300.781250	-55.663147
2301.757812	-56.279877
2302.734375	-55.741478
2303.710938	-56.089649
2304.687500	-55.741764
2305.664062	-56.316364
2306.640625	-57.227795
2307.617188	-57.281712
2308.593750	-56.517048
2309.570312	-55.822155
2310.546875	-56.142715
2311.523438	-56.724712
2312.500000	-57.351448
2313.476562	-55.907459
2314.453125	-56.326889
2315.429688	-55.870407
2316.406250	-56.218430
2317.382812	-56.405792
2318.359375	-57.008850
2319.335938	-57.593098
2320.312500	-56.703716
2321.289062	-56.155003
2322.265625	-56.382092
2323.242188	-57.471409
2324.218750	-58.538017
2325.195312	-56.080421
2326.171875	-56.018944
2327.148438	-56.934502
2328.125000	-58.095455
2329.101562	-56.536644
2330.078125	-57.110096
2331.054688	-58.206551
2332.031250	-56.702625
2333.007812	-56.241123
2333.984375	-57.860458
2334.960938	-57.223991
2335.937500	-58.511890
2336.914062	-58.049458
2337.890625	-57.186443
2338.867188	-57.643169
2339.843750	-57.693176
2340.820312	-57.301823
2341.796875	-57.767128
2342.773438	-57.965389
2343.750000	-58.934044
2344.726562	-60.095741
2345.703125	-57.176182
2346.679688	-59.687607
2347.656250	-58.068813
2348.632812	-58.557457
2349.609375	-58.069168
2350.585938	-59.000664
2351.562500	-59.608883
2352.539062	-58.893570
2353.515625	-59.421326
2354.492188	-58.807289
2355.468750	-59.096962
2356.445312	-59.276794
2357.421875	-58.820679
2358.398438	-57.591740
2359.375000	-57.924858
2360.351562	-59.168850
2361.328125	-59.437775
2362.304688	-58.700760
2363.281250	-60.012199
2364.257812	-61.234089
2365.234375	-60.032494
2366.210938	-58.366226
2367.187500	-61.377300
2368.164062	-61.494427
2369.140625	-58.454514
2370.117188	-60.033081
2371.093750	-60.033535
2372.070312	-59.302700
2373.046875	-60.512264
2374.023438	-60.198994
2375.000000	-59.694199
2375.976562	-59.379433
2376.953125	-58.885860
2377.929688	-59.475910
2378.906250	-60.421127
2379.882812	-61.139702
2380.859375	-60.975304
2381.835938	-58.653046
2382.812500	-59.650562
2383.789062	-59.764931
2384.765625	-60.726089
2385.742188	-59.563400
2386.718750	-58.600395
2387.695312	-60.735134
2388.671875	-60.200871
2389.648438	-60.224636
2390.625000	-62.123634
2391.601562	-60.849121
2392.578125	-59.887634
2393.554688	-59.901478
2394.531250	-60.986290
2395.507812	-59.800602
2396.484375	-60.182926
2397.460938	-60.925499
2398.437500	-61.048500
2399.414062	-62.297573
2400.390625	-61.120102
2401.367188	-60.783592
2402.343750	-61.448391
2403.320312	-59.405510
2404.296875	-61.947594
2405.273438	-61.932079
2406.250000	-61.855354
2407.226562	-63.440224
2408.203125	-63.343739
2409.179688	-61.276299
2410.156250	-61.516273
2411.132812	-61.828094
2412.109375	-60.793610
2413.085938	-61.416080
2414.062500	-62.659096
2415.039062	-60.591904
2416.015625	-60.351784
2416.992188	-60.804066
2417.968750	-60.499260
2418.945312	-60.586723
2419.921875	-61.696754
2420.898438	-60.638275
2421.875000	-61.524101
2422.851562	-62.112488
2423.828125	-60.497704
2424.804688	-60.833637
2425.781250	-62.687813
2426.757812	-61.628010
2427.734375	-61.568871
2428.710938	-61.695843
2429.687500	-62.027431
2430.664062	-61.728764
2431.640625	-62.082134
2432.617188	-62.183594
2433.593750	-63.619751
2434.570312	-61.883175
2435.546875	-60.521301
2436.523438	-60.945168
2437.500000	-62.092369
2438.476562	-61.084728
2439.453125	-61.559731
2440.429688	-61.158279
2441.406250	-63.446636
2442.382812	-62.600742
2443.359375	-60.707638
2444.335938	-61.214581
2445.312500	-61.980820
2446.289062	-62.424694
2447.265625	-62.422474
2448.242188	-61.953381
2449.218750	-62.399616
2450.195312	-63.294048
2451.171875	-61.505013
2452.148438	-62.576733
2453.125000	-62.614662
2454.101562	-60.382927
2455.078125	-61.196117
2456.054688	-62.088165
2457.031250	-60.472942
2458.007812	-60.804043
2458.984375	-61.785843
2459.960938	-62.472939
2460.937500	-62.683094
2461.914062	-62.969883
2462.890625	-61.717827
2463.867188	-61.878895
2464.843750	-62.621944
2465.820312	-62.093964
2466.796875	-61.726578
2467.773438	-61.947685
2468.750000	-62.029320
2469.726562	-62.225334
2470.703125	-62.940781
2471.679688	-62.088596
2472.656250	-61.211433
2473.632812	-61.010948
2474.609375	-62.065159
2475.585938	-61.742649
2476.562500	-63.029751
2477.539062	-61.105312
2478.515625	-62.219833
2479.492188	-63.242302
2480.468750	-61.874718
2481.445312	-61.905407
2482.421875	-60.670151
2483.398438	-62.551231
2484.375000	-63.741657
2485.351562	-60.842136
2486.328125	-62.589066
2487.304688	-62.346718
2488.281250	-61.373566
2489.257812	-61.807430
2490.234375	-61.894695
2491.210938	-61.169861
2492.187500	-61.217960
2493.164062	-59.814583
2494.140625	-61.668892
2495.117188	-61.843678
2496.093750	-61.433010
2497.070312	-61.581978
2498.046875	-61.406597
2499.023438	-60.987770
2500.000000	-62.249458
2500.976562	-61.370972
2501.953125	-61.200054
2502.929688	-61.432289
2503.906250	-61.689518
2504.882812	-62.876678
2505.859375	-61.207355
2506.835938	-62.344402
2507.812500	-61.446674
2508.789062	-61.701031
2509.765625	-61.471939
2510.742188	-60.614735
2511.718750	-59.841480
2512.695312	-61.201797
2513.671875	-61.982719
2514.648438	-61.630569
2515.625000	-61.734962
2516.601562	-61.193787
2517.578125	-60.214603
2518.554688	-61.160641
2519.531250	-61.323410
2520.507812	-60.743980
2521.484375	-60.596809
2522.460938	-60.502354
2523.437500	-60.438713
2524.414062	-60.276535
2525.390625	-60.312431
2526.367188	-60.563255
2527.343750	-60.007862
2528.320312	-61.334476
2529.296875	-60.583733
2530.273438	-60.394234
2531.250000	-61.949093
2532.226562	-60.314686
2533.203125	-61.096249
2534.179688	-60.774170
2535.156250	-59.383121
2536.132812	-61.227478
2537.109375	-60.815022
2538.085938	-58.551205
2539.062500	-58.953793
2540.039062	-59.346611
2541.015625	-59.494896
2541.992188	-60.024734
2542.968750	-60.632061
2543.945312	-60.106190
2544.921875	-60.361015
2545.898438	-60.820549
2546.875000	-59.619667
2547.851562	-58.540024
2548.828125	-60.056889
2549.804688	-59.260960
2550.781250	-60.248276
2551.757812	-59.705780
2552.734375	-58.734863
2553.710938	-58.681980
2554.687500	-59.261524
2555.664062	-57.410641
2556.640625	-60.344902
2557.617188	-58.881222
2558.593750	-58.145496
2559.570312	-58.383671
2560.546875	-58.591846
2561.523438	-57.389820
2562.500000	-59.435589
2563.476562	-59.273933
2564.453125	-58.423458
2565.429688	-57.609337
2566.406250	-57.754852
2567.382812	-58.273758
2568.359375	-57.037762
2569.335938	-58.785755
2570.312500	-57.768230
2571.289062	-57.210285
2572.265625	-56.823006
2573.242188	-57.458195
2574.218750	-57.241741
2575.195312	-57.827740
2576.171875	-56.894203
2577.148438	-57.625484
2578.125000	-56.171165
2579.101562	-56.774349
2580.078125	-56.784698
2581.054688	-57.387222
2582.031250	-57.287575
2583.007812	-57.576694
2583.984375	-56.383953
2584.960938	-57.854088
2585.937500	-56.411545
2586.914062	-57.600243
2587.890625	-57.902199
2588.867188	-56.098209
2589.843750	-58.292564
2590.820312	-57.593063
2591.796875	-57.997929
2592.773438	-55.379395
2593.750000	-56.567238
2594.726562	-56.982437
2595.703125	-56.858757
2596.679688	-56.728107
2597.656250	-55.978481
2598.632812	-56.306107
2599.609375	-56.406483
2600.585938	-57.880962
2601.562500	-56.529240
2602.539062	-56.645184
2603.515625	-57.270271
2604.492188	-56.372944
2605.468750	-57.102047
2606.445312	-57.295197
2607.421875	-57.299553
2608.398438	-58.158867
2609.375000	-57.814396
2610.351562	-58.026257
2611.328125	-57.553764
2612.304688	-57.074055
2613.281250	-57.870132
2614.257812	-57.016296
2615.234375	-55.745033
2616.210938	-56.718884
2617.187500	-56.916138
2618.164062	-57.317081
2619.140625	-58.642933
2620.117188	-57.445751
2621.093750	-57.800785
2622.070312	-57.558250
2623.046875	-56.962395
2624.023438	-57.909363
2625.000000	-57.959187
2625.976562	-58.915810
2626.953125	-56.134525
2627.929688	-57.831142
2628.906250	-58.827236
2629.882812	-58.403114
2630.859375	-58.458012
2631.835938	-57.951057
2632.812500	-58.414864
2633.789062	-58.716038
2634.765625	-59.981575
2635.742188	-58.942547
2636.718750	-59.108730
2637.695312	-57.904472
2638.671875	-58.652740
2639.648438	-58.855267
2640.625000	-59.623127
2641.601562	-59.485527
2642.578125	-59.599712
2643.554688	-60.151501
2644.531250	-58.858337
2645.507812	-58.746197
2646.484375	-60.011982
2647.460938	-59.490555
2648.437500	-59.676598
2649.414062	-59.328674
2650.390625	-59.063007
2651.367188	-59.955292
2652.343750	-60.513542
2653.320312	-59.646404
2654.296875	-59.619778
2655.273438	-60.321129
2656.250000	-59.558270
2657.226562	-59.831932
2658.203125	-59.186943
2659.179688	-60.407730
2660.156250	-60.171078
2661.132812	-60.830788
2662.109375	-61.325531
2663.085938	-60.200832
2664.062500	-62.093437
2665.039062	-61.135925
2666.015625	-61.395195
2666.992188	-61.769268
2667.968750	-61.220867
2668.945312	-60.225281
2669.921875	-61.227188
2670.898438	-60.587379
2671.875000	-62.013729
2672.851562	-61.339108
2673.828125	-61.712757
2674.804688	-61.386726
2675.781250	-61.237507
2676.757812	-62.296135
2677.734375	-62.737225
2678.710938	-61.982891
2679.687500	-61.939354
2680.664062	-62.026989
2681.640625	-61.547565
2682.617188	-60.970341
2683.593750	-61.555992
2684.570312	-61.894424
2685.546875	-60.272697
2686.523438	-62.958008
2687.500000	-62.270115
2688.476562	-61.568592
2689.453125	-62.136757
2690.429688	-62.148743
2691.406250	-62.677471
2692.382812	-61.245483
2693.359375	-61.516361
2694.335938	-62.778625
2695.312500	-62.087257
2696.289062	-63.940662
2697.265625	-62.645283
2698.242188	-63.263065
2699.218750	-63.710983
2700.195312	-63.132839
2701.171875	-63.873276
2702.148438	-62.757538
2703.125000	-63.477402
2704.101562	-62.665752
2705.078125	-62.916489
2706.054688	-63.428043
2707.031250	-63.451630
2708.007812	-64.464035
2708.984375	-63.936226
2709.960938	-62.647106
2710.937500	-63.472363
2711.914062	-64.437401
2712.890625	-64.603035
2713.867188	-63.843536
2714.843750	-63.237198
2715.820312	-63.483746
2716.796875	-63.280056
2717.773438	-64.031296
2718.750000	-62.063179
2719.726562	-64.425644
2720.703125	-62.527489
2721.679688	-64.746742
2722.656250	-64.066269
2723.632812	-63.274315
2724.609375	-62.711937
2725.585938	-64.360748
2726.562500	-63.687622
2727.539062	-64.040703
2728.515625	-64.461838
2729.492188	-63.788849
2730.468750	-63.145153
2731.445312	-63.918873
2732.421875	-64.778923
2733.398438	-63.626263
2734.375000	-64.469078
2735.351562	-63.955498
2736.328125	-63.639832
2737.304688	-62.499531
2738.281250	-64.243813
2739.257812	-64.251472
2740.234375	-63.978863
2741.210938	-63.829895
2742.187500	-64.208366
2743.164062	-63.562187
2744.140625	-64.538300
2745.117188	-63.677914
2746.093750	-64.369049
2747.070312	-65.067665
2748.046875	-64.354515
2749.023438	-64.854820
2750.000000	-65.003944
2750.976562	-63.375790
2751.953125	-66.092720
2752.929688	-65.361328
2753.906250	-64.252480
2754.882812	-63.324982
2755.859375	-63.990505
2756.835938	-62.708626
2757.812500	-65.069504
2758.789062	-65.649086
2759.765625	-64.857544
2760.742188	-65.585556
2761.718750	-65.096504
2762.695312	-63.665401
2763.671875	-64.030128
2764.648438	-63.349693
2765.625000	-63.857841
2766.601562	-64.040688
2767.578125	-63.588665
2768.554688	-62.618492
2769.531250	-63.457447
2770.507812	-63.004074
2771.484375	-62.862324
2772.460938	-64.325172
2773.437500	-63.892609
2774.414062	-63.152496
2775.390625	-63.260422
2776.367188	-64.169777
2777.343750	-64.253532
2778.320312	-65.299484
2779.296875	-65.464500
2780.273438	-63.957645
2781.250000	-62.830463
2782.226562	-62.969070
2783.203125	-63.214317
2784.179688	-60.866589
2785.156250	-63.365406
2786.132812	-63.930836
2787.109375	-64.156769
2788.085938	-63.438293
2789.062500	-63.346592
2790.039062	-63.478024
2791.015625	-63.661667
2791.992188	-63.247276
2792.968750	-64.280319
2793.945312	-63.038403
2794.921875	-62.085251
2795.898438	-62.377518
2796.875000	-64.518501
2797.851562	-62.396458
2798.828125	-64.344368
2799.804688	-63.272861
2800.781250	-61.489902
2801.757812	-62.168755
2802.734375	-61.841923
2803.710938	-62.000793
2804.687500	-63.403610
2805.664062	-63.665730
2806.640625	-63.238049
2807.617188	-61.981041
2808.593750	-62.739510
2809.570312	-63.211433
2810.546875	-63.660313
2811.523438	-61.851234
2812.500000	-61.610695
2813.476562	-63.502090
2814.453125	-63.460392
2815.429688	-62.670177
2816.406250	-62.294785
2817.382812	-61.852566
2818.359375	-62.270054
2819.335938	-61.931122
2820.312500	-64.001083
2821.289062	-62.098885
2822.265625	-61.055279
2823.242188	-62.476181
2824.218750	-62.076958
2825.195312	-61.836369
2826.171875	-61.993118
2827.148438	-61.434570
2828.125000	-61.119526
2829.101562	-62.588940
2830.078125	-61.235477
2831.054688	-61.339642
2832.031250	-60.997971
2833.007812	-60.245674
2833.984375	-60.368298
2834.960938	-62.091396
2835.937500	-60.341824
2836.914062	-60.447327
2837.890625	-60.874760
2838.867188	-60.331699
2839.843750	-59.691597
2840.820312	-60.631451
2841.796875	-61.465195
2842.773438	-59.539185
2843.750000	-59.833782
2844.726562	-59.623493
2845.703125	-59.862808
2846.679688	-60.308289
2847.656250	-59.717876
2848.632812	-59.653008
2849.609375	-59.352917
2850.585938	-58.836395
2851.562500	-58.778946
2852.539062	-58.985569
2853.515625	-59.339558
2854.492188	-58.466728
2855.468750	-58.910175
2856.445312	-59.269611
2857.421875	-57.569309
2858.398438	-58.076794
2859.375000	-58.664886
2860.351562	-58.321785
2861.328125	-58.789948
2862.304688	-58.805347
2863.281250	-58.366222
2864.257812	-57.237179
2865.234375	-58.041782
2866.210938	-58.016754
2867.187500	-58.506378
2868.164062	-57.605469
2869.140625	-57.074715
2870.117188	-55.873371
2871.093750	-57.760479
2872.070312	-58.595730
2873.046875	-56.491783
2874.023438	-56.659882
2875.000000	-58.158195
2875.976562	-56.602348
2876.953125	-56.894882
2877.929688	-57.448639
2878.906250	-56.369240
2879.882812	-56.649128
2880.859375	-56.659718
2881.835938	-57.095230
2882.812500	-56.319229
2883.789062	-56.841576
2884.765625	-56.558437
2885.742188	-56.058598
2886.718750	-56.447987
2887.695312	-56.257000
2888.671875	-56.340523
2889.648438	-57.004795
2890.625000	-57.690945
2891.601562	-56.184734
2892.578125	-57.556156
2893.554688	-55.781559
2894.531250	-56.566116
2895.507812	-55.936390
2896.484375	-56.740314
2897.460938	-55.691269
2898.437500	-56.915710
2899.414062	-56.689930
2900.390625	-56.693573
2901.367188	-56.484180
2902.343750	-55.210346
2903.320312	-55.956345
2904.296875	-57.022785
2905.273438	-57.165771
2906.250000	-58.201962
2907.226562	-58.333714
2908.203125	-58.508835
2909.179688	-58.247063
2910.156250	-57.940445
2911.132812	-58.247776
2912.109375	-58.779522
2913.085938	-56.628578
2914.062500	-56.466667
2915.039062	-58.440502
2916.015625	-57.151947
2916.992188	-59.079983
2917.968750	-58.504128
2918.945312	-58.146606
2919.921875	-59.908646
2920.898438	-59.902779
2921.875000	-58.909382
2922.851562	-58.398560
2923.828125	-57.555672
2924.804688	-58.958576
2925.781250	-58.711941
2926.757812	-60.161980
2927.734375	-59.228889
2928.710938	-58.687366
2929.687500	-60.768429
2930.664062	-59.136570
2931.640625	-59.066269
2932.617188	-60.348804
2933.593750	-60.476700
2934.570312	-59.882690
2935.546875	-59.380978
2936.523438	-60.578766
2937.500000	-60.892220
2938.476562	-59.677597
2939.453125	-60.207466
2940.429688	-60.469486
2941.406250	-62.017063
2942.382812	-61.576721
2943.359375	-60.756924
2944.335938	-60.575909
2945.312500	-61.289951
2946.289062	-62.335255
2947.265625	-60.612473
2948.242188	-61.643661
2949.218750	-60.868591
2950.195312	-62.325417
2951.171875	-61.119270
2952.148438	-62.880650
2953.125000	-61.254208
2954.101562	-61.034676
2955.078125	-61.430115
2956.054688	-62.343143
2957.031250	-63.080479
2958.007812	-63.795132
2958.984375	-62.660843
2959.960938	-61.471600
2960.937500	-62.086323
2961.914062	-64.049500
2962.890625	-63.907116
2963.867188	-62.093475
2964.843750	-61.196320
2965.820312	-62.812740
2966.796875	-63.242702
2967.773438	-63.285423
2968.750000	-62.881535
2969.726562	-62.685898
2970.703125	-63.024395
2971.679688	-62.786808
2972.656250	-62.307899
2973.632812	-63.670074
2974.609375	-62.630352
2975.585938	-63.090702
2976.562500	-64.005066
2977.539062	-63.418644
2978.515625	-62.865696
2979.492188	-64.381004
2980.468750	-64.200790
2981.445312	-61.773022
2982.421875	-62.926880
2983.398438	-65.315842
2984.375000	-62.792942
2985.351562	-63.366341
2986.328125	-64.143730
2987.304688	-63.782963
2988.281250	-63.587006
2989.257812	-63.768978
2990.234375	-64.202477
2991.210938	-63.949375
2992.187500	-62.748276
2993.164062	-63.121712
2994.140625	-62.965042
2995.117188	-64.279877
2996.093750	-64.358398
2997.070312	-64.241432
2998.046875	-64.566566
2999.023438	-63.904766
3000.000000	-63.620190
3000.976562	-65.309563
3001.953125	-64.508308
3002.929688	-64.589371
3003.906250	-64.962135
3004.882812	-64.172935
3005.859375	-63.315842
3006.835938	-65.933220
3007.812500	-64.382607
3008.789062	-65.301773
3009.765625	-63.921200
3010.742188	-64.305588
3011.718750	-64.750664
3012.695312	-64.560478
3013.671875	-63.536453
3014.648438	-65.031105
3015.625000	-64.777817
3016.601562	-65.343605
3017.578125	-64.664154
3018.554688	-63.074936
3019.531250	-65.339737
3020.507812	-64.241409
3021.484375	-63.177616
3022.460938	-63.979530
3023.437500	-64.200012
3024.414062	-63.630428
3025.390625	-63.349655
3026.367188	-64.345314
3027.343750	-65.090515
3028.320312	-65.283379
3029.296875	-64.489754
3030.273438	-64.299118
3031.250000	-66.758797
3032.226562	-64.446198
3033.203125	-64.583168
3034.179688	-64.887642
3035.156250	-65.111404
3036.132812	-65.033485
3037.109375	-64.462250
3038.085938	-64.699760
3039.062500	-65.002075
3040.039062	-63.042332
3041.015625	-64.671432
3041.992188	-65.484711
3042.968750	-65.167206
3043.945312	-65.115845
3044.921875	-64.226944
3045.898438	-63.310532
3046.875000	-64.638313
3047.851562	-64.231491
3048.828125	-64.365425
3049.804688	-65.140961
3050.781250	-64.678146
3051.757812	-65.110649
3052.734375	-64.280869
3053.710938	-64.393684
3054.687500	-63.332539
3055.664062	-63.924702
3056.640625	-63.335320
3057.617188	-65.138359
3058.593750	-64.084091
3059.570312	-63.768311
3060.546875	-63.791828
3061.523438	-64.424255
3062.500000	-64.872032
3063.476562	-64.627884
3064.453125	-63.796139
3065.429688	-64.410599
3066.406250	-64.586372
3067.382812	-63.792713
3068.359375	-63.551334
3069.335938	-65.028366
3070.312500	-65.010025
3071.289062	-64.388443
3072.265625	-64.206184
3073.242188	-64.017761
3074.218750	-64.898697
3075.195312	-65.024521
3076.171875	-62.997040
3077.148438	-63.448902
3078.125000	-63.877323
3079.101562	-63.532570
3080.078125	-63.034679
3081.054688	-63.517784
3082.031250	-63.402393
3083.007812	-62.077885
3083.984375	-62.464859
3084.960938	-62.420822
3085.937500	-64.097282
3086.914062	-62.944237
3087.890625	-63.660011
3088.867188	-62.902416
3089.843750	-63.788109
3090.820312	-62.175392
3091.796875	-62.394466
3092.773438	-62.322586
3093.750000	-61.807835
3094.726562	-63.420448
3095.703125	-62.332424
3096.679688	-61.943771
3097.656250	-62.657043
3098.632812	-61.631432
3099.609375	-63.180843
3100.585938	-61.487522
3101.562500	-62.162479
3102.539062	-61.292843
3103.515625	-61.116051
3104.492188	-61.163536
3105.468750	-60.863567
3106.445312	-60.279003
3107.421875	-60.668758
3108.398438	-61.888092
3109.375000	-61.913952
3110.351562	-61.306984
3111.328125	-61.540691
3112.304688	-61.735802
3113.281250	-60.221470
3114.257812	-61.858757
3115.234375	-62.566051
3116.210938	-60.375698
3117.187500	-59.941181
3118.164062	-59.891502
3119.140625	-60.721859
3120.117188	-59.222565
3121.093750	-59.999264
3122.070312	-59.198467
3123.046875	-59.636292
3124.023438	-59.941006
3125.000000	-59.401489
3125.976562	-60.113346
3126.953125	-58.386192
3127.929688	-58.559017
3128.906250	-59.734413
3129.882812	-59.259254
3130.859375	-58.933701
3131.835938	-57.241840
3132.812500	-57.930740
3133.789062	-59.216351
3134.765625	-57.539848
3135.742188	-57.494812
3136.718750	-58.465073
3137.695312	-56.754776
3138.671875	-57.203892
3139.648438	-58.163940
3140.625000	-56.806725
3141.601562	-57.786995
3142.578125	-55.930206
3143.554688	-57.676571
3144.531250	-56.177628
3145.507812	-55.893711
3146.484375	-55.931656
3147.460938	-56.332516
3148.437500	-56.701584
3149.414062	-55.428410
3150.390625	-56.729687
3151.367188	-56.410118
3152.343750	-55.099495
3153.320312	-57.165539
3154.296875	-55.189911
3155.273438	-54.920124
3156.250000	-55.344604
3157.226562	-55.854767
3158.203125	-55.089066
3159.179688	-55.090149
3160.156250	-55.850079
3161.132812	-55.317898
3162.109375	-54.180550
3163.085938	-54.881611
3164.062500	-54.636234
3165.039062	-53.982086
3166.015625	-54.218025
3166.992188	-54.023262
3167.968750	-55.179478
3168.945312	-54.633434
3169.921875	-54.811604
3170.898438	-54.491554
3171.875000	-55.108734
3172.851562	-54.668690
3173.828125	-54.685627
3174.804688	-55.252663
3175.781250	-54.163280
3176.757812	-54.832500
3177.734375	-54.482269
3178.710938	-55.033127
3179.687500	-54.323414
3180.664062	-56.754009
3181.640625	-55.663124
3182.617188	-55.376057
3183.593750	-55.697651
3184.570312	-55.877052
3185.546875	-56.487530
3186.523438	-55.216763
3187.500000	-55.588951
3188.476562	-56.114796
3189.453125	-56.352905
3190.429688	-56.410034
3191.406250	-55.935230
3192.382812	-55.983330
3193.359375	-57.776417
3194.335938	-57.054230
3195.312500	-57.074970
3196.289062	-57.380596
3197.265625	-57.699123
3198.242188	-57.903408
3199.218750	-57.789074
3200.195312	-57.228218
3201.171875	-57.438187
3202.148438	-58.563595
3203.125000	-58.337852
3204.101562	-57.263882
3205.078125	-58.833828
3206.054688	-58.616436
3207.031250	-57.417221
3208.007812	-58.109249
3208.984375	-58.660740
3209.960938	-58.549721
3210.937500	-58.095787
3211.914062	-59.817799
3212.890625	-61.064625
3213.867188	-59.893234
3214.843750	-59.051857
3215.820312	-60.409599
3216.796875	-59.052044
3217.773438	-59.802025
3218.750000	-60.379398
3219.726562	-59.385658
3220.703125	-59.902554
3221.679688	-60.294460
3222.656250	-59.788391
3223.632812	-60.564686
3224.609375	-61.098053
3225.585938	-61.475285
3226.562500	-61.966614
3227.539062	-62.042397
3228.515625	-60.835484
3229.492188	-63.216633
3230.468750	-60.421810
3231.445312	-60.786232
3232.421875	-60.632233
3233.398438	-61.207340
3234.375000	-61.844803
3235.351562	-62.516338
3236.328125	-63.010693
3237.304688	-62.821629
3238.281250	-64.837845
3239.257812	-62.014702
3240.234375	-61.346664
3241.210938	-62.475594
3242.187500	-61.739452
3243.164062	-62.784389
3244.140625	-62.251232
3245.117188	-62.188496
3246.093750	-62.426388
3247.070312	-61.657036
3248.046875	-62.336102
3249.023438	-64.235367
3250.000000	-63.137676
3250.976562	-62.462364
3251.953125	-62.428307
3252.929688	-62.745003
3253.906250	-62.990456
3254.882812	-63.846970
3255.859375	-63.371315
3256.835938	-62.784435
3257.812500	-63.736149
3258.789062	-63.809078
3259.765625	-64.884560
3260.742188	-63.797112
3261.718750	-63.745129
3262.695312	-62.760788
3263.671875	-63.100739
3264.648438	-65.743492
3265.625000	-62.766403
3266.601562	-63.465851
3267.578125	-62.609501
3268.554688	-62.241341
3269.531250	-63.226074
3270.507812	-63.945217
3271.484375	-63.254208
3272.460938	-64.837502
3273.437500	-63.478390
3274.414062	-63.550915
3275.390625	-64.717781
3276.367188	-63.460289
3277.343750	-63.630447
3278.320312	-63.122375
3279.296875	-63.748852
3280.273438	-64.643372
3281.250000	-63.685143
3282.226562	-64.704735
3283.203125	-64.756042
3284.179688	-63.828518
3285.156250	-63.593533
3286.132812	-64.901642
3287.109375	-62.423649
3288.085938	-64.237328
3289.062500	-63.346077
3290.039062	-64.420113
3291.015625	-63.639202
3291.992188	-63.245106
3292.968750	-63.991825
3293.945312	-63.333786
3294.921875	-63.006237
3295.898438	-64.238243
3296.875000	-64.205620
3297.851562	-64.404213
3298.828125	-64.950722
3299.804688	-64.389137
3300.781250	-65.628578
3301.757812	-65.049988
3302.734375	-64.756584
3303.710938	-65.947144
3304.687500	-64.256073
3305.664062	-64.452621
3306.640625	-64.062233
3307.617188	-64.434303
3308.593750	-64.559204
3309.570312	-65.319489
3310.546875	-64.124260
3311.523438	-64.907860
3312.500000	-64.349106
3313.476562	-63.455898
3314.453125	-64.918594
3315.429688	-64.531052
3316.406250	-64.314240
3317.382812	-64.703346
3318.359375	-65.661613
3319.335938	-64.642616
3320.312500	-65.132797
3321.289062	-64.433098
3322.265625	-64.852303
3323.242188	-65.477135
3324.218750	-64.609077
3325.195312	-65.449097
3326.171875	-65.848862
3327.148438	-64.411270
3328.125000	-63.817913
3329.101562	-65.284782
3330.078125	-63.646324
3331.054688	-64.174583
3332.031250	-64.090012
3333.007812	-64.372391
3333.984375	-64.225517
3334.960938	-65.686218
3335.937500	-64.166008
3336.914062	-65.649734
3337.890625	-64.678467
3338.867188	-65.107025
3339.843750	-64.517982
3340.820312	-64.994690
3341.796875	-63.778191
3342.773438	-65.186104
3343.750000	-64.000656
3344.726562	-63.601784
3345.703125	-64.168205
3346.679688	-63.595482
3347.656250	-63.525757
3348.632812	-65.335236
3349.609375	-62.785233
3350.585938	-63.600826
3351.562500	-62.236355
3352.539062	-63.765800
3353.515625	-64.565117
3354.492188	-63.742363
3355.468750	-62.748211
3356.445312	-63.351353
3357.421875	-62.026764
3358.398438	-63.761650
3359.375000	-62.742466
3360.351562	-61.782284
3361.328125	-61.888748
3362.304688	-62.998661
3363.281250	-61.901184
3364.257812	-64.145256
3365.234375	-63.608665
3366.210938	-62.570644
3367.187500	-62.231819
3368.164062	-63.056374
3369.140625	-62.960045
3370.117188	-63.052681
3371.093750	-62.269775
3372.070312	-61.886684
3373.046875	-62.553570
3374.023438	-62.102139
3375.000000	-61.904526
3375.976562	-62.018974
3376.953125	-61.597790
3377.929688	-61.607220
3378.906250	-62.173855
3379.882812	-62.471409
3380.859375	-61.229458
3381.835938	-60.863525
3382.812500	-60.999210
3383.789062	-60.182220
3384.765625	-60.964783
3385.742188	-61.862209
3386.718750	-62.369781
3387.695312	-61.736309
3388.671875	-61.892387
3389.648438	-61.585491
3390.625000	-61.399681
3391.601562	-60.571293
3392.578125	-60.924320
3393.554688	-61.770226
3394.531250	-60.842838
3395.507812	-60.915260
3396.484375	-59.382160
3397.460938	-60.454155
3398.437500	-59.744148
3399.414062	-59.175091
3400.390625	-60.081131
3401.367188	-59.610386
3402.343750	-59.644363
3403.320312	-58.759926
3404.296875	-59.894062
3405.273438	-61.219559
3406.250000	-58.764488
3407.226562	-58.740906
3408.203125	-58.863888
3409.179688	-59.226685
3410.156250	-58.200958
3411.132812	-57.892494
3412.109375	-59.098034
3413.085938	-58.133736
3414.062500	-57.517643
3415.039062	-58.879074
3416.015625	-58.469704
3416.992188	-56.933899
3417.968750	-57.886379
3418.945312	-57.520031
3419.921875	-57.118080
3420.898438	-56.305351
3421.875000	-57.299259
3422.851562	-55.846859
3423.828125	-56.678123
3424.804688	-55.741917
3425.781250	-56.355408
3426.757812	-56.527954
3427.734375	-56.204281
3428.710938	-56.521095
3429.687500	-55.908585
3430.664062	-55.757969
3431.640625	-56.081276
3432.617188	-55.566608
3433.593750	-55.329006
3434.570312	-54.077427
3435.546875	-54.338577
3436.523438	-55.769733
3437.500000	-55.728886
3438.476562	-54.432701
3439.453125	-53.617496
3440.429688	-53.646652
3441.406250	-53.350628
3442.382812	-54.517120
3443.359375	-54.412884
3444.335938	-51.897301
3445.312500	-53.066700
3446.289062	-52.262783
3447.265625	-51.411125
3448.242188	-51.883160
3449.218750	-53.249409
3450.195312	-53.839157
3451.171875	-53.396233
3452.148438	-53.159599
3453.125000	-53.532841
3454.101562	-53.359676
3455.078125	-52.370327
3456.054688	-53.391884
3457.031250	-54.288502
3458.007812	-52.124622
3458.984375	-53.400127
3459.960938	-53.015560
3460.937500	-53.766712
3461.914062	-53.967438
3462.890625	-53.963329
3463.867188	-54.092594
3464.843750	-54.135471
3465.820312	-54.639362
3466.796875	-55.151524
3467.773438	-54.953815
3468.750000	-54.836487
3469.726562	-54.259216
3470.703125	-55.055832
3471.679688	-56.387283
3472.656250	-55.526161
3473.632812	-55.413139
3474.609375	-56.353249
3475.585938	-57.166054
3476.562500	-56.702099
3477.539062	-55.604584
3478.515625	-57.149551
3479.492188	-57.068298
3480.468750	-56.768982
3481.445312	-57.106426
3482.421875	-57.253620
3483.398438	-56.547501
3484.375000	-57.587658
3485.351562	-58.603390
3486.328125	-57.117783
3487.304688	-57.201115
3488.281250	-59.088169
3489.257812	-59.537941
3490.234375	-58.157257
3491.210938	-57.532288
3492.187500	-58.063831
3493.164062	-57.113972
3494.140625	-58.614426
3495.117188	-58.179409
3496.093750	-57.857803
3497.070312	-58.762764
3498.046875	-57.526352
3499.023438	-59.148624
3500.000000	-59.633503
3500.976562	-59.829895
3501.953125	-60.036346
3502.929688	-59.499081
3503.906250	-60.126965
3504.882812	-59.756428
3505.859375	-59.433899
3506.835938	-60.272137
3507.812500	-59.835613
3508.789062	-59.451305
3509.765625	-60.588791
3510.742188	-60.716595
3511.718750	-59.857349
3512.695312	-61.630276
3513.671875	-61.135410
3514.648438	-60.611130
3515.625000	-61.930775
3516.601562	-62.557453
3517.578125	-60.784172
3518.554688	-61.939354
3519.531250	-60.760086
3520.507812	-62.545509
3521.484375	-61.524754
3522.460938	-60.342377
3523.437500	-61.888908
3524.414062	-61.034378
3525.390625	-61.696148
3526.367188	-62.201748
3527.343750	-60.811005
3528.320312	-61.141190
3529.296875	-63.092159
3530.273438	-62.436390
3531.250000	-63.329308
3532.226562	-62.219040
3533.203125	-62.497551
3534.179688	-61.861267
3535.156250	-62.270897
3536.132812	-61.106731
3537.109375	-63.095490
3538.085938	-62.545582
3539.062500	-63.225109
3540.039062	-63.790047
3541.015625	-64.583847
3541.992188	-62.838051
3542.968750	-62.096455
3543.945312	-62.627102
3544.921875	-62.781231
3545.898438	-63.344086
3546.875000	-64.414391
3547.851562	-64.908043
3548.828125	-63.208885
3549.804688	-64.264999
3550.781250	-63.948578
3551.757812	-63.888966
3552.734375	-63.826691
3553.710938	-63.794594
3554.687500	-64.148453
3555.664062	-63.146511
3556.640625	-64.733467
3557.617188	-63.522381
3558.593750	-63.884834
3559.570312	-63.245613
3560.546875	-63.962982
3561.523438	-64.116783
3562.500000	-65.200562
3563.476562	-63.449352
3564.453125	-63.902592
3565.429688	-63.957142
3566.406250	-64.006851
3567.382812	-63.182697
3568.359375	-63.895416
3569.335938	-64.036980
3570.312500	-64.795097
3571.289062	-63.684509
3572.265625	-63.276028
3573.242188	-63.050732
3574.218750	-63.393124
3575.195312	-63.743401
3576.171875	-63.589188
3577.148438	-64.059776
3578.125000	-63.436863
3579.101562	-63.421158
3580.078125	-64.387665
3581.054688	-63.762993
3582.031250	-64.203514
3583.007812	-64.192001
3583.984375	-63.302757
3584.960938	-64.820114
3585.937500	-63.788158
3586.914062	-64.048340
3587.890625	-65.193771
3588.867188	-65.725807
3589.843750	-64.889343
3590.820312	-64.440193
3591.796875	-64.236229
3592.773438	-64.014885
3593.750000	-64.932533
3594.726562	-64.030098
3595.703125	-65.509048
3596.679688	-63.749561
3597.656250	-64.309296
3598.632812	-64.505547
3599.609375	-64.657219
3600.585938	-64.773811
3601.562500	-65.257881
3602.539062	-65.212311
3603.515625	-64.523293
3604.492188	-63.756027
3605.468750	-64.691368
3606.445312	-65.851768
3607.421875	-64.363533
3608.398438	-64.406288
3609.375000	-64.474068
3610.351562	-63.505871
3611.328125	-64.337151
3612.304688	-64.239243
3613.281250	-65.131531
3614.257812	-62.950302
3615.234375	-64.852875
3616.210938	-63.568161
3617.187500	-63.536331
3618.164062	-63.162342
3619.140625	-64.308891
3620.117188	-62.896702
3621.093750	-65.384483
3622.070312	-63.978348
3623.046875	-63.290905
3624.023438	-63.816799
3625.000000	-63.256706
3625.976562	-64.258965
3626.953125	-63.619377
3627.929688	-65.550430
3628.906250	-63.702812
3629.882812	-63.674271
3630.859375	-63.775982
3631.835938	-64.206383
3632.812500	-63.124538
3633.789062	-63.976151
3634.765625	-63.090225
3635.742188	-63.414440
3636.718750	-63.669132
3637.695312	-63.972809
3638.671875	-64.182686
3639.648438	-62.793701
3640.625000	-62.573078
3641.601562	-61.793087
3642.578125	-63.268555
3643.554688	-64.542084
3644.531250	-63.472530
3645.507812	-63.221214
3646.484375	-63.174007
3647.460938	-61.811157
3648.437500	-62.548576
3649.414062	-61.663380
3650.390625	-62.034401
3651.367188	-64.163544
3652.343750	-62.356159
3653.320312	-63.520027
3654.296875	-62.386600
3655.273438	-61.209766
3656.250000	-60.738075
3657.226562	-62.958462
3658.203125	-61.094791
3659.179688	-61.736130
3660.156250	-62.425777
3661.132812	-63.032963
3662.109375	-61.589233
3663.085938	-61.321411
3664.062500	-60.969604
3665.039062	-60.886578
3666.015625	-60.555565
3666.992188	-60.638088
3667.968750	-60.184410
3668.945312	-61.742115
3669.921875	-62.021393
3670.898438	-62.033607
3671.875000	-61.165489
3672.851562	-61.009510
3673.828125	-62.303032
3674.804688	-62.020187
3675.781250	-60.769161
3676.757812	-60.552765
3677.734375	-59.729618
3678.710938	-60.774910
3679.687500	-59.281139
3680.664062	-60.658779
3681.640625	-59.172028
3682.617188	-59.960091
3683.593750	-60.891323
3684.570312	-58.608768
3685.546875	-61.007103
3686.523438	-59.492424
3687.500000	-58.741150
3688.476562	-59.238617
3689.453125	-58.077038
3690.429688	-58.974010
3691.406250	-59.105286
3692.382812	-58.863640
3693.359375	-58.528503
3694.335938	-58.678848
3695.312500	-58.820545
3696.289062	-57.978081
3697.265625	-57.723061
3698.242188	-58.221203
3699.218750	-58.110989
3700.195312	-56.944351
3701.171875	-57.345734
3702.148438	-57.246838
3703.125000	-56.939171
3704.101562	-56.645546
3705.078125	-56.787472
3706.054688	-55.813156
3707.031250	-56.029701
3708.007812	-55.887657
3708.984375	-56.203129
3709.960938	-55.028248
3710.937500	-55.683708
3711.914062	-54.781441
3712.890625	-55.624329
3713.867188	-55.732765
3714.843750	-54.328350
3715.820312	-53.673309
3716.796875	-54.277771
3717.773438	-55.922062
3718.750000	-55.968014
3719.726562	-56.445816
3720.703125	-54.477711
3721.679688	-54.497562
3722.656250	-53.291626
3723.632812	-52.356346
3724.609375	-53.157944
3725.585938	-52.627033
3726.562500	-53.705215
3727.539062	-52.495022
3728.515625	-52.493382
3729.492188	-52.479424
3730.468750	-52.550426
3731.445312	-52.892891
3732.421875	-51.334751
3733.398438	-51.748932
3734.375000	-52.471806
3735.351562	-53.095699
3736.328125	-53.273113
3737.304688	-51.835880
3738.281250	-52.808971
3739.257812	-51.938141
3740.234375	-52.420246
3741.210938	-53.041088
3742.187500	-52.866150
3743.164062	-53.052361
3744.140625	-52.535450
3745.117188	-52.021980
3746.093750	-51.983948
3747.070312	-53.431217
3748.046875	-53.313019
3749.023438	-52.464840
3750.000000	-54.080517
3750.976562	-53.928478
3751.953125	-55.192104
3752.929688	-53.815521
3753.906250	-54.477871
3754.882812	-55.150249
3755.859375	-55.157257
3756.835938	-54.190784
3757.812500	-56.302383
3758.789062	-55.063221
3759.765625	-55.438351
3760.742188	-54.427181
3761.718750	-55.599796
3762.695312	-55.565102
3763.671875	-56.296005
3764.648438	-58.120960
3765.625000	-57.799633
3766.601562	-56.803055
3767.578125	-56.693356
3768.554688	-57.780613
3769.531250	-56.973831
3770.507812	-56.672943
3771.484375	-58.845161
3772.460938	-59.243752
3773.437500	-57.855560
3774.414062	-57.785538
3775.390625	-59.461445
3776.367188	-57.806656
3777.343750	-56.941154
3778.320312	-57.942268
3779.296875	-58.508030
3780.273438	-60.665588
3781.250000	-59.761284
3782.226562	-58.364773
3783.203125	-58.784760
3784.179688	-60.579407
3785.156250	-59.977497
3786.132812	-60.119534
3787.109375	-60.332180
3788.085938	-60.184597
3789.062500	-60.413540
3790.039062	-60.495380
3791.015625	-61.011696
3791.992188	-60.820091
3792.968750	-60.419559
3793.945312	-60.862198
3794.921875	-61.192856
3795.898438	-62.050159
3796.875000	-59.996254
3797.851562	-60.152142
3798.828125	-61.239288
3799.804688	-62.189224
3800.781250	-61.551704
3801.757812	-61.839531
3802.734375	-61.289913
3803.710938	-61.945492
3804.687500	-62.334930
3805.664062	-61.698460
3806.640625	-62.316959
3807.617188	-61.999664
3808.593750	-61.358368
3809.570312	-61.988255
3810.546875	-61.933815
3811.523438	-61.566902
3812.500000	-61.496368
3813.476562	-62.799644
3814.453125	-63.147892
3815.429688	-61.632679
3816.406250	-62.476551
3817.382812	-63.002003
3818.359375	-63.352467
3819.335938	-61.930946
3820.312500	-62.414543
3821.289062	-63.603954
3822.265625	-62.690086
3823.242188	-61.855717
3824.218750	-63.183357
3825.195312	-63.207443
3826.171875	-63.681480
3827.148438	-61.903225
3828.125000	-62.228260
3829.101562	-64.666405
3830.078125	-62.964062
3831.054688	-64.164360
3832.031250	-64.834854
3833.007812	-62.543705
3833.984375	-63.264885
3834.960938	-62.874290
3835.937500	-63.922859
3836.914062	-64.807411
3837.890625	-64.161362
3838.867188	-64.404869
3839.843750	-63.607944
3840.820312	-64.297440
3841.796875	-65.424652
3842.773438	-63.545193
3843.750000	-63.436245
3844.726562	-64.255127
3845.703125	-64.398193
3846.679688	-64.162872
3847.656250	-64.409904
3848.632812	-63.768948
3849.609375	-64.564331
3850.585938	-66.391541
3851.562500	-64.033478
3852.539062	-64.832100
3853.515625	-63.685986
3854.492188	-63.889812
3855.468750	-64.429123
3856.445312	-63.181469
3857.421875	-65.068848
3858.398438	-64.532867
3859.375000	-64.635582
3860.351562	-63.831520
3861.328125	-65.464119
3862.304688	-63.818493
3863.281250	-64.905609
3864.257812	-64.847260
3865.234375	-63.855621
3866.210938	-64.237251
3867.187500	-64.400665
3868.164062	-63.571178
3869.140625	-64.014061
3870.117188	-64.991692
3871.093750	-64.034950
3872.070312	-64.011749
3873.046875	-64.073547
3874.023438	-64.240021
3875.000000	-65.518051
3875.976562	-65.571747
3876.953125	-65.739433
3877.929688	-64.152924
3878.906250	-63.760353
3879.882812	-64.998352
3880.859375	-65.754738
3881.835938	-64.471085
3882.812500	-62.531616
3883.789062	-63.904800
3884.765625	-65.190918
3885.742188	-64.568108
3886.718750	-64.623207
3887.695312	-65.136101
3888.671875	-63.954552
3889.648438	-65.099434
3890.625000	-64.883484
3891.601562	-64.252022
3892.578125	-64.518776
3893.554688	-64.389679
3894.531250	-63.735592
3895.507812	-64.522743
3896.484375	-62.928341
3897.460938	-64.055183
3898.437500	-64.625572
3899.414062	-63.306091
3900.390625	-63.385498
3901.367188	-63.751007
3902.343750	-64.335266
3903.320312	-65.640182
3904.296875	-64.678749
3905.273438	-64.421440
3906.250000	-65.490410
3907.226562	-64.053986
3908.203125	-63.652966
3909.179688	-63.978947
3910.156250	-64.239639
3911.132812	-63.950520
3912.109375	-64.844391
3913.085938	-64.613922
3914.062500	-64.003204
3915.039062	-63.338089
3916.015625	-64.627762
3916.992188	-63.826542
3917.968750	-64.702194
3918.945312	-64.600250
3919.921875	-63.728092
3920.898438	-63.736092
3921.875000	-62.281120
3922.851562	-63.678284
3923.828125	-63.072956
3924.804688	-63.124432
3925.781250	-62.758621
3926.757812	-63.852795
3927.734375	-63.235397
3928.710938	-62.073570
3929.687500	-62.842384
3930.664062	-62.530575
3931.640625	-63.012417
3932.617188	-62.377682
3933.593750	-62.688530
3934.570312	-62.250542
3935.546875	-62.385269
3936.523438	-62.053165
3937.500000	-63.385151
3938.476562	-62.844379
3939.453125	-61.592678
3940.429688	-61.524548
3941.406250	-61.941757
3942.382812	-61.456047
3943.359375	-60.877277
3944.335938	-61.170353
3945.312500	-62.676895
3946.289062	-62.048641
3947.265625	-62.186077
3948.242188	-62.591763
3949.218750	-61.547215
3950.195312	-62.330811
3951.171875	-62.623245
3952.148438	-60.847282
3953.125000	-60.663235
3954.101562	-60.849136
3955.078125	-60.905773
3956.054688	-61.181789
3957.031250	-61.013596
3958.007812	-61.562656
3958.984375	-60.026123
3959.960938	-60.306988
3960.937500	-59.332413
3961.914062	-60.074471
3962.890625	-60.908886
3963.867188	-60.952702
3964.843750	-59.993511
3965.820312	-59.489815
3966.796875	-60.655788
3967.773438	-58.964878
3968.750000	-59.433071
3969.726562	-59.179462
3970.703125	-59.181908
3971.679688	-59.794544
3972.656250	-59.707390
3973.632812	-59.829681
3974.609375	-59.563366
3975.585938	-58.314548
3976.562500	-59.814461
3977.539062	-59.180676
3978.515625	-58.230995
3979.492188	-58.503052
3980.468750	-59.582535
3981.445312	-57.081535
3982.421875	-57.774662
3983.398438	-56.224304
3984.375000	-57.353428
3985.351562	-55.471504
3986.328125	-56.530991
3987.304688	-57.202641
3988.281250	-57.221573
3989.257812	-56.435020
3990.234375	-56.905582
3991.210938	-56.501713
3992.187500	-55.698887
3993.164062	-55.322559
3994.140625	-55.425907
3995.117188	-55.308987
3996.093750	-55.542278
3997.070312	-54.761051
3998.046875	-54.466488
3999.023438	-54.746700
4000.000000	-53.246410
4000.976562	-54.358738
4001.953125	-53.373425
4002.929688	-53.924282
4003.906250	-53.766239
4004.882812	-53.160133
4005.859375	-53.400452
4006.835938	-52.570656
4007.812500	-52.199238
4008.789062	-52.017635
4009.765625	-53.140388
4010.742188	-51.683117
4011.718750	-53.349819
4012.695312	-52.922401
4013.671875	-52.165047
4014.648438	-52.301277
4015.625000	-51.835766
4016.601562	-51.817966
4017.578125	-51.354576
4018.554688	-52.435612
4019.531250	-52.988499
4020.507812	-52.243328
4021.484375	-51.268433
4022.460938	-51.004459
4023.437500	-52.463730
4024.414062	-52.195724
4025.390625	-53.209484
4026.367188	-52.324471
4027.343750	-52.116089
4028.320312	-53.648735
4029.296875	-52.009964
4030.273438	-51.977276
4031.250000	-53.630753
4032.226562	-54.239651
4033.203125	-53.975376
4034.179688	-54.987076
4035.156250	-51.868778
4036.132812	-53.086441
4037.109375	-52.989594
4038.085938	-53.756084
4039.062500	-55.417439
4040.039062	-55.772968
4041.015625	-54.772842
4041.992188	-54.641510
4042.968750	-55.593571
4043.945312	-56.076439
4044.921875	-56.510315
4045.898438	-56.223152
4046.875000	-55.999348
4047.851562	-55.504520
4048.828125	-57.192879
4049.804688	-56.760464
4050.781250	-56.694702
4051.757812	-56.350956
4052.734375	-56.060158
4053.710938	-58.001366
4054.687500	-57.149197
4055.664062	-58.212330
4056.640625	-57.904247
4057.617188	-58.675381
4058.593750	-58.745785
4059.570312	-59.769909
4060.546875	-58.227383
4061.523438	-58.398232
4062.500000	-58.852894
4063.476562	-59.280632
4064.453125	-58.815853
4065.429688	-60.547226
4066.406250	-59.162216
4067.382812	-58.814930
4068.359375	-59.046524
4069.335938	-59.195740
4070.312500	-60.613537
4071.289062	-60.050510
4072.265625	-61.183941
4073.242188	-58.628487
4074.218750	-59.148495
4075.195312	-60.543922
4076.171875	-62.356495
4077.148438	-61.566483
4078.125000	-60.859451
4079.101562	-60.428410
4080.078125	-60.419060
4081.054688	-59.609779
4082.031250	-59.139229
4083.007812	-61.336590
4083.984375	-60.583275
4084.960938	-61.514915
4085.937500	-62.726074
4086.914062	-61.825775
4087.890625	-61.164543
4088.867188	-60.875515
4089.843750	-61.194725
4090.820312	-62.207951
4091.796875	-61.800076
4092.773438	-61.299236
4093.750000	-61.478947
4094.726562	-61.300240
4095.703125	-61.464333
4096.679688	-62.599537
4097.656250	-63.040611
4098.632812	-63.437206
4099.609375	-62.616650
4100.585938	-63.189995
4101.562500	-61.840019
4102.539062	-62.670868
4103.515625	-63.042908
4104.492188	-61.852329
4105.468750	-62.381611
4106.445312	-63.679199
4107.421875	-63.175468
4108.398438	-61.552048
4109.375000	-62.480103
4110.351562	-62.077171
4111.328125	-62.928272
4112.304688	-62.294373
4113.281250	-65.977829
4114.257812	-63.564888
4115.234375	-63.445213
4116.210938	-62.195053
4117.187500	-65.136635
4118.164062	-62.527023
4119.140625	-63.984901
4120.117188	-64.709175
4121.093750	-64.038582
4122.070312	-63.872196
4123.046875	-63.268990
4124.023438	-64.677917
4125.000000	-63.350555
4125.976562	-63.146381
4126.953125	-62.731510
4127.929688	-62.924446
4128.906250	-62.640030
4129.882812	-65.001450
4130.859375	-64.384819
4131.835938	-64.355476
4132.812500	-65.853333
4133.789062	-64.480919
4134.765625	-63.824898
4135.742188	-62.589729
4136.718750	-63.637711
4137.695312	-63.751137
4138.671875	-62.941128
4139.648438	-64.675316
4140.625000	-65.155479
4141.601562	-64.038246
4142.578125	-64.894302
4143.554688	-64.156219
4144.531250	-64.190674
4145.507812	-63.729534
4146.484375	-64.556145
4147.460938	-64.432938
4148.437500	-62.820530
4149.414062	-64.238495
4150.390625	-64.427521
4151.367188	-66.183281
4152.343750	-64.192337
4153.320312	-65.431824
4154.296875	-65.167503
4155.273438	-65.164970
4156.250000	-64.856598
4157.226562	-64.942215
4158.203125	-63.973541
4159.179688	-65.092804
4160.156250	-65.379753
4161.132812	-64.949875
4162.109375	-64.195396
4163.085938	-64.821205
4164.062500	-62.518356
4165.039062	-64.861069
4166.015625	-63.919277
4166.992188	-64.614647
4167.968750	-64.826912
4168.945312	-65.880707
4169.921875	-63.654953
4170.898438	-63.942905
4171.875000	-65.443161
4172.851562	-64.499290
4173.828125	-64.327080
4174.804688	-63.309032
4175.781250	-63.508221
4176.757812	-64.650566
4177.734375	-64.400055
4178.710938	-64.288559
4179.687500	-63.491737
4180.664062	-63.419643
4181.640625	-63.587173
4182.617188	-64.360741
4183.593750	-64.624557
4184.570312	-63.943661
4185.546875	-64.764130
4186.523438	-64.057892
4187.500000	-63.988819
4188.476562	-63.212399
4189.453125	-63.409992
4190.429688	-63.516861
4191.406250	-63.529430
4192.382812	-64.905243
4193.359375	-63.954632
4194.335938	-63.027264
4195.312500	-63.277378
4196.289062	-62.953098
4197.265625	-63.363796
4198.242188	-62.894112
4199.218750	-61.964741
4200.195312	-62.873486
4201.171875	-63.548859
4202.148438	-62.842022
4203.125000	-64.086510
4204.101562	-64.140007
4205.078125	-62.774609
4206.054688	-62.572819
4207.031250	-63.619865
4208.007812	-62.511143
4208.984375	-62.647186
4209.960938	-63.763000
4210.937500	-62.906723
4211.914062	-63.482502
4212.890625	-64.269814
4213.867188	-62.549561
4214.843750	-60.785168
4215.820312	-62.331184
4216.796875	-62.661911
4217.773438	-62.776230
4218.750000	-62.573761
4219.726562	-62.033470
4220.703125	-62.318451
4221.679688	-61.580715
4222.656250	-63.496407
4223.632812	-62.898754
4224.609375	-61.683033
4225.585938	-63.615837
4226.562500	-62.418987
4227.539062	-61.726105
4228.515625	-60.459000
4229.492188	-62.064255
4230.468750	-60.889042
4231.445312	-61.153206
4232.421875	-61.599606
4233.398438	-60.513233
4234.375000	-60.535717
4235.351562	-60.979530
4236.328125	-61.314018
4237.304688	-61.702404
4238.281250	-60.666523
4239.257812	-60.270046
4240.234375	-60.049911
4241.210938	-63.088127
4242.187500	-60.729664
4243.164062	-60.334602
4244.140625	-61.203728
4245.117188	-60.783291
4246.093750	-59.611813
4247.070312	-59.435505
4248.046875	-59.225235
4249.023438	-59.719700
4250.000000	-58.729843
4250.976562	-58.171139
4251.953125	-59.308388
4252.929688	-58.930454
4253.906250	-59.090168
4254.882812	-58.410332
4255.859375	-59.730789
4256.835938	-58.513706
4257.812500	-57.329712
4258.789062	-59.324501
4259.765625	-57.808571
4260.742188	-58.071129
4261.718750	-57.975758
4262.695312	-57.887714
4263.671875	-58.246304
4264.648438	-56.476612
4265.625000	-57.814991
4266.601562	-56.927502
4267.578125	-56.763004
4268.554688	-56.324532
4269.531250	-55.508221
4270.507812	-56.085564
4271.484375	-56.383595
4272.460938	-56.410450
4273.437500	-56.350639
4274.414062	-55.270515
4275.390625	-56.329811
4276.367188	-55.956608
4277.343750	-56.021942
4278.320312	-56.444611
4279.296875	-55.603100
4280.273438	-54.865429
4281.250000	-54.423939
4282.226562	-55.065964
4283.203125	-55.643364
4284.179688	-54.386845
4285.156250	-54.875851
4286.132812	-53.410168
4287.109375	-52.954571
4288.085938	-53.582325
4289.062500	-51.867653
4290.039062	-53.186115
4291.015625	-53.297829
4291.992188	-52.819683
4292.968750	-51.109226
4293.945312	-52.258865
4294.921875	-52.330395
4295.898438	-52.394814
4296.875000	-52.261539
4297.851562	-51.503784
4298.828125	-51.960583
4299.804688	-51.449615
4300.781250	-51.886929
4301.757812	-52.181049
4302.734375	-51.424316
4303.710938	-52.165638
4304.687500	-52.668530
4305.664062	-52.030838
4306.640625	-52.190372
4307.617188	-52.034145
4308.593750	-51.984142
4309.570312	-52.308235
4310.546875	-51.057610
4311.523438	-52.045246
4312.500000	-52.043816
4313.476562	-52.712654
4314.453125	-52.330967
4315.429688	-52.618870
4316.406250	-54.026035
4317.382812	-52.825909
4318.359375	-52.998779
4319.335938	-54.302517
4320.312500	-53.368645
4321.289062	-53.805603
4322.265625	-55.191319
4323.242188	-54.945431
4324.218750	-55.258018
4325.195312	-54.376900
4326.171875	-55.628593
4327.148438	-54.146450
4328.125000	-54.532898
4329.101562	-56.506924
4330.078125	-55.733936
4331.054688	-56.505936
4332.031250	-55.305592
4333.007812	-55.533161
4333.984375	-55.931545
4334.960938	-56.162914
4335.937500	-55.779541
4336.914062	-56.158142
4337.890625	-57.707760
4338.867188	-56.486332
4339.843750	-56.486885
4340.820312	-57.463230
4341.796875	-58.709755
4342.773438	-57.596832
4343.750000	-58.571095
4344.726562	-58.157360
4345.703125	-57.766747
4346.679688	-58.719635
4347.656250	-58.665718
4348.632812	-58.132458
4349.609375	-58.359173
4350.585938	-58.608345
4351.562500	-58.629002
4352.539062	-59.613186
4353.515625	-59.159771
4354.492188	-59.772381
4355.468750	-59.087471
4356.445312	-58.603069
4357.421875	-60.631050
4358.398438	-59.878368
4359.375000	-58.471874
4360.351562	-59.170910
4361.328125	-60.308426
4362.304688	-60.484215
4363.281250	-60.935741
4364.257812	-59.099644
4365.234375	-61.197105
4366.210938	-61.417183
4367.187500	-60.253056
4368.164062	-61.240963
4369.140625	-61.126431
4370.117188	-62.730816
4371.093750	-60.921211
4372.070312	-60.940418
4373.046875	-62.159008
4374.023438	-61.440220
4375.000000	-61.269199
4375.976562	-62.562843
4376.953125	-61.274097
4377.929688	-60.541725
4378.906250	-60.942547
4379.882812	-61.074356
4380.859375	-61.524258
4381.835938	-61.223236
4382.812500	-61.228348
4383.789062	-63.345669
4384.765625	-62.374588
4385.742188	-61.871731
4386.718750	-61.391525
4387.695312	-62.779377
4388.671875	-62.146954
4389.648438	-63.317356
4390.625000	-62.546871
4391.601562	-61.469280
4392.578125	-62.756641
4393.554688	-63.533260
4394.531250	-62.604115
4395.507812	-62.770248
4396.484375	-63.633747
4397.460938	-62.605431
4398.437500	-61.935104
4399.414062	-62.746529
4400.390625	-63.238663
4401.367188	-62.280689
4402.343750	-63.769558
4403.320312	-63.147289
4404.296875	-63.154171
4405.273438	-62.422474
4406.250000	-63.651039
4407.226562	-62.351089
4408.203125	-63.506390
4409.179688	-63.324299
4410.156250	-62.999546
4411.132812	-62.505802
4412.109375	-64.362625
4413.085938	-63.445129
4414.062500	-63.252033
4415.039062	-64.199448
4416.015625	-63.808903
4416.992188	-63.418789
4417.968750	-63.472691
4418.945312	-63.556061
4419.921875	-63.436836
4420.898438	-64.560516
4421.875000	-64.163986
4422.851562	-63.640385
4423.828125	-64.411850
4424.804688	-64.149559
4425.781250	-63.168545
4426.757812	-62.420738
4427.734375	-64.625816
4428.710938	-64.147842
4429.687500	-62.564526
4430.664062	-64.835121
4431.640625	-64.154907
4432.617188	-63.281662
4433.593750	-64.201424
4434.570312	-62.629711
4435.546875	-63.522049
4436.523438	-64.784210
4437.500000	-65.031349
4438.476562	-63.754982
4439.453125	-63.511578
4440.429688	-64.234596
4441.406250	-64.300194
4442.382812	-62.844528
4443.359375	-62.957920
4444.335938	-63.460850
4445.312500	-63.245438
4446.289062	-63.159069
4447.265625	-65.323265
4448.242188	-64.722885
4449.218750	-63.426186
4450.195312	-63.127281
4451.171875	-63.773342
4452.148438	-63.752682
4453.125000	-64.469231
4454.101562	-64.289307
4455.078125	-65.108017
4456.054688	-64.700386
4457.031250	-62.877842
4458.007812	-63.381107
4458.984375	-63.692413
4459.960938	-64.073952
4460.937500	-63.935802
4461.914062	-63.363407
4462.890625	-63.386425
4463.867188	-62.592770
4464.843750	-64.613197
4465.820312	-64.277794
4466.796875	-64.608467
4467.773438	-63.895370
4468.750000	-63.260498
4469.726562	-64.419960
4470.703125	-64.005951
4471.679688	-62.985420
4472.656250	-64.629303
4473.632812	-63.479404
4474.609375	-62.482838
4475.585938	-63.012199
4476.562500	-63.417671
4477.539062	-62.857735
4478.515625	-63.290844
4479.492188	-64.112000
4480.468750	-63.128620
4481.445312	-62.374969
4482.421875	-64.002708
4483.398438	-63.263981
4484.375000	-63.490967
4485.351562	-62.416931
4486.328125	-62.813328
4487.304688	-64.520676
4488.281250	-63.475334
4489.257812	-62.509602
4490.234375	-62.285824
4491.210938	-63.679413
4492.187500	-63.543507
4493.164062	-63.768318
4494.140625	-62.628681
4495.117188	-63.034321
4496.093750	-64.421127
4497.070312	-64.087425
4498.046875	-62.680214
4499.023438	-62.806324
4500.000000	-62.734192
4500.976562	-61.570545
4501.953125	-62.288509
4502.929688	-60.801407
4503.906250	-61.856972
4504.882812	-63.283630
4505.859375	-61.514183
4506.835938	-62.012241
4507.812500	-61.282234
4508.789062	-62.401695
4509.765625	-63.042305
4510.742188	-61.728600
4511.718750	-62.028183
4512.695312	-62.375698
4513.671875	-61.921379
4514.648438	-61.882931
4515.625000	-62.285538
4516.601562	-60.876419
4517.578125	-61.394703
4518.554688	-62.918854
4519.531250	-61.242619
4520.507812	-60.681194
4521.484375	-61.028130
4522.460938	-59.914371
4523.437500	-59.769394
4524.414062	-59.316402
4525.390625	-60.742580
4526.367188	-59.281139
4527.343750	-60.172531
4528.320312	-60.792633
4529.296875	-59.895649
4530.273438	-61.356480
4531.250000	-59.386234
4532.226562	-59.169418
4533.203125	-59.229992
4534.179688	-59.929199
4535.156250	-57.954792
4536.132812	-60.231903
4537.109375	-58.731590
4538.085938	-59.608837
4539.062500	-59.338676
4540.039062	-57.306644
4541.015625	-57.733864
4541.992188	-57.860485
4542.968750	-59.011971
4543.945312	-57.044704
4544.921875	-57.401627
4545.898438	-57.146469
4546.875000	-57.769924
4547.851562	-57.280952
4548.828125	-57.594425
4549.804688	-56.281601
4550.781250	-55.842777
4551.757812	-57.166950
4552.734375	-56.018295
4553.710938	-55.906948
4554.687500	-56.858360
4555.664062	-57.306179
4556.640625	-57.564606
4557.617188	-54.281788
4558.593750	-56.383289
4559.570312	-54.572441
4560.546875	-54.949413
4561.523438	-55.326099
4562.500000	-55.527584
4563.476562	-55.444878
4564.453125	-55.466911
4565.429688	-53.950191
4566.406250	-53.857895
4567.382812	-54.811455
4568.359375	-55.654949
4569.335938	-54.067619
4570.312500	-53.737999
4571.289062	-54.121059
4572.265625	-52.506763
4573.242188	-53.225899
4574.218750	-54.140999
4575.195312	-53.668430
4576.171875	-52.195599
4577.148438	-52.540176
4578.125000	-54.242859
4579.101562	-52.739689
4580.078125	-51.480148
4581.054688	-52.045033
4582.031250	-53.832451
4583.007812	-51.625385
4583.984375	-53.392262
4584.960938	-52.438969
4585.937500	-51.824368
4586.914062	-52.837345
4587.890625	-52.401253
4588.867188	-52.006409
4589.843750	-52.385960
4590.820312	-52.531109
4591.796875	-53.055321
4592.773438	-52.300148
4593.750000	-52.229145
4594.726562	-53.208530
4595.703125	-51.892799
4596.679688	-54.085899
4597.656250	-51.825504
4598.632812	-52.221802
4599.609375	-52.278702
4600.585938	-52.440075
4601.562500	-53.300343
4602.539062	-53.743866
4603.515625	-53.975082
4604.492188	-54.405891
4605.468750	-55.065742
4606.445312	-54.027046
4607.421875	-52.927891
4608.398438	-55.156712
4609.375000	-55.493961
4610.351562	-54.982754
4611.328125	-55.283619
4612.304688	-55.769276
4613.281250	-55.479633
4614.257812	-56.293179
4615.234375	-55.885918
4616.210938	-55.040909
4617.187500	-55.674873
4618.164062	-56.587383
4619.140625	-55.258614
4620.117188	-56.396782
4621.093750	-58.729603
4622.070312	-56.860813
4623.046875	-56.788723
4624.023438	-57.719879
4625.000000	-57.595646
4625.976562	-57.028347
4626.953125	-56.545017
4627.929688	-58.209496
4628.906250	-56.937958
4629.882812	-57.106388
4630.859375	-58.850052
4631.835938	-59.688393
4632.812500	-58.686996
4633.789062	-58.651234
4634.765625	-58.712898
4635.742188	-58.627453
4636.718750	-59.505806
4637.695312	-58.494724
4638.671875	-58.825417
4639.648438	-59.050598
4640.625000	-59.767281
4641.601562	-60.547676
4642.578125	-60.413879
4643.554688	-59.399708
4644.531250	-58.647541
4645.507812	-59.660507
4646.484375	-60.451191
4647.460938	-59.213200
4648.437500	-60.008904
4649.414062	-59.915600
4650.390625	-59.523632
4651.367188	-60.320736
4652.343750	-59.914314
4653.320312	-61.255680
4654.296875	-61.660034
4655.273438	-62.655079
4656.250000	-61.889927
4657.226562	-61.164284
4658.203125	-60.446892
4659.179688	-61.708054
4660.156250	-61.130451
4661.132812	-60.270077
4662.109375	-62.308773
4663.085938	-61.889305
4664.062500	-62.065823
4665.039062	-61.169098
4666.015625	-62.937859
4666.992188	-62.590694
4667.968750	-60.247406
4668.945312	-61.473705
4669.921875	-62.547371
4670.898438	-62.723167
4671.875000	-62.440109
4672.851562	-63.422405
4673.828125	-63.733086
4674.804688	-61.891975
4675.781250	-62.360287
4676.757812	-62.613262
4677.734375	-63.224922
4678.710938	-63.680622
4679.687500	-62.622803
4680.664062	-61.702732
4681.640625	-63.324753
4682.617188	-62.730675
4683.593750	-62.549263
4684.570312	-64.040703
4685.546875	-63.403324
4686.523438	-63.066013
4687.500000	-63.913315
4688.476562	-63.748386
4689.453125	-64.415398
4690.429688	-63.401096
4691.406250	-63.249733
4692.382812	-63.901600
4693.359375	-62.735962
4694.335938	-63.969574
4695.312500	-64.507088
4696.289062	-64.248428
4697.265625	-63.741898
4698.242188	-63.062622
4699.218750	-63.766674
4700.195312	-64.259163
4701.171875	-64.155357
4702.148438	-61.858246
4703.125000	-63.837929
4704.101562	-63.596100
4705.078125	-63.731228
4706.054688	-64.638260
4707.031250	-63.683506
4708.007812	-63.406250
4708.984375	-64.349640
4709.960938	-63.354122
4710.937500	-62.810524
4711.914062	-63.461868
4712.890625	-63.450481
4713.867188	-65.518013
4714.843750	-63.868889
4715.820312	-64.556091
4716.796875	-64.585533
4717.773438	-64.271584
4718.750000	-64.162827
4719.726562	-63.131683
4720.703125	-64.397469
4721.679688	-63.507053
4722.656250	-63.151764
4723.632812	-64.354248
4724.609375	-64.308952
4725.585938	-64.359764
4726.562500	-64.971054
4727.539062	-62.955021
4728.515625	-64.355675
4729.492188	-64.132515
4730.468750	-63.979832
4731.445312	-63.954861
4732.421875	-63.311470
4733.398438	-64.167702
4734.375000	-64.319901
4735.351562	-64.400658
4736.328125	-63.422062
4737.304688	-63.748787
4738.281250	-63.241581
4739.257812	-63.213322
4740.234375	-63.446564
4741.210938	-63.922703
4742.187500	-64.202042
4743.164062	-64.933632
4744.140625	-63.569859
4745.117188	-63.128284
4746.093750	-63.289616
4747.070312	-65.124649
4748.046875	-64.003410
4749.023438	-65.085632
4750.000000	-65.012856
4750.976562	-63.216991
4751.953125	-63.548096
4752.929688	-64.990807
4753.906250	-64.502762
4754.882812	-64.372833
4755.859375	-62.866631
4756.835938	-64.033867
4757.812500	-63.495796
4758.789062	-63.868755
4759.765625	-63.202057
4760.742188	-63.437435
4761.718750	-63.393108
4762.695312	-64.091110
4763.671875	-63.250851
4764.648438	-64.324898
4765.625000	-62.750137
4766.601562	-63.574017
4767.578125	-63.632710
4768.554688	-64.006714
4769.531250	-63.588890
4770.507812	-63.123337
4771.484375	-63.245949
4772.460938	-63.560364
4773.437500	-64.622406
4774.414062	-64.369499
4775.390625	-63.522346
4776.367188	-63.217751
4777.343750	-64.001869
4778.320312	-62.352318
4779.296875	-63.209877
4780.273438	-63.255917
4781.250000	-62.799438
4782.226562	-63.853050
4783.203125	-63.028130
4784.179688	-63.037796
4785.156250	-63.631359
4786.132812	-62.825920
4787.109375	-62.788960
4788.085938	-62.773655
4789.062500	-63.630310
4790.039062	-62.138844
4791.015625	-62.692329
4791.992188	-63.066608
4792.968750	-62.761707
4793.945312	-62.116982
4794.921875	-62.325741
4795.898438	-61.234047
4796.875000	-61.740318
4797.851562	-61.063602
4798.828125	-60.755608
4799.804688	-62.829651
4800.781250	-61.666199
4801.757812	-60.975330
4802.734375	-62.310879
4803.710938	-61.857197
4804.687500	-62.302292
4805.664062	-62.649532
4806.640625	-62.499760
4807.617188	-61.209610
4808.593750	-61.987797
4809.570312	-61.672989
4810.546875	-61.365128
4811.523438	-61.798885
4812.500000	-61.093285
4813.476562	-60.510239
4814.453125	-62.491898
4815.429688	-60.618927
4816.406250	-59.396030
4817.382812	-60.826176
4818.359375	-62.120014
4819.335938	-59.991482
4820.312500	-59.507362
4821.289062	-58.106144
4822.265625	-59.117039
4823.242188	-57.953175
4824.218750	-57.935749
4825.195312	-58.675610
4826.171875	-60.040695
4827.148438	-58.019001
4828.125000	-59.504723
4829.101562	-57.571510
4830.078125	-57.056652
4831.054688	-59.496975
4832.031250	-58.914238
4833.007812	-57.323471
4833.984375	-58.238602
4834.960938	-58.239082
4835.937500	-56.824284
4836.914062	-57.681358
4837.890625	-57.216034
4838.867188	-57.515888
4839.843750	-56.739464
4840.820312	-56.286079
4841.796875	-57.260601
4842.773438	-57.923286
4843.750000	-56.324120
4844.726562	-55.634308
4845.703125	-58.080189
4846.679688	-56.548744
4847.656250	-56.007072
4848.632812	-55.413666
4849.609375	-54.910244
4850.585938	-54.994709
4851.562500	-55.125240
4852.539062	-54.682209
4853.515625	-55.004078
4854.492188	-54.202576
4855.468750	-54.215958
4856.445312	-53.613121
4857.421875	-54.440388
4858.398438	-53.527321
4859.375000	-54.692329
4860.351562	-54.489201
4861.328125	-53.532928
4862.304688	-53.559052
4863.281250	-52.999325
4864.257812	-52.702591
4865.234375	-54.580059
4866.210938	-52.555347
4867.187500	-51.505924
4868.164062	-52.678967
4869.140625	-52.823277
4870.117188	-53.044643
4871.093750	-52.944912
4872.070312	-51.490093
4873.046875	-52.407703
4874.023438	-53.376015
4875.000000	-52.005798
4875.976562	-52.525764
4876.953125	-52.179310
4877.929688	-53.124138
4878.906250	-52.118629
4879.882812	-54.758316
4880.859375	-52.272667
4881.835938	-52.861095
4882.812500	-53.582787
4883.789062	-54.759666
4884.765625	-55.494282
4885.742188	-53.041733
4886.718750	-54.135048
4887.695312	-54.179646
4888.671875	-53.929829
4889.648438	-54.844185
4890.625000	-54.543560
4891.601562	-54.533150
4892.578125	-55.598198
4893.554688	-55.171833
4894.531250	-55.136978
4895.507812	-56.257385
4896.484375	-56.576519
4897.460938	-55.814644
4898.437500	-56.048149
4899.414062	-56.752441
4900.390625	-55.621754
4901.367188	-56.040226
4902.343750	-56.329903
4903.320312	-58.155510
4904.296875	-58.599262
4905.273438	-57.406609
4906.250000	-57.118484
4907.226562	-58.033512
4908.203125	-57.475018
4909.179688	-57.800373
4910.156250	-58.187527
4911.132812	-59.234726
4912.109375	-57.607319
4913.085938	-58.298508
4914.062500	-59.108322
4915.039062	-59.332764
4916.015625	-59.105709
4916.992188	-58.348911
4917.968750	-59.600761
4918.945312	-58.724686
4919.921875	-58.693951
4920.898438	-60.629452
4921.875000	-60.601433
4922.851562	-58.970798
4923.828125	-60.387932
4924.804688	-60.082630
4925.781250	-60.713791
4926.757812	-60.044159
4927.734375	-58.681805
4928.710938	-61.417820
4929.687500	-59.874023
4930.664062	-60.717274
4931.640625	-60.947021
4932.617188	-60.942356
4933.593750	-60.177620
4934.570312	-61.650627
4935.546875	-62.839489
4936.523438	-61.212185
4937.500000	-60.594101
4938.476562	-61.714249
4939.453125	-62.646683
4940.429688	-61.510471
4941.406250	-61.930534
4942.382812	-61.854801
4943.359375	-62.623695
4944.335938	-62.703880
4945.312500	-63.537407
4946.289062	-62.014393
4947.265625	-61.636116
4948.242188	-61.953377
4949.218750	-62.854004
4950.195312	-62.497017
4951.171875	-62.359333
4952.148438	-63.576618
4953.125000	-62.641758
4954.101562	-62.096752
4955.078125	-62.019390
4956.054688	-62.823872
4957.031250	-63.674675
4958.007812	-63.616074
4958.984375	-63.744095
4959.960938	-62.297401
4960.937500	-63.017120
4961.914062	-62.998669
4962.890625	-63.315689
4963.867188	-63.643353
4964.843750	-62.974003
4965.820312	-63.116913
4966.796875	-63.101910
4967.773438	-63.946354
4968.750000	-64.325104
4969.726562	-64.101418
4970.703125	-64.099548
4971.679688	-64.246788
4972.656250	-62.850609
4973.632812	-63.496346
4974.609375	-64.462036
4975.585938	-63.345966
4976.562500	-65.034157
4977.539062	-65.000587
4978.515625	-63.181557
4979.492188	-63.505150
4980.468750	-63.665367
4981.445312	-63.804955
4982.421875	-65.021957
4983.398438	-64.896431
4984.375000	-63.472012
4985.351562	-65.008377
4986.328125	-64.724762
4987.304688	-65.008568
4988.281250	-64.195625
4989.257812	-64.121887
4990.234375	-65.641220
4991.210938	-66.023003
4992.187500	-65.496414
4993.164062	-64.221138
4994.140625	-65.328094
4995.117188	-65.325829
4996.093750	-64.738609
4997.070312	-64.883476
4998.046875	-63.650711
4999.023438	-64.789032
5000.000000	-64.255653
5000.976562	-65.098572
5001.953125	-64.950516
5002.929688	-63.792873
5003.906250	-65.680649
5004.882812	-65.266357
5005.859375	-64.167580
5006.835938	-64.538696
5007.812500	-64.858070
5008.789062	-63.778522
5009.765625	-64.252319
5010.742188	-65.318016
5011.718750	-65.247940
5012.695312	-64.753281
5013.671875	-65.568344
5014.648438	-65.483429
5015.625000	-66.318108
5016.601562	-66.123909
5017.578125	-64.412804
5018.554688	-65.144417
5019.531250	-63.842854
5020.507812	-64.848145
5021.484375	-64.206421
5022.460938	-64.860405
5023.437500	-65.103119
5024.414062	-63.887203
5025.390625	-64.683685
5026.367188	-64.233307
5027.343750	-64.446594
5028.320312	-64.320404
5029.296875	-63.297546
5030.273438	-65.392754
5031.250000	-64.334061
5032.226562	-64.821609
5033.203125	-65.271194
5034.179688	-64.078873
5035.156250	-65.476479
5036.132812	-63.834354
5037.109375	-64.163559
5038.085938	-64.455147
5039.062500	-66.172974
5040.039062	-65.973106
5041.015625	-65.097237
5041.992188	-65.392357
5042.968750	-63.908997
5043.945312	-64.814880
5044.921875	-64.036339
5045.898438	-64.066116
5046.875000	-63.593983
5047.851562	-64.291176
5048.828125	-63.643173
5049.804688	-63.499989
5050.781250	-64.123756
5051.757812	-64.708122
5052.734375	-64.058929
5053.710938	-63.746998
5054.687500	-63.808826
5055.664062	-63.817276
5056.640625	-63.152119
5057.617188	-63.595833
5058.593750	-64.737480
5059.570312	-63.012192
5060.546875	-63.817127
5061.523438	-63.994198
5062.500000	-63.651928
5063.476562	-63.903801
5064.453125	-64.690186
5065.429688	-64.727013
5066.406250	-63.668636
5067.382812	-63.681805
5068.359375	-62.365181
5069.335938	-62.907581
5070.312500	-62.417282
5071.289062	-61.674511
5072.265625	-63.285431
5073.242188	-63.431396
5074.218750	-62.200386
5075.195312	-63.895313
5076.171875	-62.624702
5077.148438	-61.496143
5078.125000	-62.731640
5079.101562	-61.791538
5080.078125	-62.290508
5081.054688	-61.691219
5082.031250	-63.228176
5083.007812	-62.888424
5083.984375	-62.220379
5084.960938	-62.878334
5085.937500	-62.185047
5086.914062	-61.580173
5087.890625	-61.818977
5088.867188	-61.586731
5089.843750	-60.908272
5090.820312	-61.495502
5091.796875	-61.360313
5092.773438	-61.808628
5093.750000	-61.907974
5094.726562	-61.338379
5095.703125	-61.908958
5096.679688	-61.235992
5097.656250	-60.190693
5098.632812	-60.525238
5099.609375	-60.682018
5100.585938	-60.236835
5101.562500	-60.204563
5102.539062	-60.359734
5103.515625	-60.057945
5104.492188	-60.541817
5105.468750	-60.472977
5106.445312	-60.136044
5107.421875	-59.548782
5108.398438	-59.624531
5109.375000	-59.633160
5110.351562	-57.768799
5111.328125	-58.424828
5112.304688	-59.161430
5113.281250	-58.757397
5114.257812	-58.657413
5115.234375	-58.789715
5116.210938	-58.461521
5117.187500	-58.141026
5118.164062	-57.785759
5119.140625	-56.632759
5120.117188	-56.352772
5121.093750	-56.784977
5122.070312	-56.895718
5123.046875	-57.301971
5124.023438	-56.958298
5125.000000	-56.395802
5125.976562	-55.919693
5126.953125	-56.091663
5127.929688	-55.928898
5128.906250	-55.601814
5129.882812	-55.333824
5130.859375	-55.378036
5131.835938	-55.975796
5132.812500	-54.161606
5133.789062	-56.092716
5134.765625	-55.839615
5135.742188	-54.596996
5136.718750	-54.805378
5137.695312	-54.775620
5138.671875	-54.003078
5139.648438	-53.096123
5140.625000	-54.311172
5141.601562	-54.789753
5142.578125	-54.944588
5143.554688	-53.100388
5144.531250	-53.103119
5145.507812	-53.080421
5146.484375	-52.620892
5147.460938	-52.702618
5148.437500	-53.514866
5149.414062	-52.753513
5150.390625	-53.373447
5151.367188	-52.363617
5152.343750	-52.261818
5153.320312	-51.873791
5154.296875	-52.830711
5155.273438	-52.208618
5156.250000	-53.644535
5157.226562	-51.455563
5158.203125	-52.698353
5159.179688	-52.758053
5160.156250	-52.941261
5161.132812	-52.495243
5162.109375	-51.278152
5163.085938	-52.780445
5164.062500	-53.129353
5165.039062	-52.218300
5166.015625	-52.998341
5166.992188	-52.294689
5167.968750	-54.315510
5168.945312	-52.851799
5169.921875	-53.049698
5170.898438	-53.907974
5171.875000	-54.077316
5172.851562	-53.121368
5173.828125	-54.592655
5174.804688	-54.333775
5175.781250	-54.085419
5176.757812	-54.430355
5177.734375	-55.791477
5178.710938	-57.505394
5179.687500	-56.181778
5180.664062	-56.125137
5181.640625	-56.275246
5182.617188	-55.334408
5183.593750	-56.465805
5184.570312	-55.654594
5185.546875	-56.185234
5186.523438	-55.236874
5187.500000	-57.038364
5188.476562	-56.276016
5189.453125	-56.795830
5190.429688	-57.635647
5191.406250	-57.742817
5192.382812	-58.072414
5193.359375	-57.638371
5194.335938	-59.108383
5195.312500	-58.210648
5196.289062	-57.788231
5197.265625	-58.249630
5198.242188	-58.564224
5199.218750	-58.425667
5200.195312	-57.905903
5201.171875	-59.020882
5202.148438	-59.062115
5203.125000	-58.770004
5204.101562	-59.264236
5205.078125	-58.910252
5206.054688	-60.790405
5207.031250	-59.273544
5208.007812	-59.806034
5208.984375	-59.534111
5209.960938	-59.300232
5210.937500	-58.649754
5211.914062	-59.579769
5212.890625	-60.912884
5213.867188	-59.531643
5214.843750	-60.498207
5215.820312	-60.617863
5216.796875	-60.284279
5217.773438	-60.897820
5218.750000	-60.524208
5219.726562	-60.212746
5220.703125	-60.630630
5221.679688	-62.495838
5222.656250	-61.672375
5223.632812	-62.428551
5224.609375	-60.698841
5225.585938	-61.999664
5226.562500	-61.621895
5227.539062	-62.392933
5228.515625	-61.635838
5229.492188	-62.307663
5230.468750	-63.446186
5231.445312	-61.713875
5232.421875	-62.888611
5233.398438	-63.927422
5234.375000	-62.497509
5235.351562	-61.418980
5236.328125	-62.836109
5237.304688	-62.043884
5238.281250	-61.060482
5239.257812	-62.490837
5240.234375	-61.802059
5241.210938	-61.483345
5242.187500	-63.337826
5243.164062	-63.353043
5244.140625	-62.387928
5245.117188	-63.449207
5246.093750	-62.319977
5247.070312	-63.117733
5248.046875	-62.866177
5249.023438	-63.348457
5250.000000	-62.309856
5250.976562	-63.643024
5251.953125	-63.014950
5252.929688	-62.623234
5253.906250	-63.871464
5254.882812	-63.028950
5255.859375	-62.308407
5256.835938	-63.746460
5257.812500	-62.945545
5258.789062	-63.614124
5259.765625	-63.452381
5260.742188	-63.149605
5261.718750	-63.829483
5262.695312	-63.045670
5263.671875	-62.763874
5264.648438	-64.925652
5265.625000	-63.210838
5266.601562	-63.875759
5267.578125	-64.135139
5268.554688	-64.525658
5269.531250	-63.864899
5270.507812	-63.995590
5271.484375	-64.859383
5272.460938	-64.068748
5273.437500	-63.130955
5274.414062	-64.124283
5275.390625	-62.822807
5276.367188	-63.230694
5277.343750	-63.185722
5278.320312	-63.515633
5279.296875	-65.419403
5280.273438	-64.619011
5281.250000	-64.138023
5282.226562	-63.117481
5283.203125	-65.301041
5284.179688	-64.267014
5285.156250	-62.843079
5286.132812	-63.078667
5287.109375	-65.441055
5288.085938	-64.233009
5289.062500	-64.165092
5290.039062	-64.758972
5291.015625	-64.775734
5291.992188	-64.701805
5292.968750	-63.653881
5293.945312	-63.443520
5294.921875	-64.579231
5295.898438	-65.000504
5296.875000	-64.984772
5297.851562	-65.811333
5298.828125	-65.342026
5299.804688	-64.372856
5300.781250	-64.423798
5301.757812	-64.616699
5302.734375	-64.868134
5303.710938	-63.222942
5304.687500	-64.866554
5305.664062	-65.083717
5306.640625	-64.485878
5307.617188	-63.692360
5308.593750	-62.726006
5309.570312	-64.320976
5310.546875	-63.845154
5311.523438	-65.216522
5312.500000	-64.778427
5313.476562	-65.053719
5314.453125	-64.085091
5315.429688	-64.228493
5316.406250	-64.769875
5317.382812	-65.164291
5318.359375	-65.763763
5319.335938	-63.713177
5320.312500	-64.072189
5321.289062	-64.176247
5322.265625	-64.956535
5323.242188	-64.660942
5324.218750	-65.422844
5325.195312	-63.317886
5326.171875	-64.236954
5327.148438	-64.343918
5328.125000	-63.249519
5329.101562	-62.944664
5330.078125	-63.675579
5331.054688	-64.935738
5332.031250	-64.128212
5333.007812	-61.677727
5333.984375	-63.020153
5334.960938	-64.511635
5335.937500	-64.227615
5336.914062	-63.570587
5337.890625	-64.017914
5338.867188	-63.767609
5339.843750	-64.288376
5340.820312	-64.408211
5341.796875	-63.495686
5342.773438	-65.007690
5343.750000	-64.534439
5344.726562	-63.562317
5345.703125	-64.183296
5346.679688	-63.451298
5347.656250	-62.746937
5348.632812	-63.349762
5349.609375	-62.956051
5350.585938	-63.490158
5351.562500	-63.448940
5352.539062	-63.325706
5353.515625	-62.122356
5354.492188	-63.592426
5355.468750	-62.407440
5356.445312	-63.637283
5357.421875	-62.756557
5358.398438	-61.636856
5359.375000	-63.236683
5360.351562	-62.081917
5361.328125	-62.039261
5362.304688	-61.935272
5363.281250	-61.835766
5364.257812	-62.141201
5365.234375	-62.627567
5366.210938	-62.312683
5367.187500	-61.968742
5368.164062	-62.207787
5369.140625	-61.233665
5370.117188	-60.551334
5371.093750	-62.430901
5372.070312	-62.814743
5373.046875	-61.914791
5374.023438	-60.764702
5375.000000	-63.154873
5375.976562	-61.131691
5376.953125	-61.226891
5377.929688	-60.041859
5378.906250	-61.451107
5379.882812	-61.158985
5380.859375	-61.162819
5381.835938	-60.331425
5382.812500	-60.077709
5383.789062	-60.303097
5384.765625	-59.323509
5385.742188	-60.170940
5386.718750	-59.562916
5387.695312	-59.786648
5388.671875	-59.784073
5389.648438	-60.175556
5390.625000	-59.484028
5391.601562	-59.777214
5392.578125	-59.102749
5393.554688	-57.946758
5394.531250	-59.678513
5395.507812	-57.437092
5396.484375	-57.204578
5397.460938	-59.292465
5398.437500	-58.689449
5399.414062	-57.935352
5400.390625	-57.968182
5401.367188	-59.216873
5402.343750	-57.241611
5403.320312	-57.941677
5404.296875	-57.875980
5405.273438	-57.226841
5406.250000	-57.881775
5407.226562	-57.813343
5408.203125	-57.472454
5409.179688	-57.081463
5410.156250	-57.231209
5411.132812	-57.588703
5412.109375	-56.265751
5413.085938	-57.146568
5414.062500	-56.243996
5415.039062	-55.585560
5416.015625	-54.706100
5416.992188	-55.329750
5417.968750	-53.876556
5418.945312	-54.455006
5419.921875	-55.248085
5420.898438	-54.403778
5421.875000	-53.760765
5422.851562	-55.034191
5423.828125	-54.198666
5424.804688	-54.396221
5425.781250	-53.455029
5426.757812	-52.414032
5427.734375	-52.795738
5428.710938	-53.001637
5429.687500	-53.115654
5430.664062	-53.707443
5431.640625	-52.600536
5432.617188	-52.994747
5433.593750	-53.726013
5434.570312	-53.887783
5435.546875	-54.003204
5436.523438	-53.749031
5437.500000	-54.437386
5438.476562	-52.684849
5439.453125	-53.253838
5440.429688	-52.309616
5441.406250	-54.360912
5442.382812	-52.492142
5443.359375	-52.749546
5444.335938	-53.861877
5445.312500	-54.433624
5446.289062	-53.491863
5447.265625	-53.616974
5448.242188	-52.949867
5449.218750	-55.033268
5450.195312	-53.626019
5451.171875	-54.173698
5452.148438	-55.244026
5453.125000	-54.081612
5454.101562	-53.041164
5455.078125	-54.624180
5456.054688	-54.540630
5457.031250	-53.742290
5458.007812	-55.190128
5458.984375	-54.713638
5459.960938	-55.546432
5460.937500	-55.665642
5461.914062	-56.472645
5462.890625	-56.576183
5463.867188	-55.840008
5464.843750	-57.136257
5465.820312	-57.341301
5466.796875	-57.782448
5467.773438	-56.358528
5468.750000	-57.636456
5469.726562	-56.665901
5470.703125	-57.439747
5471.679688	-56.776901
5472.656250	-58.417458
5473.632812	-57.488045
5474.609375	-57.388420
5475.585938	-58.567604
5476.562500	-58.474655
5477.539062	-58.344128
5478.515625	-58.197536
5479.492188	-58.648434
5480.468750	-58.787376
5481.445312	-58.304787
5482.421875	-58.988899
5483.398438	-58.040886
5484.375000	-60.337025
5485.351562	-58.905479
5486.328125	-59.765770
5487.304688	-59.084171
5488.281250	-60.073788
5489.257812	-59.536514
5490.234375	-59.858646
5491.210938	-60.285088
5492.187500	-60.670570
5493.164062	-60.925163
5494.140625	-62.350574
5495.117188	-61.519394
5496.093750	-60.093838
5497.070312	-60.173660
5498.046875	-61.003105
5499.023438	-60.704067
5500.000000	-60.922409
5500.976562	-62.727680
5501.953125	-62.788258
5502.929688	-60.659756
5503.906250	-60.709442
5504.882812	-61.923740
5505.859375	-62.973614
5506.835938	-62.387325
5507.812500	-61.645081
5508.789062	-61.375729
5509.765625	-63.980862
5510.742188	-63.062248
5511.718750	-61.778580
5512.695312	-62.793343
5513.671875	-62.051239
5514.648438	-63.353817
5515.625000	-63.534363
5516.601562	-62.528782
5517.578125	-62.925854
5518.554688	-62.944405
5519.531250	-63.407204
5520.507812	-62.776325
5521.484375	-63.507717
5522.460938	-63.281296
5523.437500	-63.502533
5524.414062	-62.954601
5525.390625	-63.433731
5526.367188	-64.249649
5527.343750	-63.664627
5528.320312	-63.411961
5529.296875	-63.537395
5530.273438	-63.386524
5531.250000	-63.621014
5532.226562	-65.029160
5533.203125	-64.399933
5534.179688	-62.803432
5535.156250	-64.436684
5536.132812	-63.347870
5537.109375	-64.625099
5538.085938	-64.937096
5539.062500	-64.236351
5540.039062	-63.711830
5541.015625	-64.669159
5541.992188	-64.422157
5542.968750	-64.265228
5543.945312	-65.249847
5544.921875	-63.677010
5545.898438	-63.286472
5546.875000	-64.584679
5547.851562	-64.722076
5548.828125	-64.829750
5549.804688	-65.851387
5550.781250	-64.747437
5551.757812	-64.276520
5552.734375	-63.609898
5553.710938	-64.671112
5554.687500	-65.468590
5555.664062	-65.340942
5556.640625	-64.030640
5557.617188	-65.018875
5558.593750	-64.325676
5559.570312	-65.258842
5560.546875	-65.109703
5561.523438	-65.169876
5562.500000	-66.150185
5563.476562	-65.807640
5564.453125	-66.081696
5565.429688	-64.695305
5566.406250	-65.368958
5567.382812	-65.835205
5568.359375	-65.330154
5569.335938	-64.841164
5570.312500	-66.233040
5571.289062	-67.368660
5572.265625	-65.389984
5573.242188	-64.031250
5574.218750	-64.531830
5575.195312	-64.213715
5576.171875	-65.637421
5577.148438	-64.403160
5578.125000	-66.123650
5579.101562	-65.591118
5580.078125	-66.741631
5581.054688	-64.838821
5582.031250	-64.246284
5583.007812	-65.677803
5583.984375	-66.194092
5584.960938	-65.786972
5585.937500	-64.689003
5586.914062	-64.649933
5587.890625	-64.899033
5588.867188	-65.833466
5589.843750	-65.685890
5590.820312	-64.617661
5591.796875	-65.666779
5592.773438	-64.501579
5593.750000	-64.452934
5594.726562	-65.754532
5595.703125	-64.321129
5596.679688	-63.533802
5597.656250	-65.822266
5598.632812	-65.095665
5599.609375	-64.796219
5600.585938	-66.243195
5601.562500	-66.243469
5602.539062	-64.334061
5603.515625	-65.061638
5604.492188	-64.542274
5605.468750	-64.749779
5606.445312	-64.762344
5607.421875	-64.909050
5608.398438	-64.626984
5609.375000	-63.576923
5610.351562	-64.178818
5611.328125	-64.381859
5612.304688	-64.218994
5613.281250	-63.260967
5614.257812	-63.431042
5615.234375	-65.656853
5616.210938	-64.422142
5617.187500	-63.817577
5618.164062	-62.723534
5619.140625	-64.383270
5620.117188	-64.985825
5621.093750	-64.184196
5622.070312	-64.342453
5623.046875	-64.841270
5624.023438	-64.822601
5625.000000	-64.443886
5625.976562	-63.720032
5626.953125	-64.691391
5627.929688	-64.728058
5628.906250	-63.595646
5629.882812	-63.724052
5630.859375	-65.762825
5631.835938	-65.557770
5632.812500	-63.796730
5633.789062	-62.686188
5634.765625	-64.983177
5635.742188	-65.026543
5636.718750	-63.338017
5637.695312	-65.000587
5638.671875	-65.043396
5639.648438	-63.860123
5640.625000	-63.902489
5641.601562	-63.930157
5642.578125	-63.570305
5643.554688	-62.240604
5644.531250	-64.190704
5645.507812	-62.996456
5646.484375	-62.294109
5647.460938	-64.296677
5648.437500	-62.406075
5649.414062	-63.659954
5650.390625	-61.676914
5651.367188	-62.504257
5652.343750	-62.401466
5653.320312	-62.515694
5654.296875	-62.924171
5655.273438	-63.249359
5656.250000	-62.743610
5657.226562	-62.590981
5658.203125	-63.412930
5659.179688	-61.775997
5660.156250	-62.923859
5661.132812	-62.540794
5662.109375	-62.553387
5663.085938	-62.414398
5664.062500	-62.537346
5665.039062	-61.993736
5666.015625	-61.099197
5666.992188	-62.940369
5667.968750	-61.672047
5668.945312	-60.208744
5669.921875	-62.200962
5670.898438	-60.789356
5671.875000	-59.677696
5672.851562	-62.218521
5673.828125	-60.904964
5674.804688	-60.511848
5675.781250	-59.297028
5676.757812	-59.971130
5677.734375	-60.323391
5678.710938	-61.484863
5679.687500	-59.790447
5680.664062	-59.834099
5681.640625	-59.331776
5682.617188	-61.137699
5683.593750	-58.358971
5684.570312	-59.307568
5685.546875	-58.134300
5686.523438	-58.296494
5687.500000	-59.006001
5688.476562	-58.811947
5689.453125	-58.897171
5690.429688	-58.259190
5691.406250	-57.968487
5692.382812	-58.997665
5693.359375	-57.070621
5694.335938	-57.584793
5695.312500	-58.371098
5696.289062	-57.727230
5697.265625	-57.231323
5698.242188	-58.421040
5699.218750	-57.813541
5700.195312	-56.471165
5701.171875	-56.541927
5702.148438	-58.292179
5703.125000	-58.059658
5704.101562	-55.970814
5705.078125	-55.438866
5706.054688	-56.266167
5707.031250	-57.671974
5708.007812	-56.274364
5708.984375	-56.822903
5709.960938	-56.079254
5710.937500	-56.273582
5711.914062	-57.148636
5712.890625	-55.920540
5713.867188	-55.053978
5714.843750	-56.099285
5715.820312	-54.591908
5716.796875	-55.491287
5717.773438	-55.671009
5718.750000	-55.201691
5719.726562	-56.019245
5720.703125	-55.648930
5721.679688	-55.250549
5722.656250	-54.439602
5723.632812	-54.699860
5724.609375	-54.723991
5725.585938	-54.583771
5726.562500	-55.812222
5727.539062	-54.787430
5728.515625	-54.690865
5729.492188	-54.581280
5730.468750	-54.641098
5731.445312	-54.821964
5732.421875	-54.128838
5733.398438	-55.393406
5734.375000	-56.453335
5735.351562	-55.789215
5736.328125	-55.888325
5737.304688	-55.214870
5738.281250	-55.768070
5739.257812	-55.914150
5740.234375	-57.198612
5741.210938	-56.764507
5742.187500	-56.700901
5743.164062	-56.340664
5744.140625	-56.253109
5745.117188	-56.232334
5746.093750	-57.159946
5747.070312	-57.217728
5748.046875	-56.793671
5749.023438	-57.203579
5750.000000	-56.750023
5750.976562	-57.713802
5751.953125	-57.732319
5752.929688	-57.635677
5753.906250	-59.546253
5754.882812	-58.530167
5755.859375	-58.458706
5756.835938	-57.829582
5757.812500	-58.816025
5758.789062	-59.354385
5759.765625	-59.490803
5760.742188	-60.526024
5761.718750	-60.712765
5762.695312	-59.205025
5763.671875	-59.985580
5764.648438	-60.617794
5765.625000	-59.744911
5766.601562	-59.960247
5767.578125	-59.550323
5768.554688	-58.714840
5769.531250	-61.373623
5770.507812	-60.798382
5771.484375	-60.803131
5772.460938	-61.384624
5773.437500	-60.649757
5774.414062	-60.449184
5775.390625	-61.030609
5776.367188	-61.128033
5777.343750	-61.395466
5778.320312	-64.582222
5779.296875	-61.190033
5780.273438	-61.281765
5781.250000	-60.750141
5782.226562	-61.525032
5783.203125	-62.693565
5784.179688	-62.783077
5785.156250	-62.549423
5786.132812	-61.174271
5787.109375	-61.978420
5788.085938	-61.779297
5789.062500	-61.928085
5790.039062	-61.606449
5791.015625	-63.500732
5791.992188	-63.967213
5792.968750	-63.367195
5793.945312	-62.329762
5794.921875	-63.776672
5795.898438	-63.945107
5796.875000	-62.825005
5797.851562	-63.171810
5798.828125	-62.695198
5799.804688	-64.060173
5800.781250	-63.103588
5801.757812	-63.754650
5802.734375	-63.082432
5803.710938	-63.107609
5804.687500	-63.337315
5805.664062	-65.050964
5806.640625	-64.694359
5807.617188	-64.322289
5808.593750	-63.532562
5809.570312	-63.834400
5810.546875	-66.030273
5811.523438	-62.801167
5812.500000	-64.543709
5813.476562	-65.911972
5814.453125	-65.910629
5815.429688	-64.955215
5816.406250	-63.495922
5817.382812	-64.736328
5818.359375	-64.819023
5819.335938	-65.227577
5820.312500	-64.164291
5821.289062	-64.781700
5822.265625	-65.395142
5823.242188	-65.052292
5824.218750	-66.043053
5825.195312	-66.290810
5826.171875	-64.679665
5827.148438	-66.355652
5828.125000	-65.601891
5829.101562	-65.203247
5830.078125	-65.029633
5831.054688	-65.872620
5832.031250	-63.978127
5833.007812	-65.201424
5833.984375	-67.412910
5834.960938	-66.902992
5835.937500	-64.337265
5836.914062	-66.032288
5837.890625	-65.043808
5838.867188	-65.665642
5839.843750	-66.943787
5840.820312	-66.992661
5841.796875	-65.768318
5842.773438	-65.861916
5843.750000	-66.153473
5844.726562	-66.645874
5845.703125	-67.843872
5846.679688	-65.466599
5847.656250	-66.328842
5848.632812	-65.370712
5849.609375	-65.799530
5850.585938	-67.894119
5851.562500	-66.092270
5852.539062	-65.867302
5853.515625	-66.154671
5854.492188	-66.505875
5855.468750	-67.540665
5856.445312	-65.814590
5857.421875	-66.518143
5858.398438	-65.988945
5859.375000	-67.197144
5860.351562	-66.769997
5861.328125	-67.658737
5862.304688	-67.375237
5863.281250	-65.328682
5864.257812	-65.581970
5865.234375	-66.182106
5866.210938	-65.981384
5867.187500	-67.486641
5868.164062	-66.244919
5869.140625	-66.550117
5870.117188	-66.480064
5871.093750	-67.587563
5872.070312	-64.797089
5873.046875	-65.538948
5874.023438	-66.362274
5875.000000	-67.420219
5875.976562	-68.352592
5876.953125	-65.423149
5877.929688	-68.313599
5878.906250	-66.437477
5879.882812	-65.433601
5880.859375	-66.661041
5881.835938	-67.112892
5882.812500	-65.358070
5883.789062	-66.312050
5884.765625	-67.096764
5885.742188	-65.219673
5886.718750	-66.224739
5887.695312	-66.948372
5888.671875	-65.479164
5889.648438	-66.006699
5890.625000	-67.029907
5891.601562	-65.957298
5892.578125	-65.634659
5893.554688	-65.747131
5894.531250	-65.352478
5895.507812	-65.325058
5896.484375	-66.260307
5897.460938	-65.754990
5898.437500	-65.641129
5899.414062	-65.533318
5900.390625	-65.707062
5901.367188	-67.111824
5902.343750	-64.353928
5903.320312	-65.916756
5904.296875	-66.173042
5905.273438	-66.058472
5906.250000	-65.221863
5907.226562	-65.123001
5908.203125	-66.152328
5909.179688	-65.966202
5910.156250	-64.967033
5911.132812	-67.080978
5912.109375	-65.028091
5913.085938	-64.865181
5914.062500	-63.759777
5915.039062	-64.216034
5916.015625	-64.450645
5916.992188	-64.623421
5917.968750	-65.351616
5918.945312	-65.396027
5919.921875	-64.149323
5920.898438	-65.492050
5921.875000	-64.786972
5922.851562	-66.317459
5923.828125	-65.789940
5924.804688	-63.329952
5925.781250	-65.663528
5926.757812	-64.005455
5927.734375	-64.730598
5928.710938	-66.193962
5929.687500	-64.225853
5930.664062	-64.731979
5931.640625	-64.479256
5932.617188	-63.705715
5933.593750	-63.768478
5934.570312	-63.224010
5935.546875	-62.914051
5936.523438	-64.242996
5937.500000	-63.816036
5938.476562	-64.538292
5939.453125	-63.130650
5940.429688	-64.147575
5941.406250	-64.539566
5942.382812	-64.229340
5943.359375	-63.272789
5944.335938	-62.998703
5945.312500	-63.930920
5946.289062	-62.693817
5947.265625	-62.407433
5948.242188	-63.184364
5949.218750	-63.143490
5950.195312	-63.309177
5951.171875	-62.596195
5952.148438	-62.047695
5953.125000	-63.158131
5954.101562	-63.147079
5955.078125	-62.797985
5956.054688	-63.053814
5957.031250	-62.542164
5958.007812	-61.446877
5958.984375	-62.267193
5959.960938	-62.934372
5960.937500	-62.843613
5961.914062	-62.206562
5962.890625	-61.244156
5963.867188	-62.160931
5964.843750	-60.994526
5965.820312	-61.307770
5966.796875	-60.618408
5967.773438	-61.270599
5968.750000	-60.609737
5969.726562	-60.236378
5970.703125	-61.608093
5971.679688	-60.642628
5972.656250	-60.356205
5973.632812	-60.292728
5974.609375	-60.575802
5975.585938	-60.620731
5976.562500	-59.571590
5977.539062	-59.647362
5978.515625	-60.972565
5979.492188	-59.954876
5980.468750	-59.894054
5981.445312	-58.568748
5982.421875	-58.983440
5983.398438	-59.432964
5984.375000	-58.597061
5985.351562	-61.120102
5986.328125	-58.838799
5987.304688	-57.888309
5988.281250	-60.029842
5989.257812	-59.438740
5990.234375	-59.035408
5991.210938	-57.339569
5992.187500	-58.196621
5993.164062	-57.702499
5994.140625	-58.375969
5995.117188	-58.353348
5996.093750	-58.596603
5997.070312	-57.773827
5998.046875	-58.314869
5999.023438	-57.701218
6000.000000	-58.036842
6000.976562	-58.183559
6001.953125	-57.077759
6002.929688	-57.895271
6003.906250	-56.879238
6004.882812	-57.192554
6005.859375	-59.064602
6006.835938	-58.005646
6007.812500	-58.247265
6008.789062	-57.256809
6009.765625	-58.125847
6010.742188	-57.684624
6011.718750	-57.240326
6012.695312	-57.473103
6013.671875	-57.823132
6014.648438	-57.520611
6015.625000	-57.414082
6016.601562	-58.109661
6017.578125	-59.483028
6018.554688	-58.135185
6019.531250	-57.308495
6020.507812	-58.922092
6021.484375	-59.324852
6022.460938	-58.463902
6023.437500	-59.104847
6024.414062	-59.235268
6025.390625	-58.874683
6026.367188	-59.015980
6027.343750	-58.432751
6028.320312	-58.122818
6029.296875	-59.100525
6030.273438	-58.077396
6031.250000	-58.614666
6032.226562	-58.940006
6033.203125	-60.196362
6034.179688	-59.523510
6035.156250	-59.541355
6036.132812	-60.117481
6037.109375	-58.907703
6038.085938	-58.916046
6039.062500	-61.162228
6040.039062	-60.016491
6041.015625	-59.878090
6041.992188	-60.598938
6042.968750	-59.745678
6043.945312	-62.265957
6044.921875	-60.892624
6045.898438	-61.420174
6046.875000	-62.806931
6047.851562	-61.563950
6048.828125	-62.477047
6049.804688	-62.269115
6050.781250	-63.071182
6051.757812	-62.016769
6052.734375	-63.188663
6053.710938	-62.178658
6054.687500	-62.906612
6055.664062	-63.267345
6056.640625	-63.329502
6057.617188	-62.911392
6058.593750	-62.234577
6059.570312	-62.716175
6060.546875	-63.734535
6061.523438	-61.876240
6062.500000	-62.990883
6063.476562	-64.118874
6064.453125	-63.007195
6065.429688	-63.746342
6066.406250	-63.692894
6067.382812	-63.837044
6068.359375	-63.909931
6069.335938	-64.399040
6070.312500	-64.516792
6071.289062	-64.171608
6072.265625	-64.214729
6073.242188	-63.886177
6074.218750	-63.313038
6075.195312	-63.621960
6076.171875	-64.524277
6077.148438	-64.857216
6078.125000	-64.152962
6079.101562	-63.799034
6080.078125	-65.627411
6081.054688	-65.086296
6082.031250	-66.108299
6083.007812	-65.864815
6083.984375	-64.358803
6084.960938	-64.748367
6085.937500	-66.181755
6086.914062	-64.235710
6087.890625	-66.047974
6088.867188	-64.090370
6089.843750	-65.322166
6090.820312	-66.189651
6091.796875	-67.387733
6092.773438	-66.473389
6093.750000	-66.236389
6094.726562	-65.602058
6095.703125	-66.715797
6096.679688	-66.894318
6097.656250	-65.733101
6098.632812	-67.178017
6099.609375	-66.777229
6100.585938	-66.984863
6101.562500	-65.365761
6102.539062	-67.351334
6103.515625	-67.201584
6104.492188	-67.786774
6105.468750	-66.879128
6106.445312	-66.159943
6107.421875	-67.199539
6108.398438	-67.298080
6109.375000	-66.798477
6110.351562	-67.632607
6111.328125	-67.595840
6112.304688	-66.687561
6113.281250	-67.867165
6114.257812	-68.504433
6115.234375	-67.073860
6116.210938	-67.889206
6117.187500	-67.570534
6118.164062	-68.503952
6119.140625	-68.846619
6120.117188	-67.681183
6121.093750	-67.323685
6122.070312	-68.086533
6123.046875	-67.966072
6124.023438	-66.457870
6125.000000	-67.482338
6125.976562	-68.367569
6126.953125	-68.242729
6127.929688	-67.574585
6128.906250	-68.268822
6129.882812	-68.277336
6130.859375	-66.555176
6131.835938	-68.855659
6132.812500	-67.657997
6133.789062	-67.490685
6134.765625	-67.686501
6135.742188	-67.354561
6136.718750	-67.958580
6137.695312	-67.508232
6138.671875	-68.091118
6139.648438	-67.246246
6140.625000	-68.291702
6141.601562	-69.184769
6142.578125	-69.218956
6143.554688	-69.103531
6144.531250	-69.309753
6145.507812	-67.626030
6146.484375	-67.339134
6147.460938	-68.165901
6148.437500	-68.630325
6149.414062	-67.852837
6150.390625	-67.959442
6151.367188	-67.062927
6152.343750	-67.397202
6153.320312	-69.491005
6154.296875	-67.984116
6155.273438	-68.622818
6156.250000	-67.753441
6157.226562	-68.130585
6158.203125	-68.637527
6159.179688	-68.481750
6160.156250	-68.621994
6161.132812	-67.802361
6162.109375	-68.928741
6163.085938	-68.405472
6164.062500	-68.338707
6165.039062	-68.701454
6166.015625	-68.975883
6166.992188	-68.203354
6167.968750	-69.932922
6168.945312	-68.721581
6169.921875	-67.802238
6170.898438	-69.144653
6171.875000	-68.363007
6172.851562	-67.644684
6173.828125	-68.046860
6174.804688	-68.159325
6175.781250	-66.642746
6176.757812	-67.363503
6177.734375	-68.967300
6178.710938	-67.961487
6179.687500	-67.881737
6180.664062	-68.876541
6181.640625	-68.129677
6182.617188	-68.422249
6183.593750	-67.951233
6184.570312	-68.746941
6185.546875	-69.490112
6186.523438	-67.132164
6187.500000	-67.847672
6188.476562	-68.341743
6189.453125	-68.568588
6190.429688	-68.359558
6191.406250	-67.635864
6192.382812	-68.980179
6193.359375	-68.503059
6194.335938	-67.647606
6195.312500	-68.011841
6196.289062	-67.498734
6197.265625	-66.384491
6198.242188	-67.347321
6199.218750	-67.427597
6200.195312	-66.851059
6201.171875	-66.963356
6202.148438	-68.160751
6203.125000	-67.164566
6204.101562	-66.885559
6205.078125	-68.065987
6206.054688	-66.559624
6207.031250	-65.839951
6208.007812	-68.783142
6208.984375	-67.105034
6209.960938	-66.654312
6210.937500	-65.557846
6211.914062	-65.697685
6212.890625	-66.708588
6213.867188	-67.343361
6214.843750	-66.991020
6215.820312	-65.798340
6216.796875	-66.901169
6217.773438	-65.805397
6218.750000	-66.409721
6219.726562	-67.284744
6220.703125	-66.498497
6221.679688	-67.354889
6222.656250	-66.913132
6223.632812	-66.901779
6224.609375	-66.356705
6225.585938	-66.208771
6226.562500	-65.601028
6227.539062	-66.338364
6228.515625	-65.294136
6229.492188	-65.156837
6230.468750	-66.347214
6231.445312	-66.159325
6232.421875	-65.504280
6233.398438	-66.750786
6234.375000	-64.503174
6235.351562	-66.473122
6236.328125	-65.021072
6237.304688	-64.474251
6238.281250	-66.017769
6239.257812	-65.693398
6240.234375	-64.346855
6241.210938	-65.662781
6242.187500	-65.400459
6243.164062	-65.134407
6244.140625	-63.441830
6245.117188	-64.185219
6246.093750	-64.617859
6247.070312	-66.065994
6248.046875	-63.386284
6249.023438	-65.266006
6250.000000	-66.132408
6250.976562	-64.735046
6251.953125	-64.978424
6252.929688	-64.568779
6253.906250	-63.392445
6254.882812	-63.572384
6255.859375	-64.819397
6256.835938	-64.386375
6257.812500	-65.048752
6258.789062	-63.516804
6259.765625	-64.446968
6260.742188	-64.018913
6261.718750	-63.761219
6262.695312	-64.539566
6263.671875	-62.911552
6264.648438	-63.134972
6265.625000	-63.281548
6266.601562	-62.812561
6267.578125	-63.010353
6268.554688	-61.839561
6269.531250	-63.441505
6270.507812	-64.365974
6271.484375	-63.938576
6272.460938	-63.612202
6273.437500	-62.228405
6274.414062	-61.951942
6275.390625	-62.594379
6276.367188	-62.245731
6277.343750	-62.032383
6278.320312	-62.305103
6279.296875	-61.166943
6280.273438	-61.126217
6281.250000	-61.367191
6282.226562	-62.613316
6283.203125	-62.898712
6284.179688	-61.181206
6285.156250	-62.797592
6286.132812	-61.304390
6287.109375	-62.054359
6288.085938	-60.402725
6289.062500	-61.374622
6290.039062	-61.845245
6291.015625	-61.626503
6291.992188	-61.373543
6292.968750	-61.153671
6293.945312	-62.833519
6294.921875	-61.873959
6295.898438	-61.534641
6296.875000	-61.627609
6297.851562	-60.828152
6298.828125	-61.023014
6299.804688	-61.760559
6300.781250	-60.855812
6301.757812	-61.114643
6302.734375	-61.111610
6303.710938	-60.664349
6304.687500	-63.709595
6305.664062	-62.395985
6306.640625	-61.089485
6307.617188	-62.764336
6308.593750	-62.796642
6309.570312	-62.174694
6310.546875	-61.718868
6311.523438	-62.231117
6312.500000	-63.111565
6313.476562	-62.568047
6314.453125	-62.958485
6315.429688	-63.750286
6316.406250	-61.807175
6317.382812	-63.390804
6318.359375	-62.694939
6319.335938	-64.259972
6320.312500	-62.921520
6321.289062	-62.734276
6322.265625	-61.954105
6323.242188	-63.257072
6324.218750	-63.087914
6325.195312	-62.092899
6326.171875	-63.983280
6327.148438	-64.098457
6328.125000	-63.844509
6329.101562	-65.039482
6330.078125	-64.724533
6331.054688	-65.444466
6332.031250	-64.705795
6333.007812	-64.593826
6333.984375	-63.768974
6334.960938	-65.323189
6335.937500	-64.937691
6336.914062	-63.200153
6337.890625	-65.504517
6338.867188	-65.376083
6339.843750	-65.240959
6340.820312	-65.377151
6341.796875	-66.046089
6342.773438	-65.505180
6343.750000	-66.770538
6344.726562	-66.267059
6345.703125	-66.436714
6346.679688	-65.934311
6347.656250	-68.103615
6348.632812	-66.334137
6349.609375	-66.875862
6350.585938	-67.343567
6351.562500	-66.812042
6352.539062	-66.620262
6353.515625	-67.571594
6354.492188	-67.049187
6355.468750	-67.368988
6356.445312	-67.319588
6357.421875	-67.898460
6358.398438	-67.470200
6359.375000	-68.084976
6360.351562	-67.837738
6361.328125	-67.626404
6362.304688	-68.009956
6363.281250	-66.646065
6364.257812	-67.091080
6365.234375	-67.995293
6366.210938	-67.424400
6367.187500	-67.830177
6368.164062	-68.596733
6369.140625	-68.234543
6370.117188	-67.699471
6371.093750	-69.112030
6372.070312	-68.884460
6373.046875	-68.677071
6374.023438	-68.512962
6375.000000	-68.238976
6375.976562	-68.725609
6376.953125	-67.822945
6377.929688	-68.092384
6378.906250	-67.551849
6379.882812	-68.584106
6380.859375	-68.352402
6381.835938	-68.921196
6382.812500	-69.906769
6383.789062	-69.500328
6384.765625	-69.288818
6385.742188	-70.524117
6386.718750	-68.833839
6387.695312	-69.882431
6388.671875	-69.938232
6389.648438	-68.938568
6390.625000	-68.207298
6391.601562	-69.124573
6392.578125	-68.413910
6393.554688	-68.511101
6394.531250	-69.254852
6395.507812	-69.698128
6396.484375	-69.492065
6397.460938	-70.334030
6398.437500	-70.742081
6399.414062	-70.449661
6400.390625	-70.940361
6401.367188	-69.789001
6402.343750	-69.358406
6403.320312	-70.987320
6404.296875	-71.234474
6405.273438	-69.909569
6406.250000	-70.420425
6407.226562	-70.206490
6408.203125	-70.266701
6409.179688	-69.833366
6410.156250	-70.720291
6411.132812	-70.689301
6412.109375	-70.226288
6413.085938	-70.726921
6414.062500	-71.559250
6415.039062	-72.272774
6416.015625	-70.756149
6416.992188	-70.138390
6417.968750	-70.878815
6418.945312	-69.859032
6419.921875	-70.688232
6420.898438	-70.857056
6421.875000	-70.909912
6422.851562	-70.894958
6423.828125	-70.856194
6424.804688	-70.944321
6425.781250	-69.814453
6426.757812	-70.612778
6427.734375	-69.457397
6428.710938	-71.190430
6429.687500	-71.352631
6430.664062	-71.451340
6431.640625	-70.099106
6432.617188	-71.143684
6433.593750	-71.160301
6434.570312	-69.380753
6435.546875	-70.390434
6436.523438	-71.770767
6437.500000	-70.817619
6438.476562	-71.070793
6439.453125	-71.677101
6440.429688	-72.347397
6441.406250	-70.165077
6442.382812	-71.125435
6443.359375	-71.736969
6444.335938	-70.776543
6445.312500	-71.700226
6446.289062	-71.322449
6447.265625	-70.432564
6448.242188	-71.668129
6449.218750	-71.304817
6450.195312	-70.246620
6451.171875	-69.898232
6452.148438	-69.330986
6453.125000	-71.229996
6454.101562	-70.118782
6455.078125	-70.697212
6456.054688	-71.232788
6457.031250	-71.068832
6458.007812	-70.501556
6458.984375	-70.941338
6459.960938	-71.194580
6460.937500	-71.695526
6461.914062	-71.780922
6462.890625	-72.020493
6463.867188	-72.201866
6464.843750	-70.832695
6465.820312	-70.361214
6466.796875	-71.182129
6467.773438	-72.484718
6468.750000	-70.987991
6469.726562	-71.758865
6470.703125	-71.099274
6471.679688	-70.220665
6472.656250	-70.183296
6473.632812	-71.461739
6474.609375	-71.756470
6475.585938	-72.314270
6476.562500	-72.434387
6477.539062	-72.524712
6478.515625	-70.939529
6479.492188	-71.025581
6480.468750	-70.996841
6481.445312	-71.119621
6482.421875	-69.902229
6483.398438	-71.657608
6484.375000	-71.186043
6485.351562	-70.734886
6486.328125	-70.828880
6487.304688	-71.165192
6488.281250	-70.212181
6489.257812	-69.872810
6490.234375	-72.322678
6491.210938	-71.117325
6492.187500	-71.865959
6493.164062	-71.822006
6494.140625	-70.831451
6495.117188	-70.959282
6496.093750	-70.995285
6497.070312	-71.427963
6498.046875	-71.805206
6499.023438	-70.623940
6500.000000	-71.140846
6500.976562	-72.398239
6501.953125	-70.970039
6502.929688	-69.977570
6503.906250	-70.607246
6504.882812	-71.060814
6505.859375	-70.957428
6506.835938	-71.747810
6507.812500	-70.905388
6508.789062	-69.509384
6509.765625	-69.711166
6510.742188	-70.835861
6511.718750	-70.624535
6512.695312	-70.035393
6513.671875	-70.231186
6514.648438	-70.527664
6515.625000	-69.890221
6516.601562	-69.979675
6517.578125	-70.396225
6518.554688	-69.552284
6519.531250	-70.005859
6520.507812	-70.757866
6521.484375	-69.638641
6522.460938	-69.245911
6523.437500	-68.790031
6524.414062	-70.896141
6525.390625	-69.928871
6526.367188	-68.957970
6527.343750	-71.248413
6528.320312	-69.622894
6529.296875	-70.370804
6530.273438	-69.838074
6531.250000	-69.942207
6532.226562	-68.519936
6533.203125	-69.005890
6534.179688	-68.664490
6535.156250	-69.526917
6536.132812	-68.206673
6537.109375	-69.191589
6538.085938	-70.251060
6539.062500	-70.401817
6540.039062	-68.282730
6541.015625	-68.662636
6541.992188	-70.297432
6542.968750	-70.947174
6543.945312	-66.976257
6544.921875	-67.872772
6545.898438	-67.684845
6546.875000	-68.291588
6547.851562	-68.790634
6548.828125	-68.159019
6549.804688	-68.043335
6550.781250	-67.440720
6551.757812	-67.768074
6552.734375	-68.101952
6553.710938	-67.127945
6554.687500	-67.707901
6555.664062	-67.651848
6556.640625	-67.298973
6557.617188	-68.857010
6558.593750	-67.857628
6559.570312	-67.270279
6560.546875	-66.736336
6561.523438	-66.030090
6562.500000	-67.431183
6563.476562	-67.320969
6564.453125	-68.155647
6565.429688	-66.797943
6566.406250	-65.801445
6567.382812	-67.071663
6568.359375	-67.924271
6569.335938	-66.649529
6570.312500	-65.283684
6571.289062	-66.410866
6572.265625	-66.479950
6573.242188	-67.447113
6574.218750	-68.193100
6575.195312	-66.704704
6576.171875	-65.753334
6577.148438	-66.641029
6578.125000	-65.364510
6579.101562	-65.573822
6580.078125	-66.145020
6581.054688	-66.794922
6582.031250	-66.436424
6583.007812	-64.785873
6583.984375	-65.069527
6584.960938	-64.829063
6585.937500	-66.400070
6586.914062	-66.485733
6587.890625	-67.570061
6588.867188	-66.713379
6589.843750	-66.984932
6590.820312	-65.596626
6591.796875	-66.199921
6592.773438	-67.099915
6593.750000	-66.962990
6594.726562	-66.513138
6595.703125	-65.940247
6596.679688	-66.143707
6597.656250	-66.438438
6598.632812	-66.579758
6599.609375	-66.330040
6600.585938	-66.625427
6601.562500	-66.325180
6602.539062	-65.935654
6603.515625	-65.444397
6604.492188	-67.275444
6605.468750	-67.185577
6606.445312	-66.943428
6607.421875	-67.389297
6608.398438	-68.098175
6609.375000	-67.655861
6610.351562	-67.304565
6611.328125	-67.979866
6612.304688	-67.357040
6613.281250	-67.422058
6614.257812	-69.050186
6615.234375	-67.888626
6616.210938	-67.429131
6617.187500	-68.377335
6618.164062	-67.664894
6619.140625	-67.772911
6620.117188	-67.564026
6621.093750	-69.032036
6622.070312	-68.835045
6623.046875	-68.223297
6624.023438	-68.279053
6625.000000	-68.798691
6625.976562	-68.980354
6626.953125	-68.398895
6627.929688	-68.826469
6628.906250	-68.539597
6629.882812	-68.852249
6630.859375	-69.268562
6631.835938	-70.616180
6632.812500	-70.510216
6633.789062	-68.682076
6634.765625	-67.767738
6635.742188	-70.463409
6636.718750	-69.370804
6637.695312	-70.937126
6638.671875	-69.000008
6639.648438	-69.304657
6640.625000	-70.011658
6641.601562	-70.041359
6642.578125	-71.029274
6643.554688	-70.370758
6644.531250	-71.020210
6645.507812	-69.668716
6646.484375	-71.595406
6647.460938	-70.222534
6648.437500	-70.959412
6649.414062	-70.985176
6650.390625	-70.531815
6651.367188	-70.431053
6652.343750	-69.951653
6653.320312	-71.552773
6654.296875	-71.296173
6655.273438	-71.026672
6656.250000	-71.192650
6657.226562	-71.975929
6658.203125	-72.357727
6659.179688	-71.476105
6660.156250	-70.614494
6661.132812	-72.009819
6662.109375	-71.357658
6663.085938	-71.662018
6664.062500	-72.139885
6665.039062	-72.108467
6666.015625	-72.830956
6666.992188	-72.145683
6667.968750	-72.737213
6668.945312	-73.236763
6669.921875	-73.101074
6670.898438	-73.804459
6671.875000	-73.531174
6672.851562	-73.382034
6673.828125	-73.199677
6674.804688	-72.457268
6675.781250	-73.834396
6676.757812	-74.472687
6677.734375	-73.469383
6678.710938	-72.672493
6679.687500	-73.391563
6680.664062	-73.499611
6681.640625	-73.029564
6682.617188	-74.104279
6683.593750	-75.607613
6684.570312	-73.932312
6685.546875	-73.753525
6686.523438	-73.834999
6687.500000	-74.794243
6688.476562	-72.908447
6689.453125	-73.847649
6690.429688	-74.605240
6691.406250	-74.584412
6692.382812	-73.436966
6693.359375	-73.476089
6694.335938	-73.849976
6695.312500	-73.885620
6696.289062	-73.217613
6697.265625	-75.650612
6698.242188	-75.100670
6699.218750	-73.681076
6700.195312	-73.879005
6701.171875	-74.998131
6702.148438	-74.397156
6703.125000	-74.159378
6704.101562	-74.275269
6705.078125	-74.126213
6706.054688	-75.598885
6707.031250	-74.202019
6708.007812	-75.069450
6708.984375	-74.565887
6709.960938	-75.233459
6710.937500	-75.150726
6711.914062	-75.777222
6712.890625	-75.002419
6713.867188	-74.342636
6714.843750	-75.984596
6715.820312	-75.485809
6716.796875	-74.949303
6717.773438	-74.787399
6718.750000	-75.043106
6719.726562	-75.970673
6720.703125	-75.151245
6721.679688	-75.376060
6722.656250	-74.873718
6723.632812	-76.183472
6724.609375	-75.965019
6725.585938	-76.334679
6726.562500	-75.557770
6727.539062	-75.366302
6728.515625	-75.498116
6729.492188	-76.526657
6730.468750	-75.968803
6731.445312	-75.980011
6732.421875	-75.942635
6733.398438	-76.341789
6734.375000	-76.001648
6735.351562	-75.520134
6736.328125	-76.182907
6737.304688	-76.243469
6738.281250	-74.678207
6739.257812	-76.421608
6740.234375	-76.910049
6741.210938	-76.262306
6742.187500	-76.472000
6743.164062	-77.683571
6744.140625	-75.563408
6745.117188	-76.092735
6746.093750	-76.659714
6747.070312	-76.326668
6748.046875	-77.199089
6749.023438	-76.214088
6750.000000	-76.471809
6750.976562	-75.266441
6751.953125	-75.971855
6752.929688	-76.679550
6753.906250	-76.056396
6754.882812	-77.307137
6755.859375	-77.143349
6756.835938	-76.137817
6757.812500	-75.820992
6758.789062	-76.350441
6759.765625	-75.837677
6760.742188	-76.274956
6761.718750	-76.463257
6762.695312	-76.442505
6763.671875	-76.837875
6764.648438	-75.827805
6765.625000	-77.115257
6766.601562	-77.420815
6767.578125	-77.037338
6768.554688	-75.885704
6769.531250	-75.120598
6770.507812	-76.154472
6771.484375	-75.497467
6772.460938	-75.083191
6773.437500	-75.466400
6774.414062	-75.849823
6775.390625	-76.989479
6776.367188	-76.355309
6777.343750	-75.324242
6778.320312	-76.422668
6779.296875	-76.187431
6780.273438	-75.976990
6781.250000	-76.817886
6782.226562	-75.057747
6783.203125	-75.127869
6784.179688	-75.925018
6785.156250	-75.354996
6786.132812	-75.902153
6787.109375	-76.343674
6788.085938	-75.547119
6789.062500	-75.118416
6790.039062	-75.211075
6791.015625	-75.028053
6791.992188	-75.621132
6792.968750	-76.121040
6793.945312	-77.276077
6794.921875	-76.654808
6795.898438	-76.291687
6796.875000	-76.022667
6797.851562	-74.445534
6798.828125	-74.602539
6799.804688	-76.717766
6800.781250	-77.630028
6801.757812	-75.840607
6802.734375	-76.464157
6803.710938	-74.863464
6804.687500	-75.534187
6805.664062	-75.411690
6806.640625	-75.575989
6807.617188	-76.671165
6808.593750	-75.841858
6809.570312	-75.624374
6810.546875	-75.869728
6811.523438	-75.670288
6812.500000	-75.200478
6813.476562	-76.238907
6814.453125	-75.176003
6815.429688	-75.566269
6816.406250	-75.726891
6817.382812	-75.708099
6818.359375	-75.428024
6819.335938	-75.339386
6820.312500	-75.782722
6821.289062	-74.419159
6822.265625	-74.204971
6823.242188	-73.983116
6824.218750	-74.666359
6825.195312	-74.708710
6826.171875	-76.412430
6827.148438	-73.527802
6828.125000	-74.300247
6829.101562	-74.249069
6830.078125	-74.244499
6831.054688	-75.018143
6832.031250	-75.080833
6833.007812	-74.450882
6833.984375	-73.451866
6834.960938	-74.558037
6835.937500	-73.179367
6836.914062	-72.827034
6837.890625	-74.243706
6838.867188	-76.015411
6839.843750	-74.390884
6840.820312	-73.179817
6841.796875	-74.224586
6842.773438	-73.994553
6843.750000	-73.103836
6844.726562	-73.806236
6845.703125	-73.434189
6846.679688	-73.153374
6847.656250	-72.475075
6848.632812	-72.281166
6849.609375	-73.252480
6850.585938	-73.107399
6851.562500	-72.330811
6852.539062	-72.349823
6853.515625	-73.765594
6854.492188	-72.633415
6855.468750	-73.080978
6856.445312	-73.017326
6857.421875	-72.503670
6858.398438	-72.352943
6859.375000	-72.213524
6860.351562	-72.554260
6861.328125	-72.109917
6862.304688	-71.819603
6863.281250	-72.144157
6864.257812	-72.421600
6865.234375	-71.949318
6866.210938	-72.460869
6867.187500	-71.355850
6868.164062	-71.802879
6869.140625	-72.101723
6870.117188	-72.683174
6871.093750	-71.915787
6872.070312	-70.925240
6873.046875	-72.011536
6874.023438	-70.727455
6875.000000	-72.412071
6875.976562	-71.077599
6876.953125	-70.763687
6877.929688	-71.419220
6878.906250	-72.162086
6879.882812	-72.293633
6880.859375	-71.096237
6881.835938	-70.248299
6882.812500	-70.816162
6883.789062	-70.768532
6884.765625	-72.231331
6885.742188	-71.622086
6886.718750	-71.197990
6887.695312	-71.023712
6888.671875	-70.589844
6889.648438	-72.329002
6890.625000	-72.470078
6891.601562	-73.697937
6892.578125	-71.812836
6893.554688	-71.232101
6894.531250	-72.804390
6895.507812	-72.142570
6896.484375	-71.318077
6897.460938	-71.198090
6898.437500	-70.130394
6899.414062	-71.988899
6900.390625	-72.123184
6901.367188	-71.882790
6902.343750	-72.726166
6903.320312	-71.418777
6904.296875	-72.480965
6905.273438	-74.620430
6906.250000	-73.584999
6907.226562	-74.229294
6908.203125	-74.050423
6909.179688	-74.315071
6910.156250	-74.681900
6911.132812	-74.929268
6912.109375	-73.857452
6913.085938	-72.993164
6914.062500	-74.723427
6915.039062	-74.157631
6916.015625	-74.890076
6916.992188	-74.845253
6917.968750	-73.609741
6918.945312	-74.838966
6919.921875	-75.107071
6920.898438	-74.464142
6921.875000	-75.266434
6922.851562	-74.776840
6923.828125	-73.976654
6924.804688	-74.981049
6925.781250	-74.236176
6926.757812	-74.206787
6927.734375	-74.971695
6928.710938	-76.493629
6929.687500	-76.868401
6930.664062	-78.414024
6931.640625	-75.785927
6932.617188	-76.305115
6933.593750	-76.584999
6934.570312	-75.351097
6935.546875	-75.980255
6936.523438	-76.851990
6937.500000	-75.669167
6938.476562	-76.218124
6939.453125	-75.715782
6940.429688	-77.508545
6941.406250	-77.653885
6942.382812	-78.403740
6943.359375	-78.240891
6944.335938	-78.501007
6945.312500	-78.340080
6946.289062	-77.110001
6947.265625	-77.808105
6948.242188	-78.162460
6949.218750	-79.738113
6950.195312	-77.223335
6951.171875	-78.089783
6952.148438	-77.854050
6953.125000	-78.989662
6954.101562	-78.870781
6955.078125	-78.606850
6956.054688	-78.895210
6957.031250	-78.888252
6958.007812	-79.443062
6958.984375	-80.934235
6959.960938	-80.673058
6960.937500	-80.157211
6961.914062	-79.448662
6962.890625	-79.289566
6963.867188	-79.807777
6964.843750	-80.572296
6965.820312	-79.575760
6966.796875	-79.651031
6967.773438	-79.923813
6968.750000	-79.820473
6969.726562	-80.644524
6970.703125	-80.032372
6971.679688	-80.180176
6972.656250	-79.754051
6973.632812	-79.686569
6974.609375	-79.227478
6975.585938	-80.192230
6976.562500	-79.379189
6977.539062	-81.171967
6978.515625	-81.588219
6979.492188	-81.871185
6980.468750	-81.408676
6981.445312	-82.521332
6982.421875	-81.962578
6983.398438	-81.269547
6984.375000	-82.187553
6985.351562	-82.037971
6986.328125	-81.402817
6987.304688	-82.223305
6988.281250	-82.316002
6989.257812	-80.366661
6990.234375	-81.448662
6991.210938	-80.451958
6992.187500	-83.333687
6993.164062	-82.248222
6994.140625	-82.081245
6995.117188	-83.398827
6996.093750	-82.062187
6997.070312	-84.082863
6998.046875	-82.370781
6999.023438	-82.846069
7000.000000	-83.136009
7000.976562	-82.192589
7001.953125	-81.625343
7002.929688	-81.537895
7003.906250	-83.735825
7004.882812	-82.498894
7005.859375	-83.513008
7006.835938	-82.914726
7007.812500	-83.269997
7008.789062	-82.948761
7009.765625	-83.585075
7010.742188	-83.183128
7011.718750	-83.118523
7012.695312	-82.511368
7013.671875	-83.320015
7014.648438	-82.578056
7015.625000	-83.151901
7016.601562	-83.360924
7017.578125	-83.877594
7018.554688	-82.043243
7019.531250	-82.902069
7020.507812	-82.894585
7021.484375	-83.674591
7022.460938	-84.961769
7023.437500	-83.211250
7024.414062	-84.068039
7025.390625	-83.347420
7026.367188	-83.914787
7027.343750	-83.458572
7028.320312	-84.438797
7029.296875	-84.464409
7030.273438	-84.011276
7031.250000	-83.135353
7032.226562	-83.717232
7033.203125	-83.742104
7034.179688	-83.762978
7035.156250	-83.390396
7036.132812	-84.329544
7037.109375	-83.585243
7038.085938	-84.387764
7039.062500	-84.225937
7040.039062	-83.086121
7041.015625	-84.373383
7041.992188	-83.809258
7042.968750	-84.258438
7043.945312	-82.841400
7044.921875	-84.644508
7045.898438	-83.310760
7046.875000	-83.770836
7047.851562	-85.285858
7048.828125	-84.862206
7049.804688	-85.380508
7050.781250	-84.072548
7051.757812	-84.241310
7052.734375	-83.729454
7053.710938	-83.860298
7054.687500	-84.807152
7055.664062	-84.220215
7056.640625	-83.992729
7057.617188	-85.520599
7058.593750	-83.953712
7059.570312	-83.386536
7060.546875	-84.585815
7061.523438	-83.914917
7062.500000	-85.693176
7063.476562	-83.922478
7064.453125	-84.268272
7065.429688	-85.324585
7066.406250	-83.228065
7067.382812	-83.861031
7068.359375	-83.569473
7069.335938	-84.304192
7070.312500	-84.984436
7071.289062	-84.819054
7072.265625	-83.641083
7073.242188	-84.528954
7074.218750	-84.710785
7075.195312	-85.055199
7076.171875	-84.512833
7077.148438	-82.104187
7078.125000	-83.893990
7079.101562	-84.582077
7080.078125	-83.434807
7081.054688	-83.961395
7082.031250	-83.673592
7083.007812	-84.240814
7083.984375	-83.389420
7084.960938	-84.420319
7085.937500	-84.360825
7086.914062	-82.732109
7087.890625	-83.893013
7088.867188	-84.184639
7089.843750	-84.389824
7090.820312	-84.614151
7091.796875	-84.917984
7092.773438	-82.541252
7093.750000	-83.792213
7094.726562	-84.645126
7095.703125	-84.046616
7096.679688	-83.629112
7097.656250	-83.738800
7098.632812	-84.498665
7099.609375	-84.561745
7100.585938	-83.642731
7101.562500	-83.521988
7102.539062	-83.976601
7103.515625	-83.814537
7104.492188	-83.301262
7105.468750	-82.592430
7106.445312	-83.903831
7107.421875	-83.785118
7108.398438	-83.626434
7109.375000	-82.653275
7110.351562	-82.574112
7111.328125	-82.579857
7112.304688	-83.161552
7113.281250	-82.330582
7114.257812	-82.073540
7115.234375	-82.157082
7116.210938	-83.665314
7117.187500	-82.937859
7118.164062	-82.834023
7119.140625	-84.174004
7120.117188	-83.697975
7121.093750	-84.196831
7122.070312	-82.908546
7123.046875	-82.308327
7124.023438	-83.209999
7125.000000	-83.247749
7125.976562	-82.934509
7126.953125	-81.908432
7127.929688	-83.121391
7128.906250	-81.475014
7129.882812	-82.996391
7130.859375	-81.241013
7131.835938	-81.696198
7132.812500	-79.640343
7133.789062	-81.596718
7134.765625	-81.028366
7135.742188	-81.738525
7136.718750	-80.864189
7137.695312	-81.738419
7138.671875	-80.930878
7139.648438	-81.508247
7140.625000	-80.336067
7141.601562	-81.189659
7142.578125	-80.556137
7143.554688	-80.577438
7144.531250	-81.529503
7145.507812	-80.992088
7146.484375	-80.152054
7147.460938	-81.858223
7148.437500	-81.819771
7149.414062	-81.653740
7150.390625	-80.569115
7151.367188	-80.821098
7152.343750	-80.230537
7153.320312	-80.637703
7154.296875	-81.676315
7155.273438	-79.224472
7156.250000	-79.661476
7157.226562	-78.946632
7158.203125	-80.780647
7159.179688	-80.482346
7160.156250	-78.973099
7161.132812	-79.457458
7162.109375	-78.739357
7163.085938	-79.112099
7164.062500	-79.488480
7165.039062	-79.487175
7166.015625	-79.219215
7166.992188	-80.250420
7167.968750	-79.979485
7168.945312	-79.390717
7169.921875	-81.638206
7170.898438	-79.863922
7171.875000	-81.073776
7172.851562	-79.712143
7173.828125	-80.819168
7174.804688	-80.731979
7175.781250	-80.011757
7176.757812	-82.150452
7177.734375	-80.493843
7178.710938	-79.754059
7179.687500	-81.600769
7180.664062	-80.948616
7181.640625	-81.466499
7182.617188	-81.331070
7183.593750	-82.151062
7184.570312	-79.748352
7185.546875	-80.884193
7186.523438	-81.043060
7187.500000	-82.793198
7188.476562	-82.340446
7189.453125	-82.369270
7190.429688	-81.394737
7191.406250	-82.604645
7192.382812	-82.134972
7193.359375	-81.636429
7194.335938	-83.124527
7195.312500	-82.907387
7196.289062	-82.826508
7197.265625	-83.035225
7198.242188	-83.511375
7199.218750	-82.593567
7200.195312	-82.732651
7201.171875	-83.846245
7202.148438	-84.182793
7203.125000	-84.049973
7204.101562	-85.199577
7205.078125	-83.964333
7206.054688	-84.186958
7207.031250	-83.572128
7208.007812	-83.940994
7208.984375	-84.203018
7209.960938	-84.406845
7210.937500	-84.877739
7211.914062	-85.094498
7212.890625	-85.365326
7213.867188	-85.193634
7214.843750	-86.546585
7215.820312	-84.831223
7216.796875	-84.963844
7217.773438	-86.517868
7218.750000	-85.943718
7219.726562	-85.130478
7220.703125	-86.936234
7221.679688	-87.902962
7222.656250	-87.721336
7223.632812	-87.437042
7224.609375	-87.161812
7225.585938	-87.164246
7226.562500	-88.052231
7227.539062	-86.931190
7228.515625	-88.296913
7229.492188	-87.523964
7230.468750	-88.359657
7231.445312	-87.727440
7232.421875	-88.149124
7233.398438	-89.086189
7234.375000	-87.773392
7235.351562	-88.493591
7236.328125	-88.192192
7237.304688	-88.604698
7238.281250	-88.258835
7239.257812	-89.909149
7240.234375	-88.412323
7241.210938	-88.439575
7242.187500	-89.530006
7243.164062	-88.668434
7244.140625	-89.612839
7245.117188	-88.210739
7246.093750	-89.990616
7247.070312	-88.477928
7248.046875	-89.588875
7249.023438	-89.167389
7250.000000	-88.531319
7250.976562	-89.878746
7251.953125	-89.993439
7252.929688	-89.910187
7253.906250	-89.814857
7254.882812	-90.420784
7255.859375	-90.962387
7256.835938	-90.341187
7257.812500	-90.745613
7258.789062	-91.522095
7259.765625	-90.579056
7260.742188	-91.921440
7261.718750	-90.719643
7262.695312	-92.888611
7263.671875	-90.211823
7264.648438	-91.261871
7265.625000	-91.231926
7266.601562	-92.203880
7267.578125	-91.288902
7268.554688	-92.238739
7269.531250	-91.902496
7270.507812	-91.268631
7271.484375	-91.916199
7272.460938	-92.101761
7273.437500	-92.516907
7274.414062	-91.647713
7275.390625	-92.229698
7276.367188	-93.780525
7277.343750	-92.143005
7278.320312	-92.149773
7279.296875	-91.786079
7280.273438	-92.310364
7281.250000	-92.185295
7282.226562	-92.656067
7283.203125	-92.155472
7284.179688	-91.897934
7285.156250	-92.035995
7286.132812	-92.630348
7287.109375	-91.903358
7288.085938	-93.482552
7289.062500	-92.823334
7290.039062	-93.598778
7291.015625	-93.449242
7291.992188	-91.947289
7292.968750	-93.044250
7293.945312	-93.354881
7294.921875	-94.275406
7295.898438	-93.460556
7296.875000	-93.149277
7297.851562	-92.664940
7298.828125	-93.568161
7299.804688	-94.039078
7300.781250	-94.184860
7301.757812	-93.688461
7302.734375	-92.950424
7303.710938	-93.957520
7304.687500	-94.891418
7305.664062	-94.153328
7306.640625	-93.303246
7307.617188	-94.877388
7308.593750	-93.239021
7309.570312	-93.194611
7310.546875	-92.654900
7311.523438	-93.698769
7312.500000	-93.983635
7313.476562	-92.723167
7314.453125	-94.580055
7315.429688	-94.616257
7316.406250	-93.536461
7317.382812	-93.991135
7318.359375	-94.575920
7319.335938	-93.511177
7320.312500	-93.778824
7321.289062	-93.547646
7322.265625	-94.361824
7323.242188	-93.530045
7324.218750	-93.037796
7325.195312	-95.863525
7326.171875	-94.979721
7327.148438	-94.231491
7328.125000	-94.861565
7329.101562	-94.081245
7330.078125	-93.915924
7331.054688	-94.552559
7332.031250	-95.021248
7333.007812	-94.375175
7333.984375	-94.536423
7334.960938	-93.957664
7335.937500	-94.479736
7336.914062	-95.248604
7337.890625	-94.499428
7338.867188	-95.210800
7339.843750	-94.534935
7340.820312	-94.892776
7341.796875	-94.666756
7342.773438	-94.565201
7343.750000	-94.551910
7344.726562	-96.813385
7345.703125	-94.890953
7346.679688	-94.282478
7347.656250	-96.499771
7348.632812	-95.246162
7349.609375	-93.800217
7350.585938	-95.336006
7351.562500	-94.444939
7352.539062	-94.974747
7353.515625	-94.012321
7354.492188	-95.186722
7355.468750	-95.729538
7356.445312	-94.852844
7357.421875	-95.175827
7358.398438	-94.259827
7359.375000	-95.015930
7360.351562	-95.438400
7361.328125	-94.019882
7362.304688	-94.848274
7363.281250	-95.263725
7364.257812	-95.065514
7365.234375	-94.685387
7366.210938	-96.772781
7367.187500	-94.975372
7368.164062	-94.417572
7369.140625	-94.066238
7370.117188	-95.230461
7371.093750	-94.980782
7372.070312	-95.324623
7373.046875	-95.100868
7374.023438	-93.955315
7375.000000	-94.183899
7375.976562	-94.681595
7376.953125	-94.688431
7377.929688	-96.681885
7378.906250	-95.299088
7379.882812	-94.679573
7380.859375	-94.545891
7381.835938	-94.597855
7382.812500	-95.179840
7383.789062	-94.157974
7384.765625	-95.228439
7385.742188	-94.658051
7386.718750	-94.983109
7387.695312	-93.893570
7388.671875	-94.663628
7389.648438	-95.084251
7390.625000	-94.906181
7391.601562	-94.633339
7392.578125	-96.132820
7393.554688	-94.981491
7394.531250	-94.654869
7395.507812	-94.402618
7396.484375	-95.209518
7397.460938	-95.193611
7398.437500	-94.458656
7399.414062	-93.954071
7400.390625	-95.949936
7401.367188	-94.228020
7402.343750	-93.862816
7403.320312	-94.967384
7404.296875	-95.025620
7405.273438	-94.843506
7406.250000	-94.906670
7407.226562	-94.934074
7408.203125	-95.206696
7409.179688	-95.210236
7410.156250	-94.204941
7411.132812	-94.181633
7412.109375	-94.841141
7413.085938	-95.103531
7414.062500	-95.032417
7415.039062	-94.945732
7416.015625	-94.847916
7416.992188	-94.248787
7417.968750	-95.273956
7418.945312	-93.906487
7419.921875	-93.880424
7420.898438	-94.133141
7421.875000	-93.570831
7422.851562	-94.514915
7423.828125	-94.136246
7424.804688	-93.080269
7425.781250	-94.114708
7426.757812	-93.428955
7427.734375	-93.242950
7428.710938	-94.958145
7429.687500	-93.311218
7430.664062	-92.922997
7431.640625	-93.839005
7432.617188	-93.030411
7433.593750	-93.796135
7434.570312	-93.736954
7435.546875	-93.008125
7436.523438	-92.793304
7437.500000	-92.805931
7438.476562	-93.030296
7439.453125	-92.614883
7440.429688	-91.447449
7441.406250	-93.128471
7442.382812	-92.417702
7443.359375	-93.604240
7444.335938	-92.388252
7445.312500	-93.424110
7446.289062	-92.853905
7447.265625	-94.297821
7448.242188	-93.110992
7449.218750	-92.574875
7450.195312	-92.378159
7451.171875	-93.223427
7452.148438	-91.888168
7453.125000	-92.366867
7454.101562	-92.643585
7455.078125	-92.406372
7456.054688	-93.028069
7457.031250	-92.300156
7458.007812	-94.035217
7458.984375	-92.860443
7459.960938	-92.656944
7460.937500	-93.918007
7461.914062	-93.730049
7462.890625	-93.360764
7463.867188	-93.628670
7464.843750	-94.355835
7465.820312	-93.725777
7466.796875	-93.193710
7467.773438	-93.371445
7468.750000	-93.931564
7469.726562	-92.976807
7470.703125	-93.988655
7471.679688	-95.311760
7472.656250	-94.114433
7473.632812	-94.381386
7474.609375	-94.725243
7475.585938	-93.660835
7476.562500	-95.165276
7477.539062	-94.982605
7478.515625	-95.693573
7479.492188	-96.306709
7480.468750	-95.491287
7481.445312	-95.887398
7482.421875	-95.343658
7483.398438	-96.012558
7484.375000	-94.933395
7485.351562	-96.263924
7486.328125	-96.433403
7487.304688	-95.422028
7488.281250	-95.696175
7489.257812	-97.441986
7490.234375	-96.618851
7491.210938	-95.601685
7492.187500	-96.518021
7493.164062	-97.044479
7494.140625	-96.913437
7495.117188	-96.322983
7496.093750	-96.857735
7497.070312	-97.450691
7498.046875	-97.085342
7499.023438	-96.748390
7500.000000	-97.428192
7500.976562	-97.232956
7501.953125	-98.312492
7502.929688	-97.197243
7503.906250	-97.698364
7504.882812	-98.210045
7505.859375	-97.619171
7506.835938	-96.966743
7507.812500	-98.046272
7508.789062	-99.056633
7509.765625	-98.582397
7510.742188	-98.818520
7511.718750	-98.995918
7512.695312	-98.330635
7513.671875	-98.479439
7514.648438	-98.521049
7515.625000	-98.202072
7516.601562	-98.303841
7517.578125	-99.157791
7518.554688	-99.048004
7519.531250	-98.608856
7520.507812	-98.061737
7521.484375	-98.785721
7522.460938	-98.779228
7523.437500	-97.660309
7524.414062	-99.162773
7525.390625	-98.910400
7526.367188	-98.565590
7527.343750	-98.770210
7528.320312	-98.228378
7529.296875	-98.755272
7530.273438	-98.858246
7531.250000	-98.609711
7532.226562	-98.832275
7533.203125	-98.412086
7534.179688	-99.692764
7535.156250	-99.244690
7536.132812	-99.408081
7537.109375	-99.211769
7538.085938	-99.328651
7539.062500	-100.184570
7540.039062	-99.123695
7541.015625	-99.149872
7541.992188	-99.761467
7542.968750	-98.976494
7543.945312	-98.750633
7544.921875	-98.788185
7545.898438	-99.838593
7546.875000	-100.119347
7547.851562	-99.112556
7548.828125	-100.064430
7549.804688	-99.111794
7550.781250	-99.167534
7551.757812	-98.917076
7552.734375	-99.410721
7553.710938	-99.404045
7554.687500	-99.667084
7555.664062	-99.333870
7556.640625	-99.606895
7557.617188	-99.230606
7558.593750	-99.666039
7559.570312	-99.551689
7560.546875	-100.215408
7561.523438	-99.419250
7562.500000	-99.812286
7563.476562	-99.744644
7564.453125	-100.384499
7565.429688	-99.688614
7566.406250	-99.318970
7567.382812	-99.540047
7568.359375	-99.655968
7569.335938	-99.544792
7570.312500	-99.434349
7571.289062	-99.689598
7572.265625	-99.080338
7573.242188	-99.304276
7574.218750	-99.576958
7575.195312	-99.703926
7576.171875	-99.979378
7577.148438	-99.577644
7578.125000	-99.857803
7579.101562	-99.350372
7580.078125	-99.848640
7581.054688	-99.957825
7582.031250	-99.889305
7583.007812	-99.780487
7583.984375	-99.827301
7584.960938	-100.060890
7585.937500	-99.342140
7586.914062	-100.250862
7587.890625	-100.388206
7588.867188	-100.110168
7589.843750	-99.769409
7590.820312	-99.834534
7591.796875	-99.533203
7592.773438	-99.495483
7593.750000	-100.190208
7594.726562	-99.603134
7595.703125	-99.863670
7596.679688	-99.957436
7597.656250	-99.946602
7598.632812	-99.636078
7599.609375	-100.343475
7600.585938	-99.778687
7601.562500	-99.932938
7602.539062	-100.004669
7603.515625	-99.819702
7604.492188	-99.903572
7605.468750	-100.153137
7606.445312	-99.752129
7607.421875	-100.143677
7608.398438	-99.819008
7609.375000	-100.215263
7610.351562	-99.989021
7611.328125	-99.716095
7612.304688	-100.210251
7613.281250	-99.893135
7614.257812	-100.097687
7615.234375	-99.661453
7616.210938	-100.335808
7617.187500	-100.023262
7618.164062	-100.077515
7619.140625	-100.187424
7620.117188	-100.245796
7621.093750	-100.231834
7622.070312	-100.160316
7623.046875	-99.852287
7624.023438	-100.036934
7625.000000	-99.808777
7625.976562	-100.243843
7626.953125	-99.838951
7627.929688	-100.376396
7628.906250	-100.067688
7629.882812	-100.349640
7630.859375	-100.084373
7631.835938	-100.441223
7632.812500	-100.139099
7633.789062	-100.222473
7634.765625	-100.101654
7635.742188	-100.169716
7636.718750	-100.153969
7637.695312	-99.984154
7638.671875	-100.060539
7639.648438	-100.089714
7640.625000	-100.321465
7641.601562	-100.220184
7642.578125	-100.218147
7643.554688	-100.291588
7644.531250	-100.426361
7645.507812	-100.128700
7646.484375	-100.364861
7647.460938	-100.270981
7648.437500	-100.131210
7649.414062	-100.275307
7650.390625	-100.258163
7651.367188	-100.166328
7652.343750	-100.136086
7653.320312	-100.244858
7654.296875	-100.340240
7655.273438	-100.292618
7656.250000	-100.498131
7657.226562	-100.221779
7658.203125	-100.371101
7659.179688	-100.582092
7660.156250	-100.685089
7661.132812	-100.724380
7662.109375	-100.380714
7663.085938	-100.345764
7664.062500	-100.389809
7665.039062	-100.276611
7666.015625	-100.159729
7666.992188	-100.371880
7667.968750	-100.182205
7668.945312	-100.149300
7669.921875	-100.235619
7670.898438	-100.371658
7671.875000	-100.410080
7672.851562	-100.338478
7673.828125	-100.351768
7674.804688	-100.318138
7675.781250	-100.294762
7676.757812	-100.450996
7677.734375	-100.445732
7678.710938	-100.371101
7679.687500	-100.407028
7680.664062	-100.480202
7681.640625	-100.369186
7682.617188	-100.274933
7683.593750	-100.373016
7684.570312	-100.329025
7685.546875	-100.477745
7686.523438	-100.271461
7687.500000	-100.472740
7688.476562	-100.524284
7689.453125	-100.509804
7690.429688	-100.321243
7691.406250	-100.450638
7692.382812	-100.385063
7693.359375	-100.441284
7694.335938	-100.269112
7695.312500	-100.521820
7696.289062	-100.418892
7697.265625	-100.304367
7698.242188	-100.295883
7699.218750	-100.397858
7700.195312	-100.475449
7701.171875	-100.568092
7702.148438	-100.525513
7703.125000	-100.487640
7704.101562	-100.626152
7705.078125	-100.630157
7706.054688	-100.516907
7707.031250	-100.645004
7708.007812	-100.602264
7708.984375	-100.508049
7709.960938	-100.383957
7710.937500	-100.485832
7711.914062	-100.572525
7712.890625	-100.523277
7713.867188	-100.532593
7714.843750	-100.530548
7715.820312	-100.408531
7716.796875	-100.452812
7717.773438	-100.436623
7718.750000	-100.442360
7719.726562	-100.359398
7720.703125	-100.541656
7721.679688	-100.543999
7722.656250	-100.509872
7723.632812	-100.408569
7724.609375	-100.500023
7725.585938	-100.565224
7726.562500	-100.435295
7727.539062	-100.518059
7728.515625	-100.539658
7729.492188	-100.529121
7730.468750	-100.557594
7731.445312	-100.417328
7732.421875	-100.558632
7733.398438	-100.548035
7734.375000	-100.571220
7735.351562	-100.568237
7736.328125	-100.474831
7737.304688	-100.558990
7738.281250	-100.430382
7739.257812	-100.484200
7740.234375	-100.553947
7741.210938	-100.605507
7742.187500	-100.613220
7743.164062	-100.441597
7744.140625	-100.536568
7745.117188	-100.514969
7746.093750	-100.566521
7747.070312	-100.566582
7748.046875	-100.502663
7749.023438	-100.596024
7750.000000	-100.496490
7750.976562	-100.593498
7751.953125	-100.537384
7752.929688	-100.471397
7753.906250	-100.522469
7754.882812	-100.558411
7755.859375	-100.522324
7756.835938	-100.481796
7757.812500	-100.487915
7758.789062	-100.528641
7759.765625	-100.572006
7760.742188	-100.556511
7761.718750	-100.528778
7762.695312	-100.543404
7763.671875	-100.501907
7764.648438	-100.560814
7765.625000	-100.540359
7766.601562	-100.528175
7767.578125	-100.512054
7768.554688	-100.539330
7769.531250	-100.577942
7770.507812	-100.526855
7771.484375	-100.552948
7772.460938	-100.564941
7773.437500	-100.570183
7774.414062	-100.533005
7775.390625	-100.554955
7776.367188	-100.549248
7777.343750	-100.552521
7778.320312	-100.557671
7779.296875	-100.546753
7780.273438	-100.573753
7781.250000	-100.551643
7782.226562	-100.567223
7783.203125	-100.588821
7784.179688	-100.559090
7785.156250	-100.562477
7786.132812	-100.578094
7787.109375	-100.554459
7788.085938	-100.587929
7789.062500	-100.555626
7790.039062	-100.576271
7791.015625	-100.587509
7791.992188	-100.553917
7792.968750	-100.577995
7793.945312	-100.561340
7794.921875	-100.578690
7795.898438	-100.563332
7796.875000	-100.564636
7797.851562	-100.581100
7798.828125	-100.590042
7799.804688	-100.579201
7800.781250	-100.572784
7801.757812	-100.569984
7802.734375	-100.569244
7803.710938	-100.568657
7804.687500	-100.571251
7805.664062	-100.577179
7806.640625	-100.570457
7807.617188	-100.594101
7808.593750	-100.578522
7809.570312	-100.588280
7810.546875	-100.586441
7811.523438	-100.583740
7812.500000	-100.596367
7813.476562	-100.586197
7814.453125	-100.578926
7815.429688	-100.589226
7816.406250	-100.579498
7817.382812	-100.578537
7818.359375	-100.585419
7819.335938	-100.588432
7820.312500	-100.589127
7821.289062	-100.586700
7822.265625	-100.590469
7823.242188	-100.594093
7824.218750	-100.584785
7825.195312	-100.594200
7826.171875	-100.591415
7827.148438	-100.586685
7828.125000	-100.591232
7829.101562	-100.593018
7830.078125	-100.592659
7831.054688	-100.595261
7832.031250	-100.596001
7833.007812	-100.592979
7833.984375	-100.595505
7834.960938	-100.590149
7835.937500	-100.594940
7836.914062	-100.594345
7837.890625	-100.596535
7838.867188	-100.596474
7839.843750	-100.597000
7840.820312	-100.597862
7841.796875	-100.595596
7842.773438	-100.600014
7843.750000	-100.602783
7844.726562	-100.600266
7845.703125	-100.598984
7846.679688	-100.601151
7847.656250	-100.602623
7848.632812	-100.597763
7849.609375	-100.601227
7850.585938	-100.602119
7851.562500	-100.602501
7852.539062	-100.599998
7853.515625	-100.602226
7854.492188	-100.602776
7855.468750	-100.600594
7856.445312	-100.603622
7857.421875	-100.605064
7858.398438	-100.605782
7859.375000	-100.604134
7860.351562	-100.604897
7861.328125	-100.605408
7862.304688	-100.605408
7863.281250	-100.605217
7864.257812	-100.605865
7865.234375	-100.607925
7866.210938	-100.607239
7867.187500	-100.607841
7868.164062	-100.608963
7869.140625	-100.608566
7870.117188	-100.608963
7871.093750	-100.610153
7872.070312	-100.610420
7873.046875	-100.610031
7874.023438	-100.611259
7875.000000	-100.611809
7875.976562	-100.611702
7876.953125	-100.612076
7877.929688	-100.612183
7878.906250	-100.613274
7879.882812	-100.612938
7880.859375	-100.613106
7881.835938	-100.613716
7882.812500	-100.613266
7883.789062	-100.613831
7884.765625	-100.615219
7885.742188	-100.615288
7886.718750	-100.615723
7887.695312	-100.615791
7888.671875	-100.616158
7889.648438	-100.616203
7890.625000	-100.616997
7891.601562	-100.616776
7892.578125	-100.617088
7893.554688	-100.617638
7894.531250	-100.618019
7895.507812	-100.618439
7896.484375	-100.618423
7897.460938	-100.619019
7898.437500	-100.619095
7899.414062	-100.619324
7900.390625	-100.619675
7901.367188	-100.619904
7902.343750	-100.620255
7903.320312	-100.620651
7904.296875	-100.620880
7905.273438	-100.621101
7906.250000	-100.621162
7907.226562	-100.621674
7908.203125	-100.621826
7909.179688	-100.622192
7910.156250	-100.622452
7911.132812	-100.622566
7912.109375	-100.622948
7913.085938	-100.623131
7914.062500	-100.623428
7915.039062	-100.623619
7916.015625	-100.623894
7916.992188	-100.624138
7917.968750	-100.624466
7918.945312	-100.624680
7919.921875	-100.624962
7920.898438	-100.625114
7921.875000	-100.625313
7922.851562	-100.625519
7923.828125	-100.625732
7924.804688	-100.625938
7925.781250	-100.626183
7926.757812	-100.626404
7927.734375	-100.626587
7928.710938	-100.626808
7929.687500	-100.627014
7930.664062	-100.627228
7931.640625	-100.627426
7932.617188	-100.627563
7933.593750	-100.627808
7934.570312	-100.627983
7935.546875	-100.628120
7936.523438	-100.628334
7937.500000	-100.628517
7938.476562	-100.628670
7939.453125	-100.628868
7940.429688	-100.629021
7941.406250	-100.629227
7942.382812	-100.629379
7943.359375	-100.629524
7944.335938	-100.629692
7945.312500	-100.629837
7946.289062	-100.629990
7947.265625	-100.630165
7948.242188	-100.630295
7949.218750	-100.630447
7950.195312	-100.630600
7951.171875	-100.630730
7952.148438	-100.630882
7953.125000	-100.631027
7954.101562	-100.631134
7955.078125	-100.631271
7956.054688	-100.631409
7957.031250	-100.631531
7958.007812	-100.631645
7958.984375	-100.631775
7959.960938	-100.631889
7960.937500	-100.632004
7961.914062	-100.632111
7962.890625	-100.632195
7963.867188	-100.632309
7964.843750	-100.632423
7965.820312	-100.632523
7966.796875	-100.632629
7967.773438	-100.632690
7968.750000	-100.632805
7969.726562	-100.632881
7970.703125	-100.632950
7971.679688	-100.633049
7972.656250	-100.633148
7973.632812	-100.633171
7974.609375	-100.633270
7975.585938	-100.633331
7976.562500	-100.633446
7977.539062	-100.633484
7978.515625	-100.633537
7979.492188	-100.633591
7980.468750	-100.633698
7981.445312	-100.633728
7982.421875	-100.633766
7983.398438	-100.633820
7984.375000	-100.633888
7985.351562	-100.633888
7986.328125	-100.633957
7987.304688	-100.633965
7988.281250	-100.634026
7989.257812	-100.634071
7990.234375	-100.634087
7991.210938	-100.634125
7992.187500	-100.634132
7993.164062	-100.634132
7994.140625	-100.634132
7995.117188	-100.634193
7996.093750	-100.634186
7997.070312	-100.634193
7998.046875	-100.634224
7999.023438	-100.634254
